/*
SQLyog Ultimate v8.82 
MySQL - 5.5.24-log : Database - familypos
*********************************************************************
*/

/*!40101 SET NAMES utf8 */;

/*!40101 SET SQL_MODE=''*/;

/*!40014 SET @OLD_UNIQUE_CHECKS=@@UNIQUE_CHECKS, UNIQUE_CHECKS=0 */;
/*!40014 SET @OLD_FOREIGN_KEY_CHECKS=@@FOREIGN_KEY_CHECKS, FOREIGN_KEY_CHECKS=0 */;
/*!40101 SET @OLD_SQL_MODE=@@SQL_MODE, SQL_MODE='NO_AUTO_VALUE_ON_ZERO' */;
/*!40111 SET @OLD_SQL_NOTES=@@SQL_NOTES, SQL_NOTES=0 */;
CREATE DATABASE /*!32312 IF NOT EXISTS*/`familypos` /*!40100 DEFAULT CHARACTER SET utf8 */;

USE `familypos`;

/*Table structure for table `account` */

DROP TABLE IF EXISTS `account`;

CREATE TABLE `account` (
  `id` int(11) NOT NULL AUTO_INCREMENT,
  `client_id` int(11) NOT NULL,
  `name` varchar(30) DEFAULT NULL,
  `balance` decimal(15,4) DEFAULT '0.0000',
  `date_created` datetime DEFAULT NULL,
  `note` text,
  PRIMARY KEY (`id`),
  KEY `FK_account_client_id` (`client_id`),
  CONSTRAINT `FK_account_client_id` FOREIGN KEY (`client_id`) REFERENCES `client` (`id`) ON DELETE CASCADE
) ENGINE=InnoDB AUTO_INCREMENT=4 DEFAULT CHARSET=utf8;

/*Data for the table `account` */

LOCK TABLES `account` WRITE;

insert  into `account`(`id`,`client_id`,`name`,`balance`,`date_created`,`note`) values (2,40,'lux','0.0000','2014-01-04 00:38:11',NULL),(3,41,'bros','0.0000','2014-01-11 11:09:00',NULL);

UNLOCK TABLES;

/*Table structure for table `app_config` */

DROP TABLE IF EXISTS `app_config`;

CREATE TABLE `app_config` (
  `key` varchar(255) NOT NULL,
  `value` varchar(255) NOT NULL,
  PRIMARY KEY (`key`)
) ENGINE=InnoDB DEFAULT CHARSET=utf8;

/*Data for the table `app_config` */

LOCK TABLES `app_config` WRITE;

UNLOCK TABLES;

/*Table structure for table `authassignment` */

DROP TABLE IF EXISTS `authassignment`;

CREATE TABLE `authassignment` (
  `itemname` varchar(64) NOT NULL,
  `userid` varchar(64) NOT NULL,
  `bizrule` text,
  `data` text,
  PRIMARY KEY (`itemname`,`userid`),
  CONSTRAINT `authassignment_ibfk_1` FOREIGN KEY (`itemname`) REFERENCES `authitem` (`name`) ON DELETE CASCADE ON UPDATE CASCADE
) ENGINE=InnoDB DEFAULT CHARSET=latin1;

/*Data for the table `authassignment` */

LOCK TABLES `authassignment` WRITE;

insert  into `authassignment`(`itemname`,`userid`,`bizrule`,`data`) values ('client.create','16',NULL,NULL),('client.create','17',NULL,NULL),('client.create','18',NULL,NULL),('client.create','3',NULL,NULL),('client.create','4',NULL,NULL),('client.delete','16',NULL,NULL),('client.delete','17',NULL,NULL),('client.delete','18',NULL,NULL),('client.delete','3',NULL,NULL),('client.delete','4',NULL,NULL),('client.index','16',NULL,NULL),('client.index','17',NULL,NULL),('client.index','18',NULL,NULL),('client.index','3',NULL,NULL),('client.index','4',NULL,NULL),('client.update','16',NULL,NULL),('client.update','17',NULL,NULL),('client.update','18',NULL,NULL),('client.update','3',NULL,NULL),('client.update','4',NULL,NULL),('employee.create','15',NULL,NULL),('employee.create','16',NULL,NULL),('employee.create','3',NULL,NULL),('employee.create','4',NULL,NULL),('employee.delete','15',NULL,NULL),('employee.delete','16',NULL,NULL),('employee.delete','3',NULL,NULL),('employee.delete','4',NULL,NULL),('employee.index','15',NULL,NULL),('employee.index','16',NULL,NULL),('employee.index','3',NULL,NULL),('employee.index','4',NULL,NULL),('employee.update','15',NULL,NULL),('employee.update','16',NULL,NULL),('employee.update','3',NULL,NULL),('employee.update','4',NULL,NULL),('item.create','14',NULL,NULL),('item.create','15',NULL,NULL),('item.create','16',NULL,NULL),('item.create','18',NULL,NULL),('item.create','3',NULL,NULL),('item.create','4',NULL,NULL),('item.delete','14',NULL,NULL),('item.delete','15',NULL,NULL),('item.delete','16',NULL,NULL),('item.delete','18',NULL,NULL),('item.delete','3',NULL,NULL),('item.delete','4',NULL,NULL),('item.index','14',NULL,NULL),('item.index','15',NULL,NULL),('item.index','16',NULL,NULL),('item.index','18',NULL,NULL),('item.index','3',NULL,NULL),('item.index','4',NULL,NULL),('item.update','15',NULL,NULL),('item.update','16',NULL,NULL),('item.update','18',NULL,NULL),('item.update','3',NULL,NULL),('item.update','4',NULL,NULL),('receiving.edit','3',NULL,NULL),('report.index','3',NULL,NULL),('sale.discount','15',NULL,NULL),('sale.discount','16',NULL,NULL),('sale.discount','17',NULL,NULL),('sale.discount','18',NULL,NULL),('sale.discount','3',NULL,NULL),('sale.discount','4',NULL,NULL),('sale.discount','5',NULL,NULL),('sale.edit','15',NULL,NULL),('sale.edit','16',NULL,NULL),('sale.edit','17',NULL,NULL),('sale.edit','18',NULL,NULL),('sale.edit','3',NULL,NULL),('sale.edit','4',NULL,NULL),('sale.edit','5',NULL,NULL),('sale.editprice','15',NULL,NULL),('sale.editprice','16',NULL,NULL),('sale.editprice','17',NULL,NULL),('sale.editprice','18',NULL,NULL),('sale.editprice','3',NULL,NULL),('sale.editprice','4',NULL,NULL),('store.update','16',NULL,NULL),('store.update','3',NULL,NULL),('store.update','4',NULL,NULL),('supplier.create','16',NULL,NULL),('supplier.create','3',NULL,NULL),('supplier.create','4',NULL,NULL),('supplier.delete','16',NULL,NULL),('supplier.delete','3',NULL,NULL),('supplier.delete','4',NULL,NULL),('supplier.index','16',NULL,NULL),('supplier.index','3',NULL,NULL),('supplier.index','4',NULL,NULL),('supplier.update','16',NULL,NULL),('supplier.update','3',NULL,NULL),('supplier.update','4',NULL,NULL);

UNLOCK TABLES;

/*Table structure for table `authitem` */

DROP TABLE IF EXISTS `authitem`;

CREATE TABLE `authitem` (
  `name` varchar(64) NOT NULL,
  `type` int(11) NOT NULL,
  `description` text,
  `bizrule` text,
  `data` text,
  PRIMARY KEY (`name`)
) ENGINE=InnoDB DEFAULT CHARSET=latin1;

/*Data for the table `authitem` */

LOCK TABLES `authitem` WRITE;

insert  into `authitem`(`name`,`type`,`description`,`bizrule`,`data`) values ('client.create',0,'Create Client',NULL,'N;'),('client.delete',0,'Delete Client',NULL,'N;'),('client.index',0,'List Client',NULL,'N;'),('client.update',0,'Update Client',NULL,'N;'),('employee.create',0,'Create Employee',NULL,NULL),('employee.delete',0,'Delete Employee',NULL,NULL),('employee.index',0,'List Employee',NULL,NULL),('employee.update',0,'Update Employee',NULL,NULL),('item.create',0,'Create Item',NULL,NULL),('item.delete',0,'Delete Item',NULL,NULL),('item.index',0,'List Item',NULL,NULL),('item.update',0,'Update Item',NULL,NULL),('itemAdmin',1,'Administer Item',NULL,'N;'),('receiving.edit',0,'Process Purchase orders',NULL,'N;'),('report.index',0,'View and generate reports',NULL,'N;'),('sale.discount',0,'Sale Give Discount',NULL,'N;'),('sale.edit',0,'Edit Sale',NULL,'N;'),('sale.editprice',0,'Edit Sale Price',NULL,'N;'),('store.update',0,'Change the store\'s configuration',NULL,'N;'),('supplier.create',0,'Create Supplier',NULL,NULL),('supplier.delete',0,'Delete Supplier',NULL,NULL),('supplier.index',0,'List Supplier',NULL,NULL),('supplier.update',0,'Update Supplier',NULL,NULL);

UNLOCK TABLES;

/*Table structure for table `authitemchild` */

DROP TABLE IF EXISTS `authitemchild`;

CREATE TABLE `authitemchild` (
  `parent` varchar(64) NOT NULL,
  `child` varchar(64) NOT NULL,
  PRIMARY KEY (`parent`,`child`),
  KEY `child` (`child`),
  CONSTRAINT `authitemchild_ibfk_1` FOREIGN KEY (`parent`) REFERENCES `authitem` (`name`) ON DELETE CASCADE ON UPDATE CASCADE,
  CONSTRAINT `authitemchild_ibfk_2` FOREIGN KEY (`child`) REFERENCES `authitem` (`name`) ON DELETE CASCADE ON UPDATE CASCADE
) ENGINE=InnoDB DEFAULT CHARSET=latin1;

/*Data for the table `authitemchild` */

LOCK TABLES `authitemchild` WRITE;

UNLOCK TABLES;

/*Table structure for table `category` */

DROP TABLE IF EXISTS `category`;

CREATE TABLE `category` (
  `id` int(11) NOT NULL AUTO_INCREMENT,
  `name` varchar(50) NOT NULL,
  `created_date` datetime DEFAULT NULL,
  `modified_date` datetime DEFAULT NULL,
  PRIMARY KEY (`id`)
) ENGINE=InnoDB AUTO_INCREMENT=36 DEFAULT CHARSET=utf8;

/*Data for the table `category` */

LOCK TABLES `category` WRITE;

insert  into `category`(`id`,`name`,`created_date`,`modified_date`) values (2,' Cosmétic Lotion','2013-11-04 07:35:49','2013-11-04 07:35:49'),(3,'Cosmestic','2013-11-02 00:00:00',NULL),(5,'Medicine - Pill','2013-11-02 00:00:00',NULL),(6,'Medicine Sachet','2013-11-04 00:00:00',NULL),(7,'Medicine Syrup','2013-11-04 00:00:00',NULL),(8,'Medicine Com. Effervescent ','2013-11-14 17:42:23','2013-11-14 17:42:23'),(10,'Medicine Crème','2013-11-04 00:00:00',NULL),(11,'Cosmestic Perfum','2013-11-04 00:00:00',NULL),(12,'Other','2013-11-04 00:00:00',NULL),(13,'Medicine (Inj)','2013-11-05 00:00:00',NULL),(14,'Medicine (Pastille)','2013-11-05 00:00:00',NULL),(15,'Medicine (Sérum)','2013-11-05 00:00:00',NULL),(16,'Medicine Suppositoire','2013-11-08 00:00:00',NULL),(17,'Medicine collyre','2013-11-09 00:00:00',NULL),(18,'Medicine spray','2013-11-10 00:00:00',NULL),(19,'Medicine poudre','2013-11-10 00:00:00',NULL),(20,'Cotton','2013-11-12 00:00:00',NULL),(21,'Gloves','2013-11-12 00:00:00',NULL),(22,'Needle. Cathétère','2013-11-12 00:00:00',NULL),(23,'Condom','2013-11-12 00:00:00',NULL),(24,'Bande( Plaster)','2013-11-12 17:09:46','2013-11-12 17:09:46'),(25,'Medicine (Inhaler)','2013-11-12 00:00:00',NULL),(26,'pregnancy test','2013-11-12 00:00:00',NULL),(27,'Feminine hygiene','2013-11-13 00:00:00',NULL),(28,'Medicine lotion','2013-11-13 00:00:00',NULL),(29,'Medicine Buvable','2013-11-14 00:00:00',NULL),(30,'Mouthwash antiseptic','2013-11-14 00:00:00',NULL),(31,'Balm','2013-11-15 00:00:00',NULL),(32,'Medical Oil','2013-11-15 00:00:00',NULL),(33,'USA PERFUM','2013-11-16 00:00:00',NULL),(34,'USA PERFUM','2013-11-16 00:00:00',NULL),(35,'NIPRO Needle','2013-11-26 00:00:00',NULL);

UNLOCK TABLES;

/*Table structure for table `client` */

DROP TABLE IF EXISTS `client`;

CREATE TABLE `client` (
  `id` int(11) NOT NULL AUTO_INCREMENT,
  `first_name` varchar(100) NOT NULL,
  `last_name` varchar(100) DEFAULT NULL,
  `mobile_no` varchar(15) DEFAULT NULL,
  `address1` varchar(60) DEFAULT NULL,
  `address2` varchar(60) DEFAULT NULL,
  `city_id` int(11) DEFAULT NULL,
  `country_code` varchar(2) DEFAULT NULL,
  `email` varchar(30) DEFAULT NULL,
  `notes` text,
  PRIMARY KEY (`id`)
) ENGINE=InnoDB AUTO_INCREMENT=42 DEFAULT CHARSET=utf8;

/*Data for the table `client` */

LOCK TABLES `client` WRITE;

insert  into `client`(`id`,`first_name`,`last_name`,`mobile_no`,`address1`,`address2`,`city_id`,`country_code`,`email`,`notes`) values (40,'Jhone','Doe','012999068','','',NULL,NULL,NULL,''),(41,'bros','dynammic','012777007','','',NULL,NULL,NULL,'');

UNLOCK TABLES;

/*Table structure for table `currency_type` */

DROP TABLE IF EXISTS `currency_type`;

CREATE TABLE `currency_type` (
  `code` int(11) NOT NULL DEFAULT '0',
  `currency_id` char(3) NOT NULL DEFAULT '',
  `currency_name` varchar(70) NOT NULL DEFAULT '',
  PRIMARY KEY (`currency_id`)
) ENGINE=InnoDB DEFAULT CHARSET=utf8;

/*Data for the table `currency_type` */

LOCK TABLES `currency_type` WRITE;

insert  into `currency_type`(`code`,`currency_id`,`currency_name`) values (76,'KHR','Kampuchea Riel'),(142,'THB','Thai Baht'),(151,'USD','United States Dollar');

UNLOCK TABLES;

/*Table structure for table `debt_collector` */

DROP TABLE IF EXISTS `debt_collector`;

CREATE TABLE `debt_collector` (
  `id` int(11) NOT NULL AUTO_INCREMENT,
  `fullname` varchar(100) NOT NULL,
  `mobile_no` varchar(15) DEFAULT NULL,
  `adddress1` varchar(60) DEFAULT NULL,
  `address2` varchar(60) DEFAULT NULL,
  `city_id` int(11) DEFAULT NULL,
  `country_code` varchar(2) DEFAULT NULL,
  `email` varchar(30) DEFAULT NULL,
  `notes` text,
  PRIMARY KEY (`id`)
) ENGINE=InnoDB DEFAULT CHARSET=utf8;

/*Data for the table `debt_collector` */

LOCK TABLES `debt_collector` WRITE;

UNLOCK TABLES;

/*Table structure for table `debter_client_ref` */

DROP TABLE IF EXISTS `debter_client_ref`;

CREATE TABLE `debter_client_ref` (
  `debter_id` int(11) NOT NULL,
  `client_id` int(11) NOT NULL,
  PRIMARY KEY (`debter_id`,`client_id`),
  KEY `FK_debter_client_ref_client_id` (`client_id`),
  CONSTRAINT `FK_debter_client_ref_client_id` FOREIGN KEY (`client_id`) REFERENCES `client` (`id`) ON DELETE CASCADE,
  CONSTRAINT `FK_debter_client_ref_debter_id` FOREIGN KEY (`debter_id`) REFERENCES `debt_collector` (`id`) ON DELETE CASCADE
) ENGINE=InnoDB DEFAULT CHARSET=utf8;

/*Data for the table `debter_client_ref` */

LOCK TABLES `debter_client_ref` WRITE;

UNLOCK TABLES;

/*Table structure for table `employee` */

DROP TABLE IF EXISTS `employee`;

CREATE TABLE `employee` (
  `id` int(11) NOT NULL AUTO_INCREMENT,
  `first_name` varchar(50) NOT NULL,
  `last_name` varchar(50) NOT NULL,
  `mobile_no` varchar(15) DEFAULT NULL,
  `adddress1` varchar(60) DEFAULT NULL,
  `address2` varchar(60) DEFAULT NULL,
  `city_id` int(11) DEFAULT NULL,
  `country_code` varchar(2) DEFAULT NULL,
  `email` varchar(30) DEFAULT NULL,
  `notes` text,
  PRIMARY KEY (`id`)
) ENGINE=InnoDB AUTO_INCREMENT=41 DEFAULT CHARSET=utf8;

/*Data for the table `employee` */

LOCK TABLES `employee` WRITE;

insert  into `employee`(`id`,`first_name`,`last_name`,`mobile_no`,`adddress1`,`address2`,`city_id`,`country_code`,`email`,`notes`) values (37,'Owner','System',NULL,NULL,NULL,NULL,NULL,NULL,NULL),(38,'super','pos','012878877',NULL,NULL,NULL,NULL,NULL,NULL),(40,'Rathana','Phan','070400009',NULL,NULL,NULL,NULL,NULL,NULL);

UNLOCK TABLES;

/*Table structure for table `exchange_rate` */

DROP TABLE IF EXISTS `exchange_rate`;

CREATE TABLE `exchange_rate` (
  `base_currency` varchar(3) NOT NULL,
  `to_currency` varchar(3) NOT NULL,
  `base_cur_val` double(15,2) NOT NULL,
  `to_cur_val` double(15,2) NOT NULL,
  PRIMARY KEY (`base_currency`,`to_currency`)
) ENGINE=InnoDB DEFAULT CHARSET=utf8;

/*Data for the table `exchange_rate` */

LOCK TABLES `exchange_rate` WRITE;

UNLOCK TABLES;

/*Table structure for table `inventory` */

DROP TABLE IF EXISTS `inventory`;

CREATE TABLE `inventory` (
  `trans_id` int(11) NOT NULL AUTO_INCREMENT,
  `trans_items` int(11) NOT NULL DEFAULT '0',
  `trans_user` int(11) NOT NULL,
  `trans_date` timestamp NOT NULL DEFAULT CURRENT_TIMESTAMP,
  `trans_comment` text NOT NULL,
  `trans_inventory` double(15,2) NOT NULL DEFAULT '0.00',
  PRIMARY KEY (`trans_id`),
  KEY `FK_inventory_item_id` (`trans_items`),
  CONSTRAINT `FK_inventory_item_id` FOREIGN KEY (`trans_items`) REFERENCES `item` (`id`) ON DELETE CASCADE
) ENGINE=InnoDB AUTO_INCREMENT=3207 DEFAULT CHARSET=utf8;

/*Data for the table `inventory` */

LOCK TABLES `inventory` WRITE;

insert  into `inventory`(`trans_id`,`trans_items`,`trans_user`,`trans_date`,`trans_comment`,`trans_inventory`) values (1,90,2,'2013-11-04 09:58:18','Manual Edit of Quantity',0.00),(2,90,2,'2013-11-04 09:58:55','Manual Edit of Quantity',0.00),(3,89,2,'2013-11-04 10:01:02','Manual Edit of Quantity',0.00),(4,90,2,'2013-11-04 10:01:22','Manual Edit of Quantity',0.00),(5,90,37,'2013-11-04 10:02:51','POS 38',-10.00),(6,89,37,'2013-11-04 10:02:51','POS 38',-6.00),(7,90,2,'2013-11-04 10:12:44','Manual Edit of Quantity',-10.00),(8,89,2,'2013-11-04 10:13:14','Manual Edit of Quantity',-6.00),(9,90,2,'2013-11-04 10:13:39','Manual Edit of Quantity',-10.00),(10,89,2,'2013-11-04 10:15:02','Manual Edit of Quantity',-6.00),(11,89,37,'2013-11-04 10:16:11','POS 39',-12.00),(12,90,37,'2013-11-04 10:16:11','POS 39',-10.00),(13,94,2,'2013-11-04 10:44:37','Manual Edit of Quantity',0.00),(14,92,2,'2013-11-04 10:49:21','Manual Edit of Quantity',0.00),(15,98,2,'2013-11-04 14:26:29','Manual Edit of Quantity',0.00),(16,100,2,'2013-11-04 14:37:58','Manual Edit of Quantity',0.00),(17,112,2,'2013-11-04 15:49:51','Manual Edit of Quantity',0.00),(18,117,2,'2013-11-04 16:22:32','Manual Edit of Quantity',0.00),(19,121,2,'2013-11-04 18:57:08','Manual Edit of Quantity',0.00),(24,128,2,'2013-11-04 19:26:49','Manual Edit of Quantity',0.00),(25,133,2,'2013-11-05 08:00:02','Manual Edit of Quantity',0.00),(26,133,2,'2013-11-05 08:02:58','Manual Edit of Quantity',0.00),(27,137,2,'2013-11-05 09:25:09','Manual Edit of Quantity',0.00),(28,137,2,'2013-11-05 09:25:59','Manual Edit of Quantity',0.00),(29,137,2,'2013-11-05 09:37:54','Manual Edit of Quantity',0.00),(30,158,2,'2013-11-05 10:02:32','Manual Edit of Quantity',0.00),(31,162,2,'2013-11-05 10:17:43','Manual Edit of Quantity',0.00),(32,162,37,'2013-11-05 10:18:29','POS 40',-10.00),(33,162,2,'2013-11-05 10:19:59','Manual Edit of Quantity',-10.00),(34,159,2,'2013-11-05 10:20:47','Manual Edit of Quantity',0.00),(35,161,37,'2013-11-05 10:23:05','POS 41',-10.00),(47,99,37,'2013-11-08 15:43:44','Physical Count 56',100.00),(48,99,37,'2013-11-08 15:45:33','Physical Count 57',-99.00),(49,209,37,'2013-11-08 15:52:12','Physical Count 58',100.00),(50,209,37,'2013-11-08 15:53:06','POS 45',-6.00),(51,210,37,'2013-11-08 15:54:45','Physical Count 59',100.00),(52,210,37,'2013-11-08 15:55:30','POS 46',-9.00),(53,210,37,'2013-11-08 15:58:33','POS 47',-9.00),(54,210,37,'2013-11-08 16:01:00','POS 48',-9.00),(55,209,37,'2013-11-08 16:01:00','POS 48',-5.00),(56,210,37,'2013-11-08 16:04:49','POS 49',-2.00),(57,209,37,'2013-11-08 16:04:49','POS 49',-5.00),(58,209,37,'2013-11-08 16:06:11','POS 50',-2.00),(59,210,37,'2013-11-08 16:06:11','POS 50',-1.00),(60,209,37,'2013-11-08 16:07:07','POS 51',-1.00),(61,209,37,'2013-11-08 16:12:55','Adjustment In 60',50.00),(62,210,37,'2013-11-08 16:12:55','Adjustment In 60',50.00),(63,106,37,'2013-11-08 16:33:35','Manual Edit of Quantity',0.00),(64,105,37,'2013-11-08 16:35:08','Manual Edit of Quantity',0.00),(65,219,37,'2013-11-08 17:22:36','Manual Edit of Quantity',0.00),(66,233,37,'2013-11-08 19:04:54','Manual Edit of Quantity',0.00),(67,243,37,'2013-11-08 19:37:51','Manual Edit of Quantity',0.00),(68,279,37,'2013-11-09 08:36:16','Manual Edit of Quantity',0.00),(69,228,37,'2013-11-09 08:47:09','Manual Edit of Quantity',0.00),(70,228,37,'2013-11-09 08:49:06','Manual Edit of Quantity',0.00),(71,304,37,'2013-11-09 09:34:51','Manual Edit of Quantity',0.00),(72,353,37,'2013-11-09 12:02:51','Manual Edit of Quantity',0.00),(73,355,37,'2013-11-09 12:10:14','Manual Edit of Quantity',0.00),(74,379,37,'2013-11-09 15:45:01','Manual Edit of Quantity',0.00),(75,249,37,'2013-11-10 07:23:28','Manual Edit of Quantity',0.00),(76,313,37,'2013-11-10 08:28:06','Manual Edit of Quantity',0.00),(77,559,37,'2013-11-10 15:51:20','POS 52',-10.00),(78,573,37,'2013-11-10 16:19:17','Manual Edit of Quantity',0.00),(79,584,37,'2013-11-11 08:05:54','Manual Edit of Quantity',0.00),(86,209,37,'2013-11-11 09:07:36','POS 53',-6.00),(87,210,37,'2013-11-11 09:08:53','POS 54',-6.00),(88,210,37,'2013-11-11 09:18:06','POS 55',-6.00),(89,209,37,'2013-11-11 09:23:55','POS 56',-7.00),(90,210,37,'2013-11-11 09:24:32','POS 57',-6.00),(91,99,37,'2013-11-11 09:26:19','POS 58',-1.00),(92,209,37,'2013-11-11 09:28:40','POS 59',-6.00),(93,209,37,'2013-11-11 09:33:41','POS 60',-6.00),(94,210,37,'2013-11-11 09:34:09','POS 61',-6.00),(96,99,37,'2013-11-11 09:59:54','Manual Edit of Quantity',0.00),(97,99,37,'2013-11-11 10:03:56','Manual Edit of Quantity',0.00),(98,99,37,'2013-11-11 10:04:12','Receive from Supplier 61',100.00),(99,90,37,'2013-11-11 10:04:12','Receive from Supplier 61',50.00),(100,209,37,'2013-11-11 10:24:24','POS 62',-6.00),(101,99,37,'2013-11-11 10:52:27','Adjustment Out 62',-100.00),(103,116,37,'2013-11-11 10:55:40','Manual Edit of Quantity',0.00),(104,623,37,'2013-11-11 11:59:40','Manual Edit of Quantity',0.00),(105,627,37,'2013-11-11 12:10:17','Manual Edit of Quantity',0.00),(106,657,37,'2013-11-11 16:56:59','Manual Edit of Quantity',0.00),(107,672,37,'2013-11-12 07:22:40','Manual Edit of Quantity',0.00),(108,674,37,'2013-11-12 07:23:25','Manual Edit of Quantity',0.00),(109,671,37,'2013-11-12 07:24:16','Manual Edit of Quantity',0.00),(110,326,37,'2013-11-12 10:19:49','Manual Edit of Quantity',0.00),(111,495,37,'2013-11-12 10:24:53','Manual Edit of Quantity',0.00),(112,694,37,'2013-11-12 10:42:34','Manual Edit of Quantity',0.00),(113,135,37,'2013-11-12 11:28:44','Manual Edit of Quantity',0.00),(114,722,37,'2013-11-12 14:00:16','Manual Edit of Quantity',0.00),(115,722,37,'2013-11-12 14:02:31','Manual Edit of Quantity',0.00),(116,740,37,'2013-11-12 15:28:35','Manual Edit of Quantity',0.00),(117,857,37,'2013-11-13 16:05:18','Manual Edit of Quantity',0.00),(118,865,37,'2013-11-13 16:53:20','Manual Edit of Quantity',0.00),(119,883,37,'2013-11-13 18:16:42','Manual Edit of Quantity',0.00),(120,911,37,'2013-11-14 09:15:19','Manual Edit of Quantity',0.00),(121,917,37,'2013-11-14 09:31:31','Manual Edit of Quantity',0.00),(122,932,37,'2013-11-14 09:51:24','Manual Edit of Quantity',0.00),(123,955,37,'2013-11-14 15:18:01','Manual Edit of Quantity',0.00),(124,957,37,'2013-11-14 15:48:53','Manual Edit of Quantity',0.00),(125,1013,37,'2013-11-15 11:04:27','Manual Edit of Quantity',0.00),(126,1031,37,'2013-11-15 15:31:34','Manual Edit of Quantity',0.00),(127,1038,37,'2013-11-15 15:59:29','Manual Edit of Quantity',0.00),(128,1049,37,'2013-11-15 16:37:58','Manual Edit of Quantity',0.00),(129,1075,37,'2013-11-16 07:55:42','Manual Edit of Quantity',0.00),(130,1082,37,'2013-11-16 08:36:41','Manual Edit of Quantity',0.00),(131,1081,37,'2013-11-16 08:37:21','Manual Edit of Quantity',0.00),(132,1080,37,'2013-11-16 08:37:52','Manual Edit of Quantity',0.00),(133,1079,37,'2013-11-16 08:39:32','Manual Edit of Quantity',0.00),(134,1085,37,'2013-11-16 08:41:41','Manual Edit of Quantity',0.00),(135,1084,37,'2013-11-16 08:42:22','Manual Edit of Quantity',0.00),(136,1083,37,'2013-11-16 08:43:19','Manual Edit of Quantity',0.00),(137,1161,37,'2013-11-16 16:35:27','Manual Edit of Quantity',0.00),(138,1173,37,'2013-11-16 18:01:21','Manual Edit of Quantity',0.00),(139,1209,37,'2013-11-17 08:48:08','Manual Edit of Quantity',0.00),(140,1253,37,'2013-11-17 16:31:34','Manual Edit of Quantity',0.00),(141,1254,37,'2013-11-17 16:32:19','Manual Edit of Quantity',0.00),(142,647,37,'2013-11-19 15:36:33','POS 63',-2.00),(143,647,37,'2013-11-19 15:37:45','POS 64',-15.00),(144,647,37,'2013-11-19 15:39:29','POS 65',-15.00),(145,647,37,'2013-11-19 15:40:20','POS 66',-15.00),(146,668,37,'2013-11-19 15:41:39','POS 67',-2.00),(147,668,37,'2013-11-19 15:43:47','POS 68',-3.00),(148,668,37,'2013-11-19 15:45:56','POS 69',-3.00),(149,668,37,'2013-11-19 15:49:19','POS 70',-3.00),(150,587,37,'2013-11-19 15:51:27','POS 71',-1.00),(151,668,37,'2013-11-19 15:51:27','POS 71',-1.00),(152,668,37,'2013-11-19 15:53:46','POS 72',-3.00),(153,588,37,'2013-11-19 15:53:46','POS 72',-2.00),(154,668,37,'2013-11-19 15:56:25','POS 73',-1.00),(155,668,37,'2013-11-19 15:59:29','POS 74',-1.00),(156,668,37,'2013-11-19 16:01:18','POS 75',-1.00),(157,668,37,'2013-11-19 16:03:31','POS 76',-1.00),(158,668,37,'2013-11-19 16:05:27','POS 77',-3.00),(159,668,37,'2013-11-19 16:07:32','POS 78',-3.00),(160,180,37,'2013-11-20 08:18:29','POS 79',-10.00),(161,229,37,'2013-11-20 08:18:35','POS 79',-100.00),(162,785,37,'2013-11-20 08:20:09','POS 80',-100.00),(163,422,37,'2013-11-20 08:22:05','POS 81',-10.00),(164,643,37,'2013-11-20 08:24:11','POS 82',-20.00),(165,668,37,'2013-11-20 08:50:12','POS 83',-2.00),(166,590,37,'2013-11-20 08:50:12','POS 83',-2.00),(167,912,37,'2013-11-20 09:12:18','Manual Edit of Quantity',0.00),(168,914,37,'2013-11-20 09:16:35','Manual Edit of Quantity',0.00),(169,911,37,'2013-11-20 09:21:19','Manual Edit of Quantity',0.00),(170,896,37,'2013-11-20 17:13:32','Manual Edit of Quantity',0.00),(171,1193,37,'2013-11-22 07:39:54','Physical Count 63',2.00),(172,1190,37,'2013-11-22 07:40:00','Physical Count 63',1.00),(173,162,37,'2013-11-22 07:51:42','Adjustment In 64',10.00),(174,161,37,'2013-11-22 07:52:48','Receive from Supplier 65',10.00),(175,90,37,'2013-11-22 07:54:46','Adjustment Out 66',-30.00),(176,89,37,'2013-11-22 08:41:53','Adjustment In 67',18.00),(177,180,37,'2013-11-22 08:41:53','Adjustment In 67',10.00),(178,229,37,'2013-11-22 08:41:53','Adjustment In 67',100.00),(179,422,37,'2013-11-22 08:41:54','Adjustment In 67',10.00),(180,785,37,'2013-11-22 08:41:54','Adjustment In 67',100.00),(181,559,37,'2013-11-22 08:41:54','Adjustment In 67',10.00),(182,643,37,'2013-11-22 08:41:54','Adjustment In 67',20.00),(183,647,37,'2013-11-22 08:41:54','Adjustment In 67',47.00),(184,668,37,'2013-11-22 08:41:54','Adjustment In 67',27.00),(185,588,37,'2013-11-22 08:41:54','Adjustment In 67',2.00),(186,587,37,'2013-11-22 08:48:14','Adjustment Out 68',-1.00),(187,590,37,'2013-11-22 08:48:14','Adjustment Out 68',-2.00),(188,587,37,'2013-11-22 08:51:08','Adjustment In 69',2.00),(189,590,37,'2013-11-22 08:51:08','Adjustment In 69',4.00),(190,209,37,'2013-11-22 08:54:02','Adjustment Out 70',-100.00),(191,210,37,'2013-11-22 08:54:02','Adjustment Out 70',-96.00),(192,1193,37,'2013-11-22 08:54:02','Adjustment Out 70',-2.00),(193,1190,37,'2013-11-22 08:54:02','Adjustment Out 70',-1.00),(194,1193,37,'2013-11-22 09:16:03','Physical Count 71',2.00),(195,1191,37,'2013-11-22 09:16:03','Physical Count 71',2.00),(196,1267,37,'2013-11-22 09:16:03','Physical Count 71',1.00),(197,1266,37,'2013-11-22 09:16:03','Physical Count 71',3.00),(198,1190,37,'2013-11-22 09:16:03','Physical Count 71',1.00),(199,1192,37,'2013-11-22 09:16:03','Physical Count 71',2.00),(200,1194,37,'2013-11-22 15:35:33','Physical Count 72',4.00),(201,1195,37,'2013-11-22 15:35:33','Physical Count 72',2.00),(202,1196,37,'2013-11-22 15:35:33','Physical Count 72',2.00),(203,1281,37,'2013-11-22 15:35:33','Physical Count 72',12.00),(204,1280,37,'2013-11-22 15:35:33','Physical Count 72',9.00),(205,1265,37,'2013-11-22 15:35:33','Physical Count 72',4.00),(206,1264,37,'2013-11-22 15:35:33','Physical Count 72',4.00),(207,1263,37,'2013-11-22 15:35:33','Physical Count 72',5.00),(208,1261,37,'2013-11-22 15:35:33','Physical Count 72',1.00),(209,1262,37,'2013-11-22 15:35:33','Physical Count 72',2.00),(210,1259,37,'2013-11-22 15:35:33','Physical Count 72',19.00),(211,1260,37,'2013-11-22 15:35:33','Physical Count 72',16.00),(212,1258,37,'2013-11-22 15:35:33','Physical Count 72',4.00),(213,1246,37,'2013-11-22 15:35:33','Physical Count 72',2.00),(214,1270,37,'2013-11-22 15:35:33','Physical Count 72',3.00),(215,1269,37,'2013-11-22 15:35:34','Physical Count 72',1.00),(216,1268,37,'2013-11-22 15:35:34','Physical Count 72',1.00),(217,1274,37,'2013-11-22 15:35:34','Physical Count 72',2.00),(218,1282,37,'2013-11-22 15:35:34','Physical Count 72',1.00),(219,1283,37,'2013-11-22 15:35:34','Physical Count 72',1.00),(220,1279,37,'2013-11-22 15:35:34','Physical Count 72',4.00),(221,1277,37,'2013-11-22 15:35:34','Physical Count 72',6.00),(222,1278,37,'2013-11-22 15:35:34','Physical Count 72',5.00),(223,1276,37,'2013-11-22 15:35:34','Physical Count 72',1.00),(224,1275,37,'2013-11-22 15:35:34','Physical Count 72',4.00),(225,1284,37,'2013-11-22 15:35:34','Physical Count 72',1.00),(226,1287,37,'2013-11-22 15:35:34','Physical Count 72',2.00),(227,1288,37,'2013-11-22 15:35:34','Physical Count 72',1.00),(228,1286,37,'2013-11-22 15:35:34','Physical Count 72',1.00),(229,1233,37,'2013-11-22 15:35:34','Physical Count 72',1.00),(230,1289,37,'2013-11-22 15:35:34','Physical Count 72',1.00),(231,1241,37,'2013-11-22 15:35:35','Physical Count 72',2.00),(232,1295,37,'2013-11-22 15:35:35','Physical Count 72',2.00),(233,1298,37,'2013-11-22 15:35:35','Physical Count 72',3.00),(234,1297,37,'2013-11-22 15:35:35','Physical Count 72',2.00),(235,1514,37,'2013-11-22 15:47:07','Physical Count 73',3.00),(236,1296,37,'2013-11-22 15:47:07','Physical Count 73',5.00),(237,1308,37,'2013-11-22 15:47:07','Physical Count 73',2.00),(238,1302,37,'2013-11-22 15:47:07','Physical Count 73',2.00),(239,1301,37,'2013-11-22 15:47:07','Physical Count 73',3.00),(240,1306,37,'2013-11-22 15:47:07','Physical Count 73',2.00),(241,1307,37,'2013-11-22 15:47:07','Physical Count 73',7.00),(242,1305,37,'2013-11-22 15:47:07','Physical Count 73',1.00),(243,1303,37,'2013-11-22 15:47:07','Physical Count 73',2.00),(244,1304,37,'2013-11-22 15:47:07','Physical Count 73',2.00),(245,1299,37,'2013-11-22 15:47:08','Physical Count 73',2.00),(246,1310,37,'2013-11-22 15:47:08','Physical Count 73',3.00),(247,1300,37,'2013-11-22 15:47:08','Physical Count 73',1.00),(248,1309,37,'2013-11-22 15:47:08','Physical Count 73',5.00),(249,1353,37,'2013-11-22 15:47:08','Physical Count 73',4.00),(250,1355,37,'2013-11-22 15:47:08','Physical Count 73',4.00),(251,1351,37,'2013-11-22 15:47:08','Physical Count 73',3.00),(252,1352,37,'2013-11-22 15:47:08','Physical Count 73',2.00),(253,1359,37,'2013-11-22 15:47:08','Physical Count 73',2.00),(254,1360,37,'2013-11-22 15:47:08','Physical Count 73',1.00),(255,1357,37,'2013-11-22 15:47:08','Physical Count 73',16.00),(256,1358,37,'2013-11-22 15:47:08','Physical Count 73',2.00),(257,1401,37,'2013-11-22 15:56:52','Physical Count 74',9.00),(258,1402,37,'2013-11-22 15:56:52','Physical Count 74',9.00),(259,1329,37,'2013-11-22 15:56:52','Physical Count 74',5.00),(260,1311,37,'2013-11-22 15:56:52','Physical Count 74',8.00),(261,1403,37,'2013-11-22 15:56:52','Physical Count 74',19.00),(262,1406,37,'2013-11-22 15:56:52','Physical Count 74',10.00),(263,1392,37,'2013-11-22 15:56:52','Physical Count 74',5.00),(264,1515,37,'2013-11-22 16:01:09','Physical Count 75',11.00),(265,1385,37,'2013-11-22 16:01:09','Physical Count 75',2.00),(266,1364,37,'2013-11-22 16:01:09','Physical Count 75',2.00),(267,1516,37,'2013-11-22 16:07:08','Physical Count 76',5.00),(268,1363,37,'2013-11-22 16:07:08','Physical Count 76',4.00),(269,1362,37,'2013-11-22 16:07:08','Physical Count 76',2.00),(270,1388,37,'2013-11-22 16:07:08','Physical Count 76',2.00),(271,1387,37,'2013-11-22 16:07:08','Physical Count 76',1.00),(272,1400,37,'2013-11-22 16:16:42','Physical Count 77',3.00),(273,1399,37,'2013-11-22 16:16:42','Physical Count 77',5.00),(274,1518,37,'2013-11-22 16:16:42','Physical Count 77',3.00),(275,1373,37,'2013-11-22 16:16:42','Physical Count 77',4.00),(276,1374,37,'2013-11-22 16:16:42','Physical Count 77',3.00),(277,1407,37,'2013-11-22 16:16:43','Physical Count 77',6.00),(278,1366,37,'2013-11-22 16:20:28','Receive from Supplier 78',5.00),(279,1365,37,'2013-11-22 16:20:28','Receive from Supplier 78',6.00),(280,1370,37,'2013-11-22 16:20:28','Receive from Supplier 78',4.00),(281,1371,37,'2013-11-22 16:20:28','Receive from Supplier 78',2.00),(282,1372,37,'2013-11-22 16:20:28','Receive from Supplier 78',8.00),(283,1519,37,'2013-11-22 16:24:30','Physical Count 79',1.00),(284,1368,37,'2013-11-22 16:24:30','Physical Count 79',5.00),(285,1369,37,'2013-11-22 16:24:30','Physical Count 79',5.00),(286,1384,37,'2013-11-22 16:24:30','Physical Count 79',1.00),(287,1383,37,'2013-11-22 16:24:30','Physical Count 79',4.00),(288,1521,37,'2013-11-23 07:35:13','Physical Count 80',1.00),(289,1376,37,'2013-11-23 07:35:13','Physical Count 80',5.00),(290,1377,37,'2013-11-23 07:35:13','Physical Count 80',2.00),(291,1338,37,'2013-11-23 07:35:13','Physical Count 80',2.00),(292,1330,37,'2013-11-23 07:35:13','Physical Count 80',1.00),(293,1522,37,'2013-11-23 07:43:58','Physical Count 81',1.00),(294,1347,37,'2013-11-23 07:43:58','Physical Count 81',1.00),(295,1348,37,'2013-11-23 07:43:58','Physical Count 81',9.00),(296,1342,37,'2013-11-23 07:43:58','Physical Count 81',2.00),(297,1389,37,'2013-11-23 08:06:45','Physical Count 82',1.00),(298,1390,37,'2013-11-23 08:06:45','Physical Count 82',14.00),(299,1350,37,'2013-11-23 08:06:45','Physical Count 82',5.00),(300,1349,37,'2013-11-23 08:06:45','Physical Count 82',1.00),(301,1334,37,'2013-11-23 08:06:46','Physical Count 82',2.00),(302,1331,37,'2013-11-23 08:06:46','Physical Count 82',2.00),(303,1346,37,'2013-11-23 08:06:46','Physical Count 82',2.00),(304,1333,37,'2013-11-23 08:06:46','Physical Count 82',4.00),(305,1332,37,'2013-11-23 08:06:46','Physical Count 82',1.00),(306,1335,37,'2013-11-23 08:06:46','Physical Count 82',1.00),(307,1337,37,'2013-11-23 08:06:46','Physical Count 82',1.00),(308,1336,37,'2013-11-23 08:06:46','Physical Count 82',1.00),(309,1345,37,'2013-11-23 08:12:09','Receive from Supplier 83',2.00),(310,1340,37,'2013-11-23 08:12:09','Receive from Supplier 83',12.00),(311,1343,37,'2013-11-23 08:12:09','Receive from Supplier 83',8.00),(312,1339,37,'2013-11-23 08:12:09','Receive from Supplier 83',12.00),(313,1313,37,'2013-11-23 08:12:09','Receive from Supplier 83',14.00),(314,1319,37,'2013-11-23 08:12:09','Receive from Supplier 83',3.00),(315,1315,37,'2013-11-23 08:12:09','Receive from Supplier 83',1.00),(316,1314,37,'2013-11-23 08:12:09','Receive from Supplier 83',2.00),(317,1318,37,'2013-11-23 08:12:09','Receive from Supplier 83',5.00),(318,1312,37,'2013-11-23 08:12:09','Receive from Supplier 83',2.00),(319,1320,37,'2013-11-23 08:12:10','Receive from Supplier 83',2.00),(320,1321,37,'2013-11-23 08:12:10','Receive from Supplier 83',6.00),(321,1316,37,'2013-11-23 08:12:10','Receive from Supplier 83',1.00),(322,1317,37,'2013-11-23 08:12:10','Receive from Supplier 83',1.00),(323,1344,37,'2013-11-23 08:12:10','Receive from Supplier 83',5.00),(324,1322,37,'2013-11-23 08:13:34','Receive from Supplier 84',14.00),(325,1324,37,'2013-11-23 08:13:34','Receive from Supplier 84',10.00),(326,1467,37,'2013-11-23 08:18:26','Receive from Supplier 85',1.00),(327,1462,37,'2013-11-23 08:18:27','Receive from Supplier 85',1.00),(328,1464,37,'2013-11-23 08:18:27','Receive from Supplier 85',1.00),(329,1476,37,'2013-11-23 08:18:27','Receive from Supplier 85',17.00),(330,1481,37,'2013-11-23 08:18:27','Receive from Supplier 85',6.00),(331,1478,37,'2013-11-23 08:18:27','Receive from Supplier 85',11.00),(332,1460,37,'2013-11-23 08:18:27','Receive from Supplier 85',19.00),(333,1465,37,'2013-11-23 08:18:27','Receive from Supplier 85',2.00),(334,1469,37,'2013-11-23 08:18:27','Receive from Supplier 85',1.00),(335,1468,37,'2013-11-23 08:18:27','Receive from Supplier 85',23.00),(336,1477,37,'2013-11-23 08:21:43','Receive from Supplier 86',5.00),(337,1449,37,'2013-11-23 08:21:43','Receive from Supplier 86',5.00),(338,1457,37,'2013-11-23 08:21:43','Receive from Supplier 86',4.00),(339,1450,37,'2013-11-23 08:21:43','Receive from Supplier 86',2.00),(340,1463,37,'2013-11-23 08:21:43','Receive from Supplier 86',1.00),(341,1479,37,'2013-11-23 08:21:43','Receive from Supplier 86',2.00),(342,1458,37,'2013-11-23 08:21:43','Receive from Supplier 86',8.00),(343,1474,37,'2013-11-23 08:30:11','Physical Count 87',11.00),(344,1475,37,'2013-11-23 08:30:11','Physical Count 87',15.00),(345,1523,37,'2013-11-23 08:44:59','Receive from Supplier 88',18.00),(346,1524,37,'2013-11-23 08:44:59','Receive from Supplier 88',5.00),(347,1525,37,'2013-11-23 08:44:59','Receive from Supplier 88',25.00),(348,1526,37,'2013-11-23 08:44:59','Receive from Supplier 88',1.00),(349,1527,37,'2013-11-23 08:44:59','Receive from Supplier 88',23.00),(350,1528,37,'2013-11-23 08:47:31','Receive from Supplier 89',17.00),(351,1456,37,'2013-11-23 08:47:55','Manual Edit of Quantity',0.00),(352,1456,37,'2013-11-23 08:49:20','Physical Count 90',23.00),(353,1454,37,'2013-11-23 08:49:20','Physical Count 90',12.00),(354,1451,37,'2013-11-23 08:49:20','Physical Count 90',4.00),(355,1452,37,'2013-11-23 08:49:20','Physical Count 90',3.00),(356,1371,37,'2013-11-23 08:50:09','POS 84',-1.00),(357,1473,37,'2013-11-23 08:55:43','Physical Count 91',10.00),(358,1426,37,'2013-11-23 08:55:43','Physical Count 91',1.00),(359,1431,37,'2013-11-23 08:55:43','Physical Count 91',3.00),(360,1427,37,'2013-11-23 08:55:43','Physical Count 91',1.00),(361,1429,37,'2013-11-23 08:58:06','Receive from Supplier 92',1.00),(362,1428,37,'2013-11-23 08:58:06','Receive from Supplier 92',1.00),(363,1415,37,'2013-11-23 08:58:06','Receive from Supplier 92',6.00),(364,1435,37,'2013-11-23 08:58:06','Receive from Supplier 92',4.00),(365,1442,37,'2013-11-23 08:58:06','Receive from Supplier 92',1.00),(366,1440,37,'2013-11-23 08:58:06','Receive from Supplier 92',2.00),(367,1420,37,'2013-11-23 08:58:06','Receive from Supplier 92',2.00),(368,1430,37,'2013-11-23 08:58:07','Receive from Supplier 92',2.00),(369,1432,37,'2013-11-23 09:00:05','Receive from Supplier 93',1.00),(370,1418,37,'2013-11-23 09:00:05','Receive from Supplier 93',12.00),(371,1423,37,'2013-11-23 09:00:05','Receive from Supplier 93',5.00),(372,1421,37,'2013-11-23 09:00:05','Receive from Supplier 93',18.00),(373,1414,37,'2013-11-23 09:00:05','Receive from Supplier 93',5.00),(374,1411,37,'2013-11-23 09:00:05','Receive from Supplier 93',4.00),(375,1416,37,'2013-11-23 09:03:27','Receive from Supplier 94',5.00),(376,1410,37,'2013-11-23 09:03:27','Receive from Supplier 94',9.00),(377,1425,37,'2013-11-23 09:03:27','Receive from Supplier 94',4.00),(378,1417,37,'2013-11-23 09:03:27','Receive from Supplier 94',3.00),(379,1424,37,'2013-11-23 09:03:27','Receive from Supplier 94',6.00),(380,1441,37,'2013-11-23 09:03:27','Receive from Supplier 94',5.00),(381,1436,37,'2013-11-23 09:03:27','Receive from Supplier 94',3.00),(382,1529,37,'2013-11-23 09:06:10','Receive from Supplier 95',1.00),(383,1446,37,'2013-11-23 09:06:10','Receive from Supplier 95',2.00),(384,1448,37,'2013-11-23 09:06:10','Receive from Supplier 95',1.00),(385,1447,37,'2013-11-23 09:06:10','Receive from Supplier 95',1.00),(386,1445,37,'2013-11-23 09:06:10','Receive from Supplier 95',2.00),(387,1443,37,'2013-11-23 09:08:33','Receive from Supplier 96',4.00),(388,1188,37,'2013-11-23 09:08:33','Receive from Supplier 96',10.00),(389,1187,37,'2013-11-23 09:08:33','Receive from Supplier 96',14.00),(390,1189,37,'2013-11-23 09:08:33','Receive from Supplier 96',4.00),(391,1409,37,'2013-11-23 09:08:33','Receive from Supplier 96',15.00),(392,1240,37,'2013-11-23 09:11:56','Receive from Supplier 97',8.00),(393,1246,37,'2013-11-23 09:11:56','Receive from Supplier 97',1.00),(394,1247,37,'2013-11-23 09:11:56','Receive from Supplier 97',1.00),(395,1241,37,'2013-11-23 09:11:56','Receive from Supplier 97',2.00),(396,1243,37,'2013-11-23 09:11:56','Receive from Supplier 97',1.00),(397,1250,37,'2013-11-23 09:15:47','Physical Count 98',1.00),(398,1243,37,'2013-11-23 09:15:47','Physical Count 98',1.00),(399,1247,37,'2013-11-23 09:15:47','Physical Count 98',0.00),(400,1434,37,'2013-11-23 09:22:02','Receive from Supplier 99',1.00),(401,1433,37,'2013-11-23 09:22:02','Receive from Supplier 99',1.00),(402,1249,37,'2013-11-23 09:24:27','Manual Edit of Quantity',0.00),(403,1249,37,'2013-11-23 09:24:57','Physical Count 100',5.00),(404,1223,37,'2013-11-23 09:32:35','Manual Edit of Quantity',0.00),(405,1223,37,'2013-11-23 09:33:12','Physical Count 101',18.00),(406,1231,37,'2013-11-23 09:34:53','Receive from Supplier 102',1.00),(407,1232,37,'2013-11-23 09:34:53','Receive from Supplier 102',1.00),(408,1233,37,'2013-11-23 09:37:00','Manual Edit of Quantity',1.00),(409,1530,37,'2013-11-23 09:40:12','Physical Count 103',1.00),(410,1225,37,'2013-11-23 09:42:57','Receive from Supplier 104',1.00),(411,1229,37,'2013-11-23 09:42:57','Receive from Supplier 104',1.00),(412,1235,37,'2013-11-23 09:42:57','Receive from Supplier 104',2.00),(413,1237,37,'2013-11-23 09:42:57','Receive from Supplier 104',1.00),(414,1238,37,'2013-11-23 09:42:57','Receive from Supplier 104',1.00),(415,1236,37,'2013-11-23 09:42:57','Receive from Supplier 104',1.00),(416,1234,37,'2013-11-23 09:42:57','Receive from Supplier 104',1.00),(417,1245,37,'2013-11-23 09:42:57','Receive from Supplier 104',3.00),(418,1203,37,'2013-11-23 09:46:39','Receive from Supplier 105',2.00),(419,1186,37,'2013-11-23 09:46:39','Receive from Supplier 105',11.00),(420,1244,37,'2013-11-23 09:46:39','Receive from Supplier 105',1.00),(421,1253,37,'2013-11-23 09:48:12','Receive from Supplier 106',6.00),(422,1254,37,'2013-11-23 09:48:12','Receive from Supplier 106',3.00),(423,1255,37,'2013-11-23 09:48:12','Receive from Supplier 106',3.00),(424,1256,37,'2013-11-23 09:48:12','Receive from Supplier 106',4.00),(425,1531,37,'2013-11-23 09:52:23','Physical Count 107',1.00),(426,1224,37,'2013-11-23 09:52:23','Physical Count 107',4.00),(427,1532,37,'2013-11-23 09:56:57','Physical Count 108',1.00),(428,1251,37,'2013-11-23 10:00:29','Receive from Supplier 109',6.00),(429,1252,37,'2013-11-23 10:00:29','Receive from Supplier 109',2.00),(430,1228,37,'2013-11-23 10:00:29','Receive from Supplier 109',3.00),(431,1179,37,'2013-11-23 10:00:29','Receive from Supplier 109',13.00),(432,1173,37,'2013-11-23 10:00:29','Receive from Supplier 109',7.00),(433,1230,37,'2013-11-23 10:00:29','Receive from Supplier 109',6.00),(434,1174,37,'2013-11-23 10:00:30','Receive from Supplier 109',1.00),(435,1175,37,'2013-11-23 10:00:54','Receive from Supplier 110',2.00),(436,1533,37,'2013-11-23 10:03:13','Physical Count 111',2.00),(437,1534,37,'2013-11-23 10:08:51','Physical Count 112',1.00),(438,1172,37,'2013-11-23 10:08:51','Physical Count 112',1.00),(439,1535,37,'2013-11-23 10:08:51','Physical Count 112',6.00),(440,1182,37,'2013-11-23 10:11:37','Physical Count 113',1.00),(441,1177,37,'2013-11-23 10:11:37','Physical Count 113',1.00),(442,1176,37,'2013-11-23 10:11:37','Physical Count 113',5.00),(443,1257,37,'2013-11-23 10:11:37','Physical Count 113',5.00),(444,1180,37,'2013-11-23 10:12:06','Receive from Supplier 114',26.00),(445,1180,37,'2013-11-23 10:12:18','Receive from Supplier 115',1.00),(446,1183,37,'2013-11-23 10:13:55','Physical Count 116',31.00),(447,1184,37,'2013-11-23 10:13:55','Physical Count 116',7.00),(448,1185,37,'2013-11-23 10:14:45','Physical Count 117',9.00),(449,1180,37,'2013-11-23 10:18:57','Physical Count 118',-20.00),(450,1536,37,'2013-11-23 10:26:30','Physical Count 119',7.00),(451,1209,37,'2013-11-23 10:26:30','Physical Count 119',15.00),(452,1210,37,'2013-11-23 10:26:30','Physical Count 119',4.00),(453,1178,37,'2013-11-23 10:26:30','Physical Count 119',31.00),(454,1181,37,'2013-11-23 10:26:30','Physical Count 119',21.00),(455,1218,37,'2013-11-23 10:26:30','Physical Count 119',1.00),(456,1219,37,'2013-11-23 10:26:30','Physical Count 119',1.00),(457,1208,37,'2013-11-23 10:26:30','Physical Count 119',3.00),(458,1221,37,'2013-11-23 10:26:30','Physical Count 119',2.00),(459,1220,37,'2013-11-23 10:26:30','Physical Count 119',1.00),(460,1213,37,'2013-11-23 10:26:30','Physical Count 119',3.00),(461,1520,37,'2013-11-23 10:26:30','Physical Count 119',4.00),(462,1216,37,'2013-11-23 10:26:30','Physical Count 119',1.00),(463,1205,37,'2013-11-23 10:26:31','Physical Count 119',15.00),(464,1204,37,'2013-11-23 10:26:31','Physical Count 119',2.00),(465,1196,37,'2013-11-23 10:26:31','Physical Count 119',0.00),(466,1201,37,'2013-11-23 10:27:48','Physical Count 120',4.00),(467,1211,37,'2013-11-23 10:27:48','Physical Count 120',1.00),(468,1537,37,'2013-11-23 10:32:26','Physical Count 121',1.00),(469,1203,37,'2013-11-23 10:36:28','Physical Count 122',1.00),(470,1206,37,'2013-11-23 10:41:41','Physical Count 123',8.00),(471,1215,37,'2013-11-23 10:41:41','Physical Count 123',15.00),(472,1538,37,'2013-11-23 10:41:41','Physical Count 123',1.00),(473,1128,37,'2013-11-23 10:41:41','Physical Count 123',3.00),(474,1130,37,'2013-11-23 10:41:41','Physical Count 123',1.00),(475,1119,37,'2013-11-23 10:41:41','Physical Count 123',1.00),(476,1127,37,'2013-11-23 10:41:41','Physical Count 123',1.00),(477,1108,37,'2013-11-23 10:41:41','Physical Count 123',2.00),(478,1217,37,'2013-11-23 10:45:30','Physical Count 124',5.00),(479,1214,37,'2013-11-23 10:45:30','Physical Count 124',8.00),(480,1118,37,'2013-11-23 10:45:30','Physical Count 124',1.00),(481,1112,37,'2013-11-23 10:45:30','Physical Count 124',3.00),(482,1114,37,'2013-11-23 10:45:30','Physical Count 124',3.00),(483,1106,37,'2013-11-23 10:45:30','Physical Count 124',1.00),(484,1111,37,'2013-11-23 10:45:30','Physical Count 124',2.00),(485,1110,37,'2013-11-23 10:51:18','Physical Count 125',3.00),(486,1539,37,'2013-11-23 10:51:18','Physical Count 125',4.00),(487,1141,37,'2013-11-23 10:58:27','Physical Count 126',4.00),(488,1157,37,'2013-11-23 10:58:28','Physical Count 126',2.00),(489,1150,37,'2013-11-23 10:58:28','Physical Count 126',3.00),(490,1151,37,'2013-11-23 10:58:28','Physical Count 126',2.00),(491,1149,37,'2013-11-23 10:58:28','Physical Count 126',3.00),(492,1161,37,'2013-11-23 10:58:28','Physical Count 126',21.00),(493,1145,37,'2013-11-23 10:58:28','Physical Count 126',3.00),(494,1142,37,'2013-11-23 10:58:28','Physical Count 126',3.00),(495,1156,37,'2013-11-23 10:58:28','Physical Count 126',3.00),(496,1148,37,'2013-11-23 10:58:28','Physical Count 126',1.00),(497,1159,37,'2013-11-23 10:58:28','Physical Count 126',1.00),(498,1147,37,'2013-11-23 10:58:28','Physical Count 126',1.00),(499,1146,37,'2013-11-23 10:58:28','Physical Count 126',2.00),(500,1158,37,'2013-11-23 10:58:28','Physical Count 126',1.00),(501,1143,37,'2013-11-23 10:58:28','Physical Count 126',1.00),(502,1144,37,'2013-11-23 10:58:28','Physical Count 126',3.00),(503,1160,37,'2013-11-23 10:58:28','Physical Count 126',1.00),(504,1162,37,'2013-11-23 10:58:28','Physical Count 126',1.00),(505,1163,37,'2013-11-23 10:58:28','Physical Count 126',7.00),(506,1170,37,'2013-11-23 11:03:18','Physical Count 127',8.00),(507,1169,37,'2013-11-23 11:03:18','Physical Count 127',1.00),(508,1171,37,'2013-11-23 11:03:19','Physical Count 127',2.00),(509,1167,37,'2013-11-23 11:03:19','Physical Count 127',2.00),(510,1165,37,'2013-11-23 11:03:19','Physical Count 127',2.00),(511,1132,37,'2013-11-23 11:03:19','Physical Count 127',4.00),(512,1139,37,'2013-11-23 11:03:19','Physical Count 127',3.00),(513,1168,37,'2013-11-23 11:03:19','Physical Count 127',2.00),(514,1140,37,'2013-11-23 11:11:27','Physical Count 128',4.00),(515,1131,37,'2013-11-23 11:11:27','Physical Count 128',3.00),(516,1122,37,'2013-11-23 11:11:27','Physical Count 128',2.00),(517,1129,37,'2013-11-23 11:11:27','Physical Count 128',3.00),(518,1109,37,'2013-11-23 11:11:27','Physical Count 128',2.00),(519,1116,37,'2013-11-23 11:11:27','Physical Count 128',3.00),(520,1113,37,'2013-11-23 11:11:27','Physical Count 128',3.00),(521,1115,37,'2013-11-23 11:11:27','Physical Count 128',2.00),(522,1124,37,'2013-11-23 11:11:28','Physical Count 128',1.00),(523,1121,37,'2013-11-23 11:11:28','Physical Count 128',1.00),(524,1126,37,'2013-11-23 11:11:28','Physical Count 128',3.00),(525,1117,37,'2013-11-23 11:11:28','Physical Count 128',1.00),(526,1134,37,'2013-11-23 11:11:28','Physical Count 128',2.00),(527,1120,37,'2013-11-23 11:11:28','Physical Count 128',2.00),(528,1222,37,'2013-11-23 11:13:56','Physical Count 129',1.00),(529,1138,37,'2013-11-23 11:13:56','Physical Count 129',4.00),(530,1137,37,'2013-11-23 11:13:56','Physical Count 129',17.00),(531,1164,37,'2013-11-23 11:17:36','Receive from Supplier 130',3.00),(532,1125,37,'2013-11-23 11:17:36','Receive from Supplier 130',3.00),(533,1540,37,'2013-11-23 11:19:18','Physical Count 131',3.00),(534,1136,37,'2013-11-23 11:32:04','Physical Count 132',2.00),(535,1077,37,'2013-11-23 11:32:04','Physical Count 132',2.00),(536,1074,37,'2013-11-23 11:32:04','Physical Count 132',4.00),(537,1091,37,'2013-11-23 11:32:04','Physical Count 132',1.00),(538,1096,37,'2013-11-23 11:32:04','Physical Count 132',1.00),(539,1095,37,'2013-11-23 11:32:04','Physical Count 132',1.00),(540,1082,37,'2013-11-23 11:32:04','Physical Count 132',1.00),(541,1099,37,'2013-11-23 11:32:04','Physical Count 132',2.00),(542,1072,37,'2013-11-23 11:32:04','Physical Count 132',7.00),(543,1079,37,'2013-11-23 11:32:04','Physical Count 132',1.00),(544,1073,37,'2013-11-23 11:32:04','Physical Count 132',2.00),(545,1081,37,'2013-11-23 11:32:04','Physical Count 132',1.00),(546,1076,37,'2013-11-23 11:32:04','Physical Count 132',1.00),(547,1080,37,'2013-11-23 11:32:05','Physical Count 132',1.00),(548,1075,37,'2013-11-23 11:32:05','Physical Count 132',1.00),(549,1085,37,'2013-11-23 11:32:05','Physical Count 132',1.00),(550,1086,37,'2013-11-23 11:32:05','Physical Count 132',1.00),(551,1078,37,'2013-11-23 11:34:18','Receive from Supplier 133',2.00),(552,1084,37,'2013-11-23 11:34:18','Receive from Supplier 133',1.00),(553,1083,37,'2013-11-23 11:34:18','Receive from Supplier 133',1.00),(554,1092,37,'2013-11-23 11:34:18','Receive from Supplier 133',1.00),(555,1104,37,'2013-11-23 14:49:44','Physical Count 134',1.00),(556,1090,37,'2013-11-23 14:49:44','Physical Count 134',2.00),(557,1541,37,'2013-11-23 14:49:44','Physical Count 134',1.00),(558,1094,37,'2013-11-23 14:49:44','Physical Count 134',1.00),(559,1542,37,'2013-11-23 15:05:03','Physical Count 135',1.00),(560,1087,37,'2013-11-23 15:05:03','Physical Count 135',6.00),(561,1088,37,'2013-11-23 15:05:03','Physical Count 135',6.00),(562,1543,37,'2013-11-23 15:05:03','Physical Count 135',2.00),(563,1102,37,'2013-11-23 15:05:03','Physical Count 135',2.00),(564,1544,37,'2013-11-23 15:05:03','Physical Count 135',2.00),(565,1545,37,'2013-11-23 15:05:03','Physical Count 135',1.00),(566,1546,37,'2013-11-23 15:20:01','Physical Count 136',1.00),(567,1548,37,'2013-11-23 15:20:01','Physical Count 136',1.00),(568,1547,37,'2013-11-23 15:20:01','Physical Count 136',2.00),(569,1103,37,'2013-11-23 15:20:01','Physical Count 136',1.00),(570,1093,37,'2013-11-23 15:20:01','Physical Count 136',2.00),(571,1089,37,'2013-11-23 15:20:01','Physical Count 136',2.00),(572,1100,37,'2013-11-23 15:20:01','Physical Count 136',5.00),(573,1101,37,'2013-11-23 15:20:01','Physical Count 136',4.00),(574,1359,37,'2013-11-23 15:21:52','POS 85',-1.00),(575,1423,37,'2013-11-23 15:21:52','POS 85',-1.00),(576,939,37,'2013-11-23 15:50:07','Manual Edit of Quantity',0.00),(577,909,37,'2013-11-23 16:17:25','Manual Edit of Quantity',0.00),(578,1278,37,'2013-11-23 16:35:35','POS 86',-1.00),(579,114,37,'2013-11-23 16:47:36','Manual Edit of Quantity',0.00),(580,565,37,'2013-11-23 16:49:34','Manual Edit of Quantity',0.00),(581,1267,37,'2013-11-23 17:57:03','POS 87',-1.00),(582,1359,37,'2013-11-23 17:58:56','POS 88',-1.00),(583,1174,37,'2013-11-23 18:06:58','POS 89',-1.00),(584,1279,37,'2013-11-23 18:14:03','POS 90',-1.00),(585,1450,37,'2013-11-23 18:15:44','POS 91',-1.00),(586,1340,37,'2013-11-23 18:18:40','POS 92',-1.00),(587,1339,37,'2013-11-23 18:18:40','POS 92',-1.00),(588,1180,37,'2013-11-23 18:18:40','POS 92',-1.00),(589,1309,37,'2013-11-23 18:23:06','POS 93',-1.00),(590,1183,37,'2013-11-23 18:40:47','POS 94',-1.00),(591,1181,37,'2013-11-23 18:40:47','POS 94',-1.00),(592,1551,37,'2013-11-23 19:42:40','Physical Count 137',2.00),(593,89,37,'2013-11-24 07:31:33','Physical Count 138',50.00),(594,92,37,'2013-11-24 07:31:34','Physical Count 138',20.00),(595,91,37,'2013-11-24 07:31:34','Physical Count 138',17.00),(596,90,37,'2013-11-24 07:31:34','Physical Count 138',65.00),(597,1552,37,'2013-11-24 07:31:34','Physical Count 138',84.00),(598,101,37,'2013-11-24 07:31:34','Physical Count 138',25.00),(599,94,37,'2013-11-24 07:31:34','Physical Count 138',90.00),(600,96,37,'2013-11-24 07:31:34','Physical Count 138',19.00),(601,99,37,'2013-11-24 07:31:34','Physical Count 138',109.00),(602,97,37,'2013-11-24 07:31:34','Physical Count 138',53.00),(603,98,37,'2013-11-24 07:31:34','Physical Count 138',528.00),(604,93,37,'2013-11-24 07:31:34','Physical Count 138',131.00),(605,157,37,'2013-11-24 07:33:34','Physical Count 139',300.00),(606,1552,37,'2013-11-24 07:34:46','POS 95',-10.00),(607,1357,37,'2013-11-24 07:35:36','POS 96',-1.00),(608,1403,37,'2013-11-24 07:35:36','POS 96',-2.00),(609,119,37,'2013-11-24 07:47:49','Physical Count 140',672.00),(610,100,37,'2013-11-24 07:47:49','Physical Count 140',153.00),(611,161,37,'2013-11-24 07:47:49','Physical Count 140',240.00),(612,1553,37,'2013-11-24 07:47:49','Physical Count 140',20.00),(613,167,37,'2013-11-24 07:47:50','Physical Count 140',20.00),(614,123,37,'2013-11-24 08:00:06','Physical Count 141',36.00),(615,155,37,'2013-11-24 08:00:07','Physical Count 141',142.00),(616,159,37,'2013-11-24 08:00:07','Physical Count 141',7.00),(617,1554,37,'2013-11-24 08:00:07','Physical Count 141',30.00),(618,154,37,'2013-11-24 08:00:07','Physical Count 141',15.00),(619,163,37,'2013-11-24 08:00:07','Physical Count 141',2.00),(620,166,37,'2013-11-24 08:00:07','Physical Count 141',6.00),(621,1477,37,'2013-11-24 08:00:39','POS 97',-1.00),(622,1042,37,'2013-11-24 08:05:29','Physical Count 142',54.00),(623,108,37,'2013-11-24 08:05:29','Physical Count 142',2.00),(624,107,37,'2013-11-24 08:05:29','Physical Count 142',2.00),(625,1555,37,'2013-11-24 08:22:09','Physical Count 143',52.00),(626,278,37,'2013-11-24 08:22:09','Physical Count 143',2.00),(627,1556,37,'2013-11-24 08:22:10','Physical Count 143',250.00),(628,102,37,'2013-11-24 08:22:10','Physical Count 143',162.00),(629,1557,37,'2013-11-24 08:22:10','Physical Count 143',94.00),(630,1558,37,'2013-11-24 08:22:10','Physical Count 143',185.00),(631,1558,37,'2013-11-24 08:22:55','Manual Edit of Quantity',185.00),(632,1557,37,'2013-11-24 08:23:46','Manual Edit of Quantity',94.00),(633,104,37,'2013-11-24 08:32:23','Physical Count 144',224.00),(634,112,37,'2013-11-24 08:32:23','Physical Count 144',300.00),(635,110,37,'2013-11-24 08:32:23','Physical Count 144',186.00),(636,111,37,'2013-11-24 08:32:23','Physical Count 144',524.00),(637,113,37,'2013-11-24 08:32:24','Physical Count 144',2.00),(638,131,37,'2013-11-24 08:32:24','Physical Count 144',6.00),(639,1559,37,'2013-11-24 08:51:45','Receive from Supplier 145',10.00),(640,1560,37,'2013-11-24 08:51:49','Receive from Supplier 145',1.00),(641,1561,37,'2013-11-24 08:51:49','Receive from Supplier 145',657.00),(642,175,37,'2013-11-24 08:51:49','Receive from Supplier 145',990.00),(643,174,37,'2013-11-24 08:51:49','Receive from Supplier 145',7.00),(644,156,37,'2013-11-24 08:51:49','Receive from Supplier 145',15.00),(645,184,37,'2013-11-24 08:51:50','Receive from Supplier 145',101.00),(646,117,37,'2013-11-24 08:51:50','Receive from Supplier 145',1.00),(647,119,37,'2013-11-24 08:56:17','POS 98',-10.00),(648,1562,37,'2013-11-24 09:05:38','Physical Count 146',67.00),(649,194,37,'2013-11-24 09:05:38','Physical Count 146',67.00),(650,192,37,'2013-11-24 09:05:38','Physical Count 146',70.00),(651,190,37,'2013-11-24 09:05:38','Physical Count 146',556.00),(652,118,37,'2013-11-24 09:05:38','Physical Count 146',1.00),(653,193,37,'2013-11-24 09:05:38','Physical Count 146',100.00),(654,115,37,'2013-11-24 09:05:38','Physical Count 146',170.00),(655,180,37,'2013-11-24 09:05:38','Physical Count 146',100.00),(656,199,37,'2013-11-24 09:05:38','Physical Count 146',90.00),(657,225,37,'2013-11-24 09:05:39','Physical Count 146',30.00),(658,182,37,'2013-11-24 09:05:39','Physical Count 146',9.00),(659,173,37,'2013-11-24 09:05:39','Physical Count 146',5.00),(660,1563,37,'2013-11-24 09:17:03','Physical Count 147',54.00),(661,114,37,'2013-11-24 09:17:03','Physical Count 147',20.00),(662,951,37,'2013-11-24 09:17:03','Physical Count 147',150.00),(663,121,37,'2013-11-24 09:17:03','Physical Count 147',12.00),(664,103,37,'2013-11-24 09:17:03','Physical Count 147',41.00),(665,187,37,'2013-11-24 09:17:03','Physical Count 147',7.00),(666,196,37,'2013-11-24 09:17:03','Physical Count 147',115.00),(667,197,37,'2013-11-24 09:17:03','Physical Count 147',44.00),(668,598,37,'2013-11-24 09:17:03','Physical Count 147',257.00),(669,183,37,'2013-11-24 09:17:04','Physical Count 147',430.00),(670,1253,37,'2013-11-24 09:17:22','POS 99',-1.00),(671,200,37,'2013-11-24 09:21:41','Physical Count 148',70.00),(672,189,37,'2013-11-24 09:21:41','Physical Count 148',11.00),(673,598,37,'2013-11-24 09:21:41','Physical Count 148',-157.00),(674,598,37,'2013-11-24 09:26:28','Adjustment Out 149',-100.00),(675,598,37,'2013-11-24 09:28:58','Physical Count 150',357.00),(676,103,37,'2013-11-24 09:28:58','Physical Count 150',59.00),(677,341,37,'2013-11-24 09:35:03','Physical Count 151',60.00),(678,103,37,'2013-11-24 09:39:47','Physical Count 152',-59.00),(679,104,37,'2013-11-24 09:42:44','POS 100',-30.00),(680,103,37,'2013-11-24 09:45:10','Physical Count 153',100.00),(681,321,37,'2013-11-24 09:53:22','Physical Count 154',158.00),(682,237,37,'2013-11-24 09:53:22','Physical Count 154',66.00),(683,306,37,'2013-11-24 09:53:23','Physical Count 154',128.00),(684,222,37,'2013-11-24 09:53:23','Physical Count 154',190.00),(685,345,37,'2013-11-24 09:53:23','Physical Count 154',62.00),(686,329,37,'2013-11-24 09:53:23','Physical Count 154',302.00),(687,343,37,'2013-11-24 09:53:23','Physical Count 154',30.00),(688,1309,37,'2013-11-24 09:54:01','POS 101',-1.00),(689,1370,37,'2013-11-24 09:54:01','POS 101',-1.00),(690,1557,37,'2013-11-24 09:58:36','POS 102',-10.00),(691,227,37,'2013-11-24 10:01:01','Physical Count 155',180.00),(692,223,37,'2013-11-24 10:01:01','Physical Count 155',320.00),(693,322,37,'2013-11-24 10:01:01','Physical Count 155',95.00),(694,314,37,'2013-11-24 10:01:01','Physical Count 155',50.00),(695,278,37,'2013-11-24 10:01:01','Physical Count 155',2.00),(696,301,37,'2013-11-24 10:07:23','Receive from Supplier 156',79.00),(697,311,37,'2013-11-24 10:07:23','Receive from Supplier 156',70.00),(698,351,37,'2013-11-24 10:07:23','Receive from Supplier 156',64.00),(699,289,37,'2013-11-24 10:07:24','Receive from Supplier 156',23.00),(700,285,37,'2013-11-24 10:07:24','Receive from Supplier 156',46.00),(701,349,37,'2013-11-24 10:07:24','Receive from Supplier 156',60.00),(702,340,37,'2013-11-24 10:09:10','Manual Edit of Quantity',0.00),(703,340,37,'2013-11-24 10:14:29','Physical Count 157',125.00),(704,291,37,'2013-11-24 10:14:29','Physical Count 157',191.00),(705,218,37,'2013-11-24 10:14:29','Physical Count 157',132.00),(706,304,37,'2013-11-24 10:14:29','Physical Count 157',120.00),(707,1564,37,'2013-11-24 10:22:56','Receive from Supplier 158',7.00),(708,235,37,'2013-11-24 10:22:56','Receive from Supplier 158',182.00),(709,456,37,'2013-11-24 10:22:56','Receive from Supplier 158',100.00),(710,284,37,'2013-11-24 10:22:56','Receive from Supplier 158',44.00),(711,114,37,'2013-11-24 10:23:21','POS 103',-1.00),(712,338,37,'2013-11-24 10:29:09','Physical Count 159',26.00),(713,330,37,'2013-11-24 10:29:09','Physical Count 159',29.00),(714,242,37,'2013-11-24 10:29:09','Physical Count 159',239.00),(715,231,37,'2013-11-24 10:29:09','Physical Count 159',138.00),(716,347,37,'2013-11-24 10:29:09','Physical Count 159',60.00),(717,346,37,'2013-11-24 10:29:09','Physical Count 159',840.00),(718,295,37,'2013-11-24 10:29:09','Physical Count 159',9.00),(719,352,37,'2013-11-24 10:29:09','Physical Count 159',3.00),(720,227,37,'2013-11-24 10:29:59','POS 104',-10.00),(721,346,37,'2013-11-24 11:09:50','POS 105',-20.00),(722,93,37,'2013-11-24 11:15:01','POS 106',-5.00),(723,1214,37,'2013-11-24 11:15:01','POS 106',-1.00),(724,1320,37,'2013-11-24 11:15:01','POS 106',-1.00),(725,1329,37,'2013-11-24 11:15:01','POS 106',-1.00),(726,1273,37,'2013-11-24 11:15:01','POS 106',-1.00),(727,1403,37,'2013-11-24 11:15:01','POS 106',-2.00),(728,291,37,'2013-11-24 11:15:01','POS 106',-2.00),(729,248,37,'2013-11-24 11:22:39','Physical Count 160',143.00),(730,174,37,'2013-11-24 11:22:39','Physical Count 160',3.00),(731,258,37,'2013-11-24 11:22:39','Physical Count 160',100.00),(732,198,37,'2013-11-24 11:22:39','Physical Count 160',140.00),(733,334,37,'2013-11-24 11:22:39','Physical Count 160',51.00),(734,244,37,'2013-11-24 11:22:39','Physical Count 160',60.00),(735,1421,37,'2013-11-24 11:23:33','POS 107',-1.00),(736,307,37,'2013-11-24 11:35:39','Physical Count 161',120.00),(737,283,37,'2013-11-24 11:35:39','Physical Count 161',20.00),(738,243,37,'2013-11-24 11:35:39','Physical Count 161',15.00),(739,410,37,'2013-11-24 11:35:39','Physical Count 161',6.00),(740,287,37,'2013-11-24 11:35:39','Physical Count 161',3.00),(741,272,37,'2013-11-24 11:35:39','Physical Count 161',3.00),(742,226,37,'2013-11-24 11:35:39','Physical Count 161',527.00),(743,268,37,'2013-11-24 11:35:39','Physical Count 161',544.00),(744,332,37,'2013-11-24 11:35:39','Physical Count 161',20.00),(745,188,37,'2013-11-24 11:35:40','Physical Count 161',3.00),(746,1568,37,'2013-11-24 11:49:02','Physical Count 162',50.00),(747,1567,37,'2013-11-24 11:49:02','Physical Count 162',13.00),(748,1566,37,'2013-11-24 11:49:02','Physical Count 162',2.00),(749,1565,37,'2013-11-24 11:49:02','Physical Count 162',1.00),(750,1122,37,'2013-11-24 11:49:45','POS 108',-1.00),(751,187,37,'2013-11-24 11:49:45','POS 108',-1.00),(752,261,37,'2013-11-24 11:55:55','Physical Count 163',139.00),(753,305,37,'2013-11-24 11:55:55','Physical Count 163',132.00),(754,435,37,'2013-11-24 11:55:55','Physical Count 163',409.00),(755,245,37,'2013-11-24 11:55:55','Physical Count 163',11.00),(756,281,37,'2013-11-24 11:55:55','Physical Count 163',2.00),(757,333,37,'2013-11-24 14:47:27','Physical Count 164',20.00),(758,212,37,'2013-11-24 14:47:27','Physical Count 164',68.00),(759,255,37,'2013-11-24 14:47:27','Physical Count 164',68.00),(760,328,37,'2013-11-24 14:47:27','Physical Count 164',40.00),(761,317,37,'2013-11-24 14:47:27','Physical Count 164',4.00),(762,239,37,'2013-11-24 14:47:27','Physical Count 164',43.00),(763,230,37,'2013-11-24 14:47:27','Physical Count 164',200.00),(764,281,37,'2013-11-24 14:47:27','Physical Count 164',4.00),(765,262,37,'2013-11-24 14:53:16','Receive from Supplier 165',101.00),(766,415,37,'2013-11-24 14:53:16','Receive from Supplier 165',26.00),(767,215,37,'2013-11-24 14:53:16','Receive from Supplier 165',68.00),(768,259,37,'2013-11-24 14:53:16','Receive from Supplier 165',102.00),(769,211,37,'2013-11-24 14:53:16','Receive from Supplier 165',214.00),(770,1569,37,'2013-11-24 15:06:54','Physical Count 166',240.00),(771,265,37,'2013-11-24 15:06:54','Physical Count 166',200.00),(772,216,37,'2013-11-24 15:06:54','Physical Count 166',200.00),(773,541,37,'2013-11-24 15:06:54','Physical Count 166',50.00),(774,315,37,'2013-11-24 15:06:54','Physical Count 166',79.00),(775,302,37,'2013-11-24 15:06:54','Physical Count 166',13.00),(776,186,37,'2013-11-24 15:06:54','Physical Count 166',5.00),(777,214,37,'2013-11-24 15:06:55','Physical Count 166',30.00),(778,561,37,'2013-11-24 15:06:55','Physical Count 166',6.00),(779,574,37,'2013-11-24 15:06:55','Physical Count 166',238.00),(780,551,37,'2013-11-24 15:06:55','Physical Count 166',60.00),(781,549,37,'2013-11-24 15:16:48','Receive from Supplier 167',177.00),(782,337,37,'2013-11-24 15:16:48','Receive from Supplier 167',7.00),(783,325,37,'2013-11-24 15:16:48','Receive from Supplier 167',57.00),(784,557,37,'2013-11-24 15:16:48','Receive from Supplier 167',120.00),(785,236,37,'2013-11-24 15:16:48','Receive from Supplier 167',154.00),(786,252,37,'2013-11-24 15:16:48','Receive from Supplier 167',140.00),(787,350,37,'2013-11-24 15:16:48','Receive from Supplier 167',20.00),(788,568,37,'2013-11-24 15:16:48','Receive from Supplier 167',72.00),(789,357,37,'2013-11-24 15:16:48','Receive from Supplier 167',12.00),(790,229,37,'2013-11-24 15:16:48','Receive from Supplier 167',340.00),(791,582,37,'2013-11-24 15:24:33','Physical Count 168',1.00),(792,542,37,'2013-11-24 15:24:33','Physical Count 168',60.00),(793,581,37,'2013-11-24 15:24:33','Physical Count 168',2.00),(794,1570,37,'2013-11-24 15:24:33','Physical Count 168',2.00),(795,566,37,'2013-11-24 15:34:33','Physical Count 169',60.00),(796,534,37,'2013-11-24 15:34:33','Physical Count 169',65.00),(797,570,37,'2013-11-24 15:34:33','Physical Count 169',105.00),(798,532,37,'2013-11-24 15:34:33','Physical Count 169',50.00),(799,267,37,'2013-11-24 15:34:33','Physical Count 169',370.00),(800,270,37,'2013-11-24 15:34:33','Physical Count 169',240.00),(801,323,37,'2013-11-24 15:34:33','Physical Count 169',5.00),(802,559,37,'2013-11-24 15:34:33','Physical Count 169',29.00),(803,336,37,'2013-11-24 15:34:33','Physical Count 169',6.00),(804,263,37,'2013-11-24 15:34:33','Physical Count 169',174.00),(805,568,37,'2013-11-24 15:46:56','POS 109',-5.00),(806,571,37,'2013-11-24 16:03:34','Physical Count 170',213.00),(807,575,37,'2013-11-24 16:03:34','Physical Count 170',80.00),(808,539,37,'2013-11-24 16:03:34','Physical Count 170',20.00),(809,356,37,'2013-11-24 16:03:34','Physical Count 170',30.00),(810,528,37,'2013-11-24 16:03:34','Physical Count 170',400.00),(811,266,37,'2013-11-24 16:03:34','Physical Count 170',540.00),(812,250,37,'2013-11-24 16:03:34','Physical Count 170',185.00),(813,659,37,'2013-11-24 16:03:34','Physical Count 170',20.00),(814,660,37,'2013-11-24 16:03:34','Physical Count 170',16.00),(815,461,37,'2013-11-24 16:03:35','Physical Count 170',144.00),(816,530,37,'2013-11-24 16:03:35','Physical Count 170',1985.00),(817,256,37,'2013-11-24 16:03:35','Physical Count 170',364.00),(818,580,37,'2013-11-24 16:03:35','Physical Count 170',5.00),(819,536,37,'2013-11-24 16:03:36','Physical Count 170',155.00),(820,1261,37,'2013-11-24 16:04:12','POS 110',-1.00),(821,1440,37,'2013-11-24 16:04:12','POS 110',-1.00),(822,339,37,'2013-11-24 16:10:29','Physical Count 171',10.00),(823,342,37,'2013-11-24 16:10:29','Physical Count 171',13.00),(824,470,37,'2013-11-24 16:10:29','Physical Count 171',230.00),(825,453,37,'2013-11-24 16:10:30','Physical Count 171',112.00),(826,455,37,'2013-11-24 16:10:30','Physical Count 171',90.00),(827,213,37,'2013-11-24 16:10:30','Physical Count 171',210.00),(828,538,37,'2013-11-24 16:10:30','Physical Count 171',3.00),(829,540,37,'2013-11-24 16:16:25','Physical Count 172',77.00),(830,416,37,'2013-11-24 16:16:25','Physical Count 172',13.00),(831,539,37,'2013-11-24 16:16:25','Physical Count 172',9.00),(832,533,37,'2013-11-24 16:16:25','Physical Count 172',156.00),(833,319,37,'2013-11-24 16:16:25','Physical Count 172',241.00),(834,464,37,'2013-11-24 16:16:25','Physical Count 172',21.00),(835,455,37,'2013-11-24 16:16:25','Physical Count 172',100.00),(836,535,37,'2013-11-24 16:16:25','Physical Count 172',116.00),(837,543,37,'2013-11-24 16:16:25','Physical Count 172',164.00),(838,574,37,'2013-11-24 16:17:29','POS 111',-2.00),(839,466,37,'2013-11-24 16:24:11','Physical Count 173',60.00),(840,448,37,'2013-11-24 16:24:11','Physical Count 173',35.00),(841,444,37,'2013-11-24 16:24:11','Physical Count 173',20.00),(842,445,37,'2013-11-24 16:24:11','Physical Count 173',145.00),(843,567,37,'2013-11-24 16:24:11','Physical Count 173',100.00),(844,573,37,'2013-11-24 16:24:12','Physical Count 173',110.00),(845,550,37,'2013-11-24 16:24:12','Physical Count 173',55.00),(846,565,37,'2013-11-24 16:24:12','Physical Count 173',12.00),(847,558,37,'2013-11-24 16:24:12','Physical Count 173',63.00),(848,531,37,'2013-11-24 16:24:12','Physical Count 173',85.00),(849,554,37,'2013-11-24 16:25:48','Receive from Supplier 174',11.00),(850,562,37,'2013-11-24 16:25:48','Receive from Supplier 174',17.00),(851,1258,37,'2013-11-24 16:26:25','POS 112',-1.00),(852,576,37,'2013-11-24 16:27:35','Physical Count 175',569.00),(853,184,37,'2013-11-24 16:28:13','POS 113',-3.00),(854,553,37,'2013-11-24 16:38:21','Physical Count 176',30.00),(855,508,37,'2013-11-24 16:38:21','Physical Count 176',80.00),(856,1504,37,'2013-11-24 16:38:21','Physical Count 176',14.00),(857,475,37,'2013-11-24 16:38:21','Physical Count 176',210.00),(858,560,37,'2013-11-24 16:38:21','Physical Count 176',10.00),(859,489,37,'2013-11-24 16:38:21','Physical Count 176',7.00),(860,476,37,'2013-11-24 16:38:21','Physical Count 176',130.00),(861,269,37,'2013-11-24 16:38:21','Physical Count 176',520.00),(862,119,37,'2013-11-24 16:38:21','Physical Count 176',558.00),(863,495,37,'2013-11-24 16:38:21','Physical Count 176',200.00),(864,1214,37,'2013-11-24 17:01:51','POS 114',-1.00),(865,1201,37,'2013-11-24 17:07:40','POS 115',-1.00),(866,1563,37,'2013-11-24 17:14:44','POS 116',-1.00),(867,346,37,'2013-11-24 17:15:22','POS 117',-1.00),(868,1201,37,'2013-11-24 17:16:24','POS 118',-1.00),(870,505,37,'2013-11-24 17:44:33','Physical Count 177',93.00),(871,479,37,'2013-11-24 17:44:33','Physical Count 177',19.00),(872,498,37,'2013-11-24 17:44:33','Physical Count 177',108.00),(873,462,37,'2013-11-24 17:44:33','Physical Count 177',64.00),(874,501,37,'2013-11-24 17:44:33','Physical Count 177',250.00),(875,492,37,'2013-11-24 17:44:33','Physical Count 177',10.00),(876,333,37,'2013-11-24 17:46:02','POS 120',-1.00),(877,478,37,'2013-11-24 18:00:36','Physical Count 178',38.00),(878,491,37,'2013-11-24 18:00:36','Physical Count 178',54.00),(879,511,37,'2013-11-24 18:00:36','Physical Count 178',16.00),(880,490,37,'2013-11-24 18:00:36','Physical Count 178',28.00),(881,578,37,'2013-11-24 18:00:36','Physical Count 178',111.00),(882,563,37,'2013-11-24 18:00:36','Physical Count 178',100.00),(883,564,37,'2013-11-24 18:00:36','Physical Count 178',27.00),(884,288,37,'2013-11-24 18:00:36','Physical Count 178',47.00),(885,451,37,'2013-11-24 18:00:36','Physical Count 178',8.00),(886,449,37,'2013-11-24 18:00:36','Physical Count 178',172.00),(887,552,37,'2013-11-24 18:00:36','Physical Count 178',160.00),(888,460,37,'2013-11-24 18:00:36','Physical Count 178',210.00),(889,452,37,'2013-11-24 18:00:37','Physical Count 178',89.00),(890,569,37,'2013-11-24 18:00:37','Physical Count 178',100.00),(891,579,37,'2013-11-24 18:00:37','Physical Count 178',38.00),(892,572,37,'2013-11-24 18:00:37','Physical Count 178',1.00),(893,1260,37,'2013-11-24 18:01:06','POS 121',-1.00),(894,529,37,'2013-11-24 18:03:47','Physical Count 179',1326.00),(895,458,37,'2013-11-24 18:03:47','Physical Count 179',8.00),(896,447,37,'2013-11-24 18:03:47','Physical Count 179',5.00),(897,1176,37,'2013-11-24 18:11:21','POS 122',-1.00),(898,1299,37,'2013-11-24 18:11:21','POS 122',-1.00),(899,1571,37,'2013-11-24 18:11:51','Physical Count 180',313.00),(900,1572,37,'2013-11-24 18:11:51','Physical Count 180',23.00),(901,1573,37,'2013-11-24 18:23:12','Physical Count 181',52.00),(902,1574,37,'2013-11-24 18:23:12','Physical Count 181',3.00),(903,1575,37,'2013-11-24 18:23:13','Physical Count 181',7.00),(904,1576,37,'2013-11-24 18:23:13','Physical Count 181',5.00),(905,1577,37,'2013-11-24 18:23:13','Physical Count 181',214.00),(906,1578,37,'2013-11-24 18:36:30','Physical Count 182',3.00),(907,1579,37,'2013-11-24 18:36:30','Physical Count 182',10.00),(908,1580,37,'2013-11-24 18:36:31','Physical Count 182',40.00),(909,1581,37,'2013-11-24 18:36:31','Physical Count 182',6.00),(910,1582,37,'2013-11-24 18:36:31','Physical Count 182',22.00),(911,1583,37,'2013-11-24 18:36:31','Physical Count 182',1.00),(912,1584,37,'2013-11-24 18:36:31','Physical Count 182',50.00),(913,1585,37,'2013-11-24 18:42:45','Physical Count 183',1.00),(914,484,37,'2013-11-24 18:42:45','Physical Count 183',24.00),(915,487,37,'2013-11-24 18:42:45','Physical Count 183',79.00),(916,483,37,'2013-11-24 18:42:45','Physical Count 183',236.00),(917,474,37,'2013-11-24 18:42:45','Physical Count 183',10.00),(918,1122,37,'2013-11-24 18:43:24','POS 123',-1.00),(919,570,37,'2013-11-24 18:44:06','POS 124',-15.00),(920,482,37,'2013-11-24 18:47:39','Physical Count 184',285.00),(921,1320,37,'2013-11-24 18:48:36','POS 125',-1.00),(922,1306,37,'2013-11-24 18:48:36','POS 125',-1.00),(923,1280,37,'2013-11-24 18:48:36','POS 125',-1.00),(924,1441,37,'2013-11-24 18:48:36','POS 125',-1.00),(925,1357,37,'2013-11-24 18:48:36','POS 125',-1.00),(926,1544,37,'2013-11-24 18:50:16','POS 126',-1.00),(927,1231,37,'2013-11-24 18:50:16','POS 126',-1.00),(928,1240,37,'2013-11-24 18:50:16','POS 126',-1.00),(929,1349,37,'2013-11-24 18:50:56','POS 127',-1.00),(930,1196,37,'2013-11-24 18:50:56','POS 127',-1.00),(931,477,37,'2013-11-24 18:53:10','Physical Count 185',18.00),(932,488,37,'2013-11-24 18:53:10','Physical Count 185',42.00),(933,1571,37,'2013-11-24 18:54:00','POS 128',-10.00),(934,256,37,'2013-11-24 18:54:00','POS 128',-10.00),(935,102,37,'2013-11-24 18:54:00','POS 128',-10.00),(936,102,37,'2013-11-24 18:55:48','POS 129',-10.00),(937,1385,37,'2013-11-24 18:56:07','POS 130',-1.00),(938,571,37,'2013-11-24 18:58:03','POS 131',-6.00),(939,1571,37,'2013-11-24 18:58:39','Manual Edit of Quantity',303.00),(940,1586,37,'2013-11-24 19:03:07','Physical Count 186',125.00),(941,473,37,'2013-11-24 19:09:55','Physical Count 187',33.00),(942,500,37,'2013-11-24 19:09:55','Physical Count 187',144.00),(943,446,37,'2013-11-24 19:09:55','Physical Count 187',258.00),(944,472,37,'2013-11-24 19:09:55','Physical Count 187',98.00),(945,496,37,'2013-11-24 19:09:55','Physical Count 187',2.00),(946,504,37,'2013-11-24 19:09:55','Physical Count 187',6.00),(947,507,37,'2013-11-24 19:16:30','Physical Count 188',413.00),(948,520,37,'2013-11-24 19:16:30','Physical Count 188',103.00),(949,462,37,'2013-11-24 19:16:30','Physical Count 188',-5.00),(950,510,37,'2013-11-24 19:20:53','Physical Count 189',30.00),(951,527,37,'2013-11-24 19:20:53','Physical Count 189',85.00),(952,509,37,'2013-11-24 19:20:53','Physical Count 189',200.00),(953,524,37,'2013-11-24 19:20:54','Physical Count 189',120.00),(954,1358,37,'2013-11-24 19:21:48','POS 132',-1.00),(955,1544,37,'2013-11-24 19:21:48','POS 132',-1.00),(956,523,37,'2013-11-24 19:23:13','Physical Count 190',79.00),(957,197,37,'2013-11-24 19:23:41','POS 133',-1.00),(958,562,37,'2013-11-24 19:24:22','POS 134',-2.00),(959,562,37,'2013-11-24 19:26:26','Adjustment In 191',1.00),(960,512,37,'2013-11-24 19:29:25','Manual Edit of Quantity',0.00),(961,525,37,'2013-11-24 19:34:01','Physical Count 192',4.00),(962,517,37,'2013-11-24 19:34:01','Physical Count 192',328.00),(963,1587,37,'2013-11-24 19:34:01','Physical Count 192',9.00),(964,512,37,'2013-11-24 19:34:02','Physical Count 192',40.00),(965,515,37,'2013-11-24 19:34:02','Physical Count 192',93.00),(966,515,37,'2013-11-24 19:35:13','Manual Edit of Quantity',93.00),(967,475,37,'2013-11-24 19:36:06','Adjustment In 193',7.00),(968,475,37,'2013-11-24 19:40:29','Physical Count 194',0.00),(969,514,37,'2013-11-24 19:40:29','Physical Count 194',230.00),(970,516,37,'2013-11-24 19:40:29','Physical Count 194',158.00),(971,513,37,'2013-11-24 19:40:29','Physical Count 194',40.00),(972,494,37,'2013-11-24 19:40:29','Physical Count 194',1.00),(973,499,37,'2013-11-24 19:40:29','Physical Count 194',187.00),(974,521,37,'2013-11-24 19:43:12','Receive from Supplier 195',9.00),(975,497,37,'2013-11-24 19:43:12','Receive from Supplier 195',13.00),(976,518,37,'2013-11-24 19:43:12','Receive from Supplier 195',180.00),(977,493,37,'2013-11-24 19:44:08','Receive from Supplier 196',31.00),(978,361,37,'2013-11-25 07:13:44','Physical Count 197',126.00),(979,379,37,'2013-11-25 07:13:44','Physical Count 197',108.00),(980,381,37,'2013-11-25 07:13:44','Physical Count 197',180.00),(981,383,37,'2013-11-25 07:13:44','Physical Count 197',85.00),(982,374,37,'2013-11-25 07:13:44','Physical Count 197',296.00),(983,282,37,'2013-11-25 07:13:44','Physical Count 197',103.00),(984,382,37,'2013-11-25 07:35:08','Receive from Supplier 198',259.00),(985,359,37,'2013-11-25 07:35:08','Receive from Supplier 198',2.00),(986,399,37,'2013-11-25 07:35:08','Receive from Supplier 198',46.00),(987,1259,37,'2013-11-25 07:38:25','POS 135',-1.00),(988,1259,37,'2013-11-25 07:38:52','POS 136',-1.00),(989,393,37,'2013-11-25 07:47:28','Physical Count 199',270.00),(990,404,37,'2013-11-25 07:47:28','Physical Count 199',101.00),(991,371,37,'2013-11-25 07:47:28','Physical Count 199',70.00),(992,373,37,'2013-11-25 07:47:28','Physical Count 199',100.00),(993,530,37,'2013-11-25 07:48:17','POS 137',-5.00),(994,377,37,'2013-11-25 07:55:21','Physical Count 200',78.00),(995,367,37,'2013-11-25 07:55:22','Physical Count 200',687.00),(996,385,37,'2013-11-25 07:55:22','Physical Count 200',55.00),(997,1507,37,'2013-11-25 07:55:22','Physical Count 200',150.00),(998,390,37,'2013-11-25 07:55:22','Physical Count 200',320.00),(999,398,37,'2013-11-25 07:55:22','Physical Count 200',30.00),(1000,376,37,'2013-11-25 07:55:22','Physical Count 200',255.00),(1001,384,37,'2013-11-25 08:03:42','Receive from Supplier 201',1.00),(1002,378,37,'2013-11-25 08:03:42','Receive from Supplier 201',36.00),(1003,397,37,'2013-11-25 08:03:42','Receive from Supplier 201',9.00),(1004,372,37,'2013-11-25 08:03:43','Receive from Supplier 201',8.00),(1005,366,37,'2013-11-25 08:03:43','Receive from Supplier 201',82.00),(1006,362,37,'2013-11-25 08:03:43','Receive from Supplier 201',12.00),(1007,422,37,'2013-11-25 08:03:43','Receive from Supplier 201',7.00),(1008,391,37,'2013-11-25 08:03:43','Receive from Supplier 201',55.00),(1009,387,37,'2013-11-25 08:03:43','Receive from Supplier 201',87.00),(1010,396,37,'2013-11-25 08:05:20','Manual Edit of Quantity',0.00),(1011,396,37,'2013-11-25 08:09:49','Physical Count 202',57.00),(1012,1508,37,'2013-11-25 08:09:50','Physical Count 202',300.00),(1013,574,37,'2013-11-25 08:10:45','POS 138',-2.00),(1014,389,37,'2013-11-25 08:16:42','Physical Count 203',160.00),(1015,388,37,'2013-11-25 08:16:42','Physical Count 203',1779.00),(1016,400,37,'2013-11-25 08:16:42','Physical Count 203',20.00),(1017,392,37,'2013-11-25 08:16:42','Physical Count 203',590.00),(1018,394,37,'2013-11-25 08:16:42','Physical Count 203',202.00),(1019,363,37,'2013-11-25 08:31:14','Receive from Supplier 204',200.00),(1020,459,37,'2013-11-25 08:31:15','Receive from Supplier 204',30.00),(1021,428,37,'2013-11-25 08:31:15','Receive from Supplier 204',130.00),(1022,386,37,'2013-11-25 08:31:15','Receive from Supplier 204',93.00),(1023,433,37,'2013-11-25 08:31:15','Receive from Supplier 204',145.00),(1024,407,37,'2013-11-25 08:31:15','Receive from Supplier 204',22.00),(1025,429,37,'2013-11-25 08:31:15','Receive from Supplier 204',110.00),(1026,427,37,'2013-11-25 08:31:15','Receive from Supplier 204',302.00),(1027,1588,37,'2013-11-25 08:41:00','Physical Count 205',1.00),(1028,406,37,'2013-11-25 08:41:00','Physical Count 205',5.00),(1029,388,37,'2013-11-25 08:41:30','POS 139',-10.00),(1030,414,37,'2013-11-25 08:55:29','Physical Count 206',100.00),(1031,439,37,'2013-11-25 08:55:29','Physical Count 206',72.00),(1032,436,37,'2013-11-25 08:55:29','Physical Count 206',24.00),(1033,419,37,'2013-11-25 08:55:29','Physical Count 206',70.00),(1034,409,37,'2013-11-25 08:55:29','Physical Count 206',82.00),(1035,434,37,'2013-11-25 08:55:29','Physical Count 206',9.00),(1036,423,37,'2013-11-25 08:55:29','Physical Count 206',5.00),(1037,221,37,'2013-11-25 08:55:29','Physical Count 206',16.00),(1038,454,37,'2013-11-25 09:09:21','Physical Count 207',1.00),(1039,375,37,'2013-11-25 09:09:22','Physical Count 207',690.00),(1040,441,37,'2013-11-25 09:09:22','Physical Count 207',30.00),(1041,369,37,'2013-11-25 09:09:22','Physical Count 207',205.00),(1042,417,37,'2013-11-25 09:09:22','Physical Count 207',58.00),(1043,440,37,'2013-11-25 09:09:22','Physical Count 207',6.00),(1044,437,37,'2013-11-25 09:09:22','Physical Count 207',5.00),(1045,443,37,'2013-11-25 09:09:22','Physical Count 207',54.00),(1046,432,37,'2013-11-25 09:09:22','Physical Count 207',177.00),(1047,442,37,'2013-11-25 09:22:02','Receive from Supplier 208',235.00),(1048,408,37,'2013-11-25 09:22:02','Receive from Supplier 208',50.00),(1049,411,37,'2013-11-25 09:22:02','Receive from Supplier 208',10.00),(1050,431,37,'2013-11-25 09:22:03','Receive from Supplier 208',1230.00),(1051,430,37,'2013-11-25 09:22:03','Receive from Supplier 208',365.00),(1052,681,37,'2013-11-25 09:22:03','Receive from Supplier 208',5.00),(1053,730,37,'2013-11-25 09:22:03','Receive from Supplier 208',16.00),(1054,734,37,'2013-11-25 09:22:03','Receive from Supplier 208',11.00),(1055,412,37,'2013-11-25 09:22:03','Receive from Supplier 208',335.00),(1056,679,37,'2013-11-25 09:22:03','Receive from Supplier 208',6.00),(1057,722,37,'2013-11-25 09:32:54','Receive from Supplier 209',1.00),(1058,425,37,'2013-11-25 09:32:54','Receive from Supplier 209',55.00),(1059,731,37,'2013-11-25 09:32:54','Receive from Supplier 209',30.00),(1060,677,37,'2013-11-25 09:32:54','Receive from Supplier 209',47.00),(1061,426,37,'2013-11-25 09:32:54','Receive from Supplier 209',90.00),(1062,421,37,'2013-11-25 09:32:55','Receive from Supplier 209',150.00),(1063,683,37,'2013-11-25 09:32:55','Receive from Supplier 209',17.00),(1064,673,37,'2013-11-25 09:32:55','Receive from Supplier 209',12.00),(1065,725,37,'2013-11-25 09:32:55','Receive from Supplier 209',55.00),(1066,413,37,'2013-11-25 09:32:55','Receive from Supplier 209',67.00),(1067,401,37,'2013-11-25 09:39:43','Receive from Supplier 210',58.00),(1068,395,37,'2013-11-25 09:39:43','Receive from Supplier 210',49.00),(1069,564,37,'2013-11-25 09:40:42','POS 140',-1.00),(1070,1557,37,'2013-11-25 09:42:13','POS 141',-10.00),(1071,340,37,'2013-11-25 09:42:13','POS 141',-5.00),(1072,810,37,'2013-11-25 09:43:42','POS 142',-2.00),(1073,682,37,'2013-11-25 09:49:44','Physical Count 211',24.00),(1074,719,37,'2013-11-25 09:49:44','Physical Count 211',68.00),(1075,455,37,'2013-11-25 09:50:25','POS 143',-10.00),(1076,729,37,'2013-11-25 09:58:09','Physical Count 212',52.00),(1077,680,37,'2013-11-25 09:58:09','Physical Count 212',454.00),(1078,720,37,'2013-11-25 09:58:09','Physical Count 212',16.00),(1079,726,37,'2013-11-25 09:58:09','Physical Count 212',108.00),(1080,733,37,'2013-11-25 09:58:09','Physical Count 212',385.00),(1081,727,37,'2013-11-25 09:58:09','Physical Count 212',155.00),(1082,732,37,'2013-11-25 09:58:09','Physical Count 212',151.00),(1083,358,37,'2013-11-25 10:00:22','Receive from Supplier 213',130.00),(1084,675,37,'2013-11-25 10:00:22','Receive from Supplier 213',11.00),(1085,498,37,'2013-11-25 10:01:07','POS 144',-30.00),(1086,421,37,'2013-11-25 10:02:51','POS 145',-3.00),(1087,422,37,'2013-11-25 10:06:21','POS 146',-1.00),(1088,613,37,'2013-11-25 10:09:22','Physical Count 214',4.00),(1089,610,37,'2013-11-25 10:09:22','Physical Count 214',3.00),(1090,609,37,'2013-11-25 10:09:22','Physical Count 214',8.00),(1091,677,37,'2013-11-25 10:10:06','Receive from Supplier 215',55.00),(1092,677,37,'2013-11-25 10:12:22','Adjustment Out 216',-47.00),(1093,368,37,'2013-11-25 10:14:21','Physical Count 217',7.00),(1094,434,37,'2013-11-25 10:14:42','POS 147',-1.00),(1095,360,37,'2013-11-25 10:19:03','Physical Count 218',346.00),(1096,403,37,'2013-11-25 10:19:03','Physical Count 218',23.00),(1097,647,37,'2013-11-25 10:19:03','Physical Count 218',20.00),(1098,641,37,'2013-11-25 10:19:03','Physical Count 218',460.00),(1099,1589,37,'2013-11-25 10:22:41','Physical Count 219',15.00),(1100,647,37,'2013-11-25 10:23:23','Adjustment In 220',3.00),(1101,628,37,'2013-11-25 10:25:51','Physical Count 221',1.00),(1102,1590,37,'2013-11-25 10:31:01','Receive from Supplier 222',3.00),(1103,615,37,'2013-11-25 10:31:01','Receive from Supplier 222',120.00),(1104,1551,37,'2013-11-25 10:31:25','POS 148',-1.00),(1105,627,37,'2013-11-25 10:32:34','Physical Count 223',4.00),(1106,462,37,'2013-11-25 10:33:35','POS 149',-5.00),(1107,626,37,'2013-11-25 10:35:32','Physical Count 224',3.00),(1108,638,37,'2013-11-25 10:46:01','Physical Count 225',53.00),(1109,608,37,'2013-11-25 10:46:01','Physical Count 225',125.00),(1110,655,37,'2013-11-25 10:46:01','Physical Count 225',30.00),(1111,625,37,'2013-11-25 10:46:01','Physical Count 225',80.00),(1112,735,37,'2013-11-25 10:46:01','Physical Count 225',1.00),(1113,404,37,'2013-11-25 10:46:34','POS 150',-10.00),(1114,630,37,'2013-11-25 10:49:30','Physical Count 226',58.00),(1115,629,37,'2013-11-25 10:49:30','Physical Count 226',133.00),(1116,605,37,'2013-11-25 10:49:30','Physical Count 226',24.00),(1117,735,37,'2013-11-25 10:50:37','Adjustment In 227',1.00),(1118,606,37,'2013-11-25 10:57:35','Physical Count 228',63.00),(1119,616,37,'2013-11-25 10:57:35','Physical Count 228',90.00),(1120,617,37,'2013-11-25 10:57:35','Physical Count 228',60.00),(1121,632,37,'2013-11-25 10:57:35','Physical Count 228',107.00),(1122,736,37,'2013-11-25 10:57:35','Physical Count 228',1.00),(1123,612,37,'2013-11-25 10:57:35','Physical Count 228',2.00),(1124,639,37,'2013-11-25 10:57:35','Physical Count 228',7.00),(1125,614,37,'2013-11-25 10:57:35','Physical Count 228',1.00),(1126,645,37,'2013-11-25 10:57:35','Physical Count 228',28.00),(1127,324,37,'2013-11-25 11:00:23','POS 151',-1.00),(1128,622,37,'2013-11-25 11:11:39','Physical Count 229',66.00),(1129,728,37,'2013-11-25 11:11:39','Physical Count 229',135.00),(1130,604,37,'2013-11-25 11:11:39','Physical Count 229',2.00),(1131,648,37,'2013-11-25 11:11:39','Physical Count 229',25.00),(1132,634,37,'2013-11-25 11:11:39','Physical Count 229',80.00),(1133,644,37,'2013-11-25 11:11:39','Physical Count 229',51.00),(1134,637,37,'2013-11-25 11:11:39','Physical Count 229',14.00),(1135,668,37,'2013-11-25 11:13:33','Receive from Supplier 230',22.00),(1136,1591,37,'2013-11-25 11:18:55','Physical Count 231',35.00),(1137,588,37,'2013-11-25 11:18:55','Physical Count 231',100.00),(1138,1592,37,'2013-11-25 11:22:13','Receive from Supplier 232',22.00),(1139,97,37,'2013-11-25 11:22:53','POS 152',-2.00),(1140,588,37,'2013-11-25 11:24:14','Adjustment In 233',200.00),(1141,598,37,'2013-11-25 11:25:55','Adjustment In 234',100.00),(1142,661,37,'2013-11-25 11:27:16','Physical Count 235',5.00),(1143,640,37,'2013-11-25 11:28:58','Adjustment In 236',100.00),(1144,589,37,'2013-11-25 11:33:43','Physical Count 237',175.00),(1145,670,37,'2013-11-25 11:33:43','Physical Count 237',200.00),(1146,586,37,'2013-11-25 11:33:43','Physical Count 237',198.00),(1147,743,37,'2013-11-25 11:33:43','Physical Count 237',400.00),(1148,261,37,'2013-11-25 11:35:26','POS 153',-16.00),(1149,197,37,'2013-11-25 11:35:26','POS 153',-1.00),(1150,663,37,'2013-11-25 11:39:07','Physical Count 238',4.00),(1151,667,37,'2013-11-25 11:39:07','Physical Count 238',159.00),(1152,666,37,'2013-11-25 11:39:07','Physical Count 238',73.00),(1153,669,37,'2013-11-25 11:39:07','Physical Count 238',1.00),(1154,622,37,'2013-11-25 11:39:56','POS 154',-10.00),(1155,279,37,'2013-11-25 11:42:28','Physical Count 239',21.00),(1156,596,37,'2013-11-25 11:42:28','Physical Count 239',13.00),(1157,599,37,'2013-11-25 11:45:27','Physical Count 240',57.00),(1158,607,37,'2013-11-25 11:45:27','Physical Count 240',47.00),(1159,222,37,'2013-11-25 11:50:50','POS 155',-10.00),(1160,583,37,'2013-11-25 11:54:27','Physical Count 241',40.00),(1161,646,37,'2013-11-25 11:54:27','Physical Count 241',6.00),(1162,587,37,'2013-11-25 11:54:27','Physical Count 241',99.00),(1163,648,37,'2013-11-25 11:55:26','Adjustment In 242',93.00),(1164,594,37,'2013-11-25 14:18:54','Physical Count 243',42.00),(1165,653,37,'2013-11-25 14:18:55','Physical Count 243',2.00),(1166,602,37,'2013-11-25 14:18:55','Physical Count 243',2.00),(1167,601,37,'2013-11-25 14:18:55','Physical Count 243',35.00),(1168,600,37,'2013-11-25 14:18:55','Physical Count 243',100.00),(1169,585,37,'2013-11-25 14:18:55','Physical Count 243',70.00),(1170,597,37,'2013-11-25 14:18:55','Physical Count 243',38.00),(1171,590,37,'2013-11-25 14:18:55','Physical Count 243',103.00),(1172,603,37,'2013-11-25 14:20:31','Receive from Supplier 244',10.00),(1173,810,37,'2013-11-25 14:22:07','Adjustment In 245',10.00),(1174,810,37,'2013-11-25 14:23:18','Physical Count 246',4.00),(1175,477,37,'2013-11-25 14:24:34','POS 156',-1.00),(1176,463,37,'2013-11-25 14:29:03','Adjustment In 247',538.00),(1177,574,37,'2013-11-25 14:29:04','Adjustment In 247',416.00),(1178,643,37,'2013-11-25 14:30:44','Physical Count 248',197.00),(1179,221,37,'2013-11-25 14:31:39','POS 157',-1.00),(1180,659,37,'2013-11-25 14:31:39','POS 157',-1.00),(1181,636,37,'2013-11-25 14:38:28','Physical Count 249',66.00),(1182,656,37,'2013-11-25 14:38:29','Physical Count 249',14.00),(1183,611,37,'2013-11-25 14:38:29','Physical Count 249',7.00),(1184,635,37,'2013-11-25 14:38:29','Physical Count 249',17.00),(1185,631,37,'2013-11-25 14:38:29','Physical Count 249',84.00),(1186,640,37,'2013-11-25 14:39:19','Adjustment In 250',10.00),(1187,623,37,'2013-11-25 14:52:43','Physical Count 251',7.00),(1188,624,37,'2013-11-25 14:52:43','Physical Count 251',20.00),(1189,633,37,'2013-11-25 14:52:43','Physical Count 251',212.00),(1190,658,37,'2013-11-25 14:52:43','Physical Count 251',82.00),(1191,676,37,'2013-11-25 14:52:43','Physical Count 251',28.00),(1192,642,37,'2013-11-25 14:52:43','Physical Count 251',300.00),(1193,652,37,'2013-11-25 14:52:43','Physical Count 251',76.00),(1194,1593,37,'2013-11-25 14:55:49','Physical Count 252',10.00),(1195,98,37,'2013-11-25 14:56:19','POS 158',-10.00),(1196,1594,37,'2013-11-25 14:59:16','Physical Count 253',4.00),(1197,1595,37,'2013-11-25 15:07:00','Physical Count 254',9.00),(1198,1596,37,'2013-11-25 15:07:01','Physical Count 254',150.00),(1199,840,37,'2013-11-25 15:09:07','Physical Count 255',1.00),(1200,1417,37,'2013-11-25 15:10:39','POS 159',-2.00),(1201,227,37,'2013-11-25 15:10:39','POS 159',-20.00),(1202,807,37,'2013-11-25 15:18:43','Physical Count 256',1.00),(1203,805,37,'2013-11-25 15:18:44','Physical Count 256',1.00),(1204,843,37,'2013-11-25 15:18:44','Physical Count 256',1.00),(1205,842,37,'2013-11-25 15:18:44','Physical Count 256',2.00),(1206,838,37,'2013-11-25 15:18:44','Physical Count 256',5.00),(1207,834,37,'2013-11-25 15:18:44','Physical Count 256',14.00),(1208,841,37,'2013-11-25 15:18:44','Physical Count 256',8.00),(1209,814,37,'2013-11-25 15:18:44','Physical Count 256',27.00),(1210,821,37,'2013-11-25 15:21:39','Physical Count 257',1.00),(1211,831,37,'2013-11-25 15:21:39','Physical Count 257',16.00),(1212,844,37,'2013-11-25 15:21:39','Physical Count 257',2.00),(1213,463,37,'2013-11-25 15:22:20','POS 160',-24.00),(1214,221,37,'2013-11-25 15:23:16','POS 161',-1.00),(1215,104,37,'2013-11-25 15:24:33','POS 162',-10.00),(1216,264,37,'2013-11-25 15:25:58','POS 163',-18.00),(1217,1180,37,'2013-11-25 15:28:19','POS 164',-1.00),(1218,1181,37,'2013-11-25 15:28:19','POS 164',-1.00),(1219,816,37,'2013-11-25 15:31:50','Physical Count 258',13.00),(1220,382,37,'2013-11-25 15:32:58','POS 165',-10.00),(1221,633,37,'2013-11-25 15:37:23','POS 166',-15.00),(1222,1308,37,'2013-11-25 15:37:23','POS 166',-1.00),(1223,835,37,'2013-11-25 15:46:48','Physical Count 259',2.00),(1224,837,37,'2013-11-25 15:46:48','Physical Count 259',9.00),(1225,354,37,'2013-11-25 15:46:48','Physical Count 259',61.00),(1226,813,37,'2013-11-25 15:46:49','Physical Count 259',32.00),(1227,828,37,'2013-11-25 15:46:49','Physical Count 259',4.00),(1228,819,37,'2013-11-25 15:46:49','Physical Count 259',38.00),(1229,1004,37,'2013-11-25 15:46:49','Physical Count 259',28.00),(1230,824,37,'2013-11-25 15:46:49','Physical Count 259',5.00),(1231,823,37,'2013-11-25 15:46:49','Physical Count 259',4.00),(1232,818,37,'2013-11-25 15:46:49','Physical Count 259',5.00),(1233,273,37,'2013-11-25 15:54:37','Receive from Supplier 260',2.00),(1234,1003,37,'2013-11-25 15:54:37','Receive from Supplier 260',25.00),(1235,839,37,'2013-11-25 15:54:37','Receive from Supplier 260',1.00),(1236,260,37,'2013-11-25 15:54:37','Receive from Supplier 260',1.00),(1237,327,37,'2013-11-25 15:54:38','Receive from Supplier 260',2.00),(1238,847,37,'2013-11-25 15:54:38','Receive from Supplier 260',5.00),(1239,855,37,'2013-11-25 15:54:38','Receive from Supplier 260',4.00),(1240,109,37,'2013-11-25 15:54:38','Receive from Supplier 260',6.00),(1241,1453,37,'2013-11-25 15:54:38','Receive from Supplier 260',26.00),(1242,1597,37,'2013-11-25 15:58:43','Receive from Supplier 261',1.00),(1243,809,37,'2013-11-25 16:00:29','Physical Count 262',1.00),(1244,311,37,'2013-11-25 16:01:23','POS 167',-10.00),(1245,819,37,'2013-11-25 16:01:23','POS 167',-1.00),(1246,808,37,'2013-11-25 16:03:04','Physical Count 263',2.00),(1247,816,37,'2013-11-25 16:03:40','POS 168',-1.00),(1248,862,37,'2013-11-25 16:05:48','Physical Count 264',2.00),(1249,1598,37,'2013-11-25 16:09:52','Physical Count 265',7.00),(1250,676,37,'2013-11-25 16:13:28','POS 169',-1.00),(1251,1476,37,'2013-11-25 16:13:28','POS 169',-2.00),(1252,1421,37,'2013-11-25 16:13:28','POS 169',-1.00),(1253,476,37,'2013-11-25 16:13:28','POS 169',-10.00),(1254,571,37,'2013-11-25 16:13:28','POS 169',-10.00),(1255,313,37,'2013-11-25 16:29:19','Physical Count 266',19.00),(1256,1600,37,'2013-11-25 16:29:19','Physical Count 266',50.00),(1257,1601,37,'2013-11-25 16:29:19','Physical Count 266',5.00),(1258,1602,37,'2013-11-25 16:29:20','Physical Count 266',98.00),(1259,1603,37,'2013-11-25 16:29:20','Physical Count 266',55.00),(1260,1604,37,'2013-11-25 16:33:11','Physical Count 267',175.00),(1261,1605,37,'2013-11-25 16:52:45','Physical Count 268',4.00),(1262,867,37,'2013-11-25 16:52:45','Physical Count 268',16.00),(1263,869,37,'2013-11-25 16:52:45','Physical Count 268',18.00),(1264,866,37,'2013-11-25 16:52:45','Physical Count 268',16.00),(1265,234,37,'2013-11-25 16:52:45','Physical Count 268',120.00),(1266,337,37,'2013-11-25 16:54:21','POS 170',-2.00),(1267,1552,37,'2013-11-25 16:54:21','POS 170',-2.00),(1268,633,37,'2013-11-25 16:54:21','POS 170',-4.00),(1269,884,37,'2013-11-25 17:03:57','Physical Count 269',30.00),(1270,852,37,'2013-11-25 17:03:57','Physical Count 269',22.00),(1271,812,37,'2013-11-25 17:03:57','Physical Count 269',16.00),(1272,882,37,'2013-11-25 17:03:57','Physical Count 269',50.00),(1273,233,37,'2013-11-25 17:03:57','Physical Count 269',1.00),(1274,883,37,'2013-11-25 17:03:57','Physical Count 269',45.00),(1275,345,37,'2013-11-25 17:11:39','POS 171',-15.00),(1276,463,37,'2013-11-25 17:11:39','POS 171',-24.00),(1277,529,37,'2013-11-25 17:11:39','POS 171',-10.00),(1278,878,37,'2013-11-25 17:19:46','POS 172',-1.00),(1279,502,37,'2013-11-25 17:19:46','POS 172',-10.00),(1280,93,37,'2013-11-25 17:19:46','POS 172',-4.00),(1281,909,37,'2013-11-25 17:19:46','POS 172',-12.00),(1282,319,37,'2013-11-25 17:30:56','POS 173',-2.00),(1283,264,37,'2013-11-25 17:32:47','POS 174',-5.00),(1284,340,37,'2013-11-25 17:32:48','POS 174',-1.00),(1285,309,37,'2013-11-25 17:37:31','Physical Count 270',120.00),(1286,945,37,'2013-11-25 17:37:31','Physical Count 270',3.00),(1287,286,37,'2013-11-25 17:37:31','Physical Count 270',241.00),(1288,310,37,'2013-11-25 17:37:31','Physical Count 270',133.00),(1289,489,37,'2013-11-25 17:38:40','POS 175',-1.00),(1290,488,37,'2013-11-25 17:38:40','POS 175',-2.00),(1291,819,37,'2013-11-25 17:38:40','POS 175',-1.00),(1292,340,37,'2013-11-25 17:38:40','POS 175',-1.00),(1293,587,37,'2013-11-25 17:43:15','POS 176',-20.00),(1294,312,37,'2013-11-25 17:43:15','POS 176',-10.00),(1295,1591,37,'2013-11-25 17:43:15','POS 176',-1.00),(1296,1595,37,'2013-11-25 17:43:15','POS 176',-1.00),(1297,132,37,'2013-11-25 17:48:15','Physical Count 271',109.00),(1298,294,37,'2013-11-25 17:48:15','Physical Count 271',248.00),(1299,238,37,'2013-11-25 17:48:15','Physical Count 271',192.00),(1300,1433,37,'2013-11-25 17:48:48','POS 177',-1.00),(1301,1180,37,'2013-11-25 17:48:48','POS 177',-1.00),(1302,407,37,'2013-11-25 17:50:29','POS 178',-2.00),(1303,814,37,'2013-11-25 17:50:29','POS 178',-1.00),(1304,348,37,'2013-11-25 17:52:53','Physical Count 272',106.00),(1305,857,37,'2013-11-25 17:52:53','Physical Count 272',13.00),(1306,1181,37,'2013-11-25 17:53:21','POS 179',-1.00),(1307,390,37,'2013-11-25 17:55:33','POS 180',-10.00),(1308,1597,37,'2013-11-25 17:57:45','POS 181',-1.00),(1309,1223,37,'2013-11-25 17:57:45','POS 181',-1.00),(1310,813,37,'2013-11-25 18:02:05','POS 182',-1.00),(1311,512,37,'2013-11-25 18:02:06','POS 182',-1.00),(1312,999,37,'2013-11-25 18:07:08','Physical Count 273',112.00),(1313,997,37,'2013-11-25 18:07:08','Physical Count 273',196.00),(1314,885,37,'2013-11-25 18:07:08','Physical Count 273',11.00),(1315,171,37,'2013-11-25 18:07:08','Physical Count 273',106.00),(1316,1606,37,'2013-11-25 18:13:20','Physical Count 274',27.00),(1317,1029,37,'2013-11-25 18:13:20','Physical Count 274',6.00),(1318,1607,37,'2013-11-25 18:20:13','Physical Count 275',25.00),(1319,1608,37,'2013-11-25 18:20:13','Physical Count 275',7.00),(1320,282,37,'2013-11-25 18:21:07','POS 183',-30.00),(1321,550,37,'2013-11-25 18:21:07','POS 183',-10.00),(1322,1609,37,'2013-11-25 18:24:34','Physical Count 276',5.00),(1323,819,37,'2013-11-25 18:35:01','POS 184',-1.00),(1324,1610,37,'2013-11-25 18:39:54','Physical Count 277',8.00),(1325,815,37,'2013-11-25 18:39:54','Physical Count 277',2.00),(1326,1367,37,'2013-11-25 18:40:29','POS 185',-1.00),(1327,266,37,'2013-11-25 18:41:47','POS 186',-15.00),(1328,1287,37,'2013-11-25 18:41:47','POS 186',-1.00),(1329,388,37,'2013-11-25 18:42:53','POS 187',-10.00),(1330,819,37,'2013-11-25 18:43:22','POS 188',-2.00),(1331,549,37,'2013-11-25 18:45:17','POS 189',-1.00),(1332,817,37,'2013-11-25 18:53:07','Physical Count 278',2.00),(1333,825,37,'2013-11-25 18:53:07','Physical Count 278',2.00),(1334,122,37,'2013-11-25 18:53:07','Physical Count 278',18.00),(1335,326,37,'2013-11-25 18:53:07','Physical Count 278',23.00),(1336,320,37,'2013-11-25 18:53:07','Physical Count 278',26.00),(1337,405,37,'2013-11-25 18:53:07','Physical Count 278',54.00),(1338,833,37,'2013-11-25 18:53:07','Physical Count 278',4.00),(1339,829,37,'2013-11-25 18:59:52','Physical Count 279',6.00),(1340,271,37,'2013-11-25 18:59:52','Physical Count 279',8.00),(1341,353,37,'2013-11-25 18:59:52','Physical Count 279',21.00),(1342,830,37,'2013-11-25 18:59:52','Physical Count 279',5.00),(1343,827,37,'2013-11-25 18:59:52','Physical Count 279',9.00),(1344,249,37,'2013-11-25 18:59:52','Physical Count 279',4.00),(1345,493,37,'2013-11-25 19:01:48','POS 190',-6.00),(1346,574,37,'2013-11-25 19:01:48','POS 190',-5.00),(1347,491,37,'2013-11-25 19:01:48','POS 190',-2.00),(1348,812,37,'2013-11-25 19:01:48','POS 190',-1.00),(1349,354,37,'2013-11-25 19:01:48','POS 190',-1.00),(1350,826,37,'2013-11-25 19:11:17','Physical Count 280',9.00),(1351,324,37,'2013-11-25 19:11:17','Physical Count 280',3.00),(1352,251,37,'2013-11-25 19:11:17','Physical Count 280',6.00),(1353,822,37,'2013-11-25 19:11:17','Physical Count 280',1.00),(1354,811,37,'2013-11-25 19:11:17','Physical Count 280',6.00),(1355,254,37,'2013-11-25 19:11:17','Physical Count 280',3.00),(1356,355,37,'2013-11-25 19:11:17','Physical Count 280',7.00),(1357,836,37,'2013-11-25 19:11:17','Physical Count 280',3.00),(1358,1549,37,'2013-11-25 19:11:17','Physical Count 280',10.00),(1359,1279,37,'2013-11-25 19:16:11','POS 191',-1.00),(1360,1297,37,'2013-11-25 19:16:11','POS 191',-1.00),(1361,1343,37,'2013-11-25 19:16:11','POS 191',-1.00),(1362,489,37,'2013-11-25 19:21:26','POS 192',-2.00),(1363,823,37,'2013-11-25 19:22:28','POS 193',-1.00),(1364,524,37,'2013-11-25 19:23:30','POS 194',-8.00),(1365,325,37,'2013-11-25 19:26:35','POS 195',-1.00),(1366,388,37,'2013-11-25 19:27:08','POS 196',-2.00),(1367,1188,37,'2013-11-25 19:34:40','POS 197',-1.00),(1368,1383,37,'2013-11-25 19:35:16','POS 198',-1.00),(1369,678,37,'2013-11-25 19:39:18','POS 199',-5.00),(1370,226,37,'2013-11-25 19:39:18','POS 199',-10.00),(1371,463,37,'2013-11-25 19:42:50','POS 200',-2.00),(1372,305,37,'2013-11-26 07:10:32','POS 201',-6.00),(1373,102,37,'2013-11-26 07:10:33','POS 201',-6.00),(1374,1456,37,'2013-11-26 07:13:19','POS 202',-2.00),(1375,1611,37,'2013-11-26 07:19:56','Physical Count 281',2.00),(1376,266,37,'2013-11-26 07:21:13','POS 203',-30.00),(1377,264,37,'2013-11-26 07:21:13','POS 203',-20.00),(1378,1002,37,'2013-11-26 07:30:42','Physical Count 282',26.00),(1379,1612,37,'2013-11-26 07:30:42','Physical Count 282',64.00),(1380,710,37,'2013-11-26 07:30:42','Physical Count 282',63.00),(1381,527,37,'2013-11-26 07:32:13','POS 204',-3.00),(1382,1603,37,'2013-11-26 07:32:13','POS 204',-2.00),(1383,525,37,'2013-11-26 07:33:58','Receive from Supplier 283',140.00),(1384,551,37,'2013-11-26 07:34:41','POS 205',-3.00),(1385,334,37,'2013-11-26 07:38:50','Receive from Supplier 284',180.00),(1386,710,37,'2013-11-26 07:39:26','Receive from Supplier 285',1.00),(1387,485,37,'2013-11-26 07:46:52','Receive from Supplier 286',20.00),(1388,485,37,'2013-11-26 07:47:07','Receive from Supplier 287',20.00),(1389,485,37,'2013-11-26 07:49:37','POS 206',-20.00),(1390,806,37,'2013-11-26 07:49:37','POS 206',-1.00),(1391,390,37,'2013-11-26 07:51:03','POS 207',-40.00),(1392,457,37,'2013-11-26 07:53:40','Receive from Supplier 288',238.00),(1393,722,37,'2013-11-26 07:53:40','Receive from Supplier 288',4.00),(1394,605,37,'2013-11-26 07:54:31','Receive from Supplier 289',45.00),(1395,489,37,'2013-11-26 07:57:29','Receive from Supplier 290',36.00),(1396,1421,37,'2013-11-26 08:02:36','POS 208',-1.00),(1397,507,37,'2013-11-26 08:09:57','Manual Edit of Quantity',413.00),(1398,494,37,'2013-11-26 08:11:41','Manual Edit of Quantity',1.00),(1399,823,37,'2013-11-26 08:15:22','POS 209',-1.00),(1400,562,37,'2013-11-26 08:15:22','POS 209',-2.00),(1401,562,37,'2013-11-26 08:17:50','Manual Edit of Quantity',14.00),(1402,494,37,'2013-11-26 08:20:21','Receive from Supplier 291',3.00),(1403,1613,37,'2013-11-26 08:20:21','Receive from Supplier 291',1.00),(1404,560,37,'2013-11-26 08:23:41','Receive from Supplier 292',3.00),(1405,1614,37,'2013-11-26 08:39:22','Physical Count 293',189.00),(1406,1615,37,'2013-11-26 08:39:23','Physical Count 293',34.00),(1407,1616,37,'2013-11-26 08:39:23','Physical Count 293',418.00),(1408,1617,37,'2013-11-26 08:39:23','Physical Count 293',198.00),(1409,340,37,'2013-11-26 08:39:57','POS 210',-5.00),(1410,306,37,'2013-11-26 08:42:44','POS 211',-10.00),(1411,1029,37,'2013-11-26 08:47:04','POS 212',-1.00),(1412,1219,37,'2013-11-26 08:47:38','POS 213',-1.00),(1413,1187,37,'2013-11-26 08:47:38','POS 213',-1.00),(1414,1618,37,'2013-11-26 08:51:00','Physical Count 294',9.00),(1415,472,37,'2013-11-26 08:51:33','POS 214',-5.00),(1416,649,37,'2013-11-26 08:54:07','Physical Count 295',45.00),(1417,1618,37,'2013-11-26 08:54:07','Physical Count 295',1.00),(1418,863,37,'2013-11-26 08:58:36','Physical Count 296',5.00),(1419,864,37,'2013-11-26 08:58:36','Physical Count 296',3.00),(1420,858,37,'2013-11-26 08:58:36','Physical Count 296',20.00),(1421,861,37,'2013-11-26 08:58:36','Physical Count 296',8.00),(1422,1550,37,'2013-11-26 09:04:02','Physical Count 297',30.00),(1423,1466,37,'2013-11-26 09:04:03','Physical Count 297',24.00),(1424,861,37,'2013-11-26 09:04:03','Physical Count 297',-6.00),(1425,355,37,'2013-11-26 09:06:11','POS 215',-1.00),(1426,89,37,'2013-11-26 09:06:11','POS 215',-3.00),(1427,89,37,'2013-11-26 09:06:43','Manual Edit of Quantity',47.00),(1428,813,37,'2013-11-26 09:07:34','POS 216',-1.00),(1429,267,37,'2013-11-26 09:09:25','POS 217',-15.00),(1430,267,37,'2013-11-26 09:12:15','Manual Edit of Quantity',355.00),(1431,532,37,'2013-11-26 09:13:58','POS 218',-20.00),(1432,1355,37,'2013-11-26 09:21:18','POS 219',-1.00),(1433,296,37,'2013-11-26 09:25:14','Physical Count 298',10.00),(1434,945,37,'2013-11-26 09:25:14','Physical Count 298',1.00),(1435,946,37,'2013-11-26 09:25:14','Physical Count 298',26.00),(1436,948,37,'2013-11-26 09:25:14','Physical Count 298',13.00),(1437,957,37,'2013-11-26 09:28:41','Manual Edit of Quantity',0.00),(1438,367,37,'2013-11-26 09:30:59','POS 220',-10.00),(1439,200,37,'2013-11-26 09:32:28','POS 221',-10.00),(1440,113,37,'2013-11-26 09:32:28','POS 221',-1.00),(1441,957,37,'2013-11-26 09:39:33','Physical Count 299',66.00),(1442,1619,37,'2013-11-26 09:39:33','Physical Count 299',5.00),(1443,1415,37,'2013-11-26 09:43:01','POS 222',-1.00),(1444,968,37,'2013-11-26 09:48:41','Physical Count 300',15.00),(1445,1027,37,'2013-11-26 09:48:41','Physical Count 300',6.00),(1446,294,37,'2013-11-26 09:54:11','POS 223',-1.00),(1447,1178,37,'2013-11-26 09:54:11','POS 223',-1.00),(1448,1402,37,'2013-11-26 09:54:34','POS 224',-2.00),(1449,1360,37,'2013-11-26 09:59:19','POS 225',-1.00),(1450,678,37,'2013-11-26 10:00:20','POS 226',-5.00),(1451,386,37,'2013-11-26 10:00:20','POS 226',-30.00),(1452,1355,37,'2013-11-26 10:02:13','Adjustment In 301',1.00),(1453,613,37,'2013-11-26 10:03:49','POS 227',-1.00),(1454,422,37,'2013-11-26 10:03:49','POS 227',-1.00),(1455,888,37,'2013-11-26 10:06:52','Physical Count 302',126.00),(1456,224,37,'2013-11-26 10:06:52','Physical Count 302',6.00),(1457,958,37,'2013-11-26 10:08:49','Manual Edit of Quantity',0.00),(1458,958,37,'2013-11-26 10:09:28','Physical Count 303',7.00),(1459,875,37,'2013-11-26 10:17:07','Physical Count 304',34.00),(1460,874,37,'2013-11-26 10:17:07','Physical Count 304',11.00),(1461,179,37,'2013-11-26 10:17:07','Physical Count 304',31.00),(1462,181,37,'2013-11-26 10:17:07','Physical Count 304',35.00),(1463,185,37,'2013-11-26 10:17:07','Physical Count 304',37.00),(1464,876,37,'2013-11-26 10:17:07','Physical Count 304',15.00),(1465,178,37,'2013-11-26 10:17:07','Physical Count 304',12.00),(1466,868,37,'2013-11-26 10:17:07','Physical Count 304',19.00),(1467,177,37,'2013-11-26 10:17:07','Physical Count 304',9.00),(1468,947,37,'2013-11-26 10:17:07','Physical Count 304',106.00),(1469,878,37,'2013-11-26 10:20:10','Physical Count 305',7.00),(1470,848,37,'2013-11-26 10:20:10','Physical Count 305',8.00),(1471,1064,37,'2013-11-26 10:20:10','Physical Count 305',3.00),(1472,578,37,'2013-11-26 10:22:10','POS 228',-2.00),(1473,578,37,'2013-11-26 10:23:16','Manual Edit of Quantity',109.00),(1474,849,37,'2013-11-26 10:31:55','Physical Count 306',15.00),(1475,1063,37,'2013-11-26 10:31:55','Physical Count 306',1.00),(1476,1012,37,'2013-11-26 10:31:55','Physical Count 306',16.00),(1477,746,37,'2013-11-26 10:31:55','Physical Count 306',61.00),(1478,757,37,'2013-11-26 10:31:55','Physical Count 306',76.00),(1479,748,37,'2013-11-26 10:31:55','Physical Count 306',27.00),(1480,1005,37,'2013-11-26 10:31:55','Physical Count 306',46.00),(1481,104,37,'2013-11-26 10:33:58','Manual Edit of Quantity',184.00),(1482,104,37,'2013-11-26 10:34:23','POS 229',-10.00),(1483,820,37,'2013-11-26 11:09:46','Physical Count 307',56.00),(1484,887,37,'2013-11-26 11:09:46','Physical Count 307',48.00),(1485,1620,37,'2013-11-26 11:09:46','Physical Count 307',64.00),(1486,850,37,'2013-11-26 11:09:46','Physical Count 307',7.00),(1487,851,37,'2013-11-26 11:09:46','Physical Count 307',5.00),(1488,877,37,'2013-11-26 11:09:46','Physical Count 307',41.00),(1489,890,37,'2013-11-26 11:09:46','Physical Count 307',1.00),(1490,318,37,'2013-11-26 11:09:46','Physical Count 307',1.00),(1491,240,37,'2013-11-26 11:09:46','Physical Count 307',75.00),(1492,998,37,'2013-11-26 11:09:46','Physical Count 307',10.00),(1493,1621,37,'2013-11-26 11:09:46','Physical Count 307',17.00),(1494,280,37,'2013-11-26 11:09:47','Physical Count 307',124.00),(1495,991,37,'2013-11-26 11:09:47','Physical Count 307',81.00),(1496,713,37,'2013-11-26 11:09:47','Physical Count 307',250.00),(1497,1000,37,'2013-11-26 11:14:44','Physical Count 308',93.00),(1498,873,37,'2013-11-26 11:14:44','Physical Count 308',3.00),(1499,290,37,'2013-11-26 11:14:44','Physical Count 308',2.00),(1500,986,37,'2013-11-26 11:14:44','Physical Count 308',34.00),(1501,782,37,'2013-11-26 11:17:32','Physical Count 309',20.00),(1502,1622,37,'2013-11-26 11:28:24','Physical Count 310',1.00),(1503,1223,37,'2013-11-26 11:31:52','POS 230',-1.00),(1504,331,37,'2013-11-26 11:37:10','Manual Edit of Quantity',0.00),(1505,331,37,'2013-11-26 11:42:50','Physical Count 311',10.00),(1506,217,37,'2013-11-26 11:42:50','Physical Count 311',316.00),(1507,678,37,'2013-11-26 11:42:50','Physical Count 311',422.00),(1508,1623,37,'2013-11-26 11:48:40','Receive from Supplier 312',114.00),(1509,886,37,'2013-11-26 11:48:40','Receive from Supplier 312',5.00),(1510,1624,37,'2013-11-26 11:52:45','Receive from Supplier 313',1.00),(1511,1625,37,'2013-11-26 12:00:26','Receive from Supplier 314',4.00),(1512,872,37,'2013-11-26 12:00:26','Receive from Supplier 314',33.00),(1513,820,37,'2013-11-26 12:00:26','Receive from Supplier 314',79.00),(1514,1626,37,'2013-11-26 12:03:24','Physical Count 315',7.00),(1515,1627,37,'2013-11-26 12:08:05','Physical Count 316',2.00),(1516,1628,37,'2013-11-26 12:18:25','Physical Count 317',82.00),(1517,1629,37,'2013-11-26 12:18:25','Physical Count 317',4.00),(1518,1630,37,'2013-11-26 12:18:25','Physical Count 317',6.00),(1519,760,37,'2013-11-26 12:28:41','Physical Count 318',169.00),(1520,1631,37,'2013-11-26 12:28:41','Physical Count 318',161.00),(1521,750,37,'2013-11-26 12:28:41','Physical Count 318',4.00),(1522,751,37,'2013-11-26 12:28:41','Physical Count 318',12.00),(1523,752,37,'2013-11-26 12:28:41','Physical Count 318',340.00),(1524,753,37,'2013-11-26 12:28:41','Physical Count 318',1.00),(1525,763,37,'2013-11-26 12:34:39','Receive from Supplier 319',110.00),(1526,778,37,'2013-11-26 12:34:40','Receive from Supplier 319',235.00),(1527,783,37,'2013-11-26 12:34:40','Receive from Supplier 319',79.00),(1528,1498,37,'2013-11-26 12:34:40','Receive from Supplier 319',30.00),(1529,790,37,'2013-11-26 12:34:42','Receive from Supplier 319',758.00),(1530,755,37,'2013-11-26 12:34:42','Receive from Supplier 319',80.00),(1531,754,37,'2013-11-26 12:34:42','Receive from Supplier 319',15.00),(1532,1214,37,'2013-11-26 12:42:46','POS 231',-1.00),(1533,747,37,'2013-11-26 12:45:27','Physical Count 320',91.00),(1534,606,37,'2013-11-26 12:45:27','Physical Count 320',148.00),(1535,1505,37,'2013-11-26 12:45:27','Physical Count 320',204.00),(1536,658,37,'2013-11-26 12:45:27','Physical Count 320',150.00),(1537,772,37,'2013-11-26 12:45:27','Physical Count 320',247.00),(1538,1041,37,'2013-11-26 12:45:27','Physical Count 320',120.00),(1539,765,37,'2013-11-26 12:53:08','Physical Count 321',243.00),(1540,777,37,'2013-11-26 12:53:08','Physical Count 321',395.00),(1541,246,37,'2013-11-26 12:53:08','Physical Count 321',20.00),(1542,756,37,'2013-11-26 12:53:08','Physical Count 321',100.00),(1543,745,37,'2013-11-26 12:53:08','Physical Count 321',665.00),(1544,709,37,'2013-11-26 12:53:08','Physical Count 321',55.00),(1545,1091,37,'2013-11-26 12:53:47','POS 232',-1.00),(1546,770,37,'2013-11-26 13:00:58','Physical Count 322',102.00),(1547,749,37,'2013-11-26 13:00:58','Physical Count 322',46.00),(1548,1503,37,'2013-11-26 13:00:58','Physical Count 322',7.00),(1549,642,37,'2013-11-26 13:00:58','Physical Count 322',58.00),(1550,389,37,'2013-11-26 13:00:58','Physical Count 322',-137.00),(1551,591,37,'2013-11-26 13:00:58','Physical Count 322',7.00),(1552,544,37,'2013-11-26 13:00:58','Physical Count 322',5.00),(1553,712,37,'2013-11-26 13:00:58','Physical Count 322',204.00),(1554,535,37,'2013-11-26 13:02:48','POS 233',-10.00),(1555,432,37,'2013-11-26 13:11:17','POS 234',-8.00),(1556,680,37,'2013-11-26 13:14:02','Physical Count 323',-430.00),(1557,158,37,'2013-11-26 13:14:02','Physical Count 323',680.00),(1558,160,37,'2013-11-26 13:14:02','Physical Count 323',963.00),(1559,758,37,'2013-11-26 13:14:02','Physical Count 323',251.00),(1560,162,37,'2013-11-26 13:14:02','Physical Count 323',290.00),(1561,119,37,'2013-11-26 13:16:19','Physical Count 324',-20.00),(1562,120,37,'2013-11-26 13:16:19','Physical Count 324',110.00),(1563,1163,37,'2013-11-26 13:17:41','POS 235',-1.00),(1564,701,37,'2013-11-26 13:24:13','Physical Count 325',216.00),(1565,741,37,'2013-11-26 13:24:13','Physical Count 325',56.00),(1566,135,37,'2013-11-26 13:24:13','Physical Count 325',40.00),(1567,1041,37,'2013-11-26 13:24:13','Physical Count 325',38.00),(1568,707,37,'2013-11-26 13:24:13','Physical Count 325',34.00),(1569,119,37,'2013-11-26 13:28:28','POS 236',-1.00),(1570,687,37,'2013-11-26 13:36:31','Physical Count 326',500.00),(1571,762,37,'2013-11-26 13:36:31','Physical Count 326',9.00),(1572,1633,37,'2013-11-26 13:36:31','Physical Count 326',60.00),(1573,724,37,'2013-11-26 13:36:31','Physical Count 326',410.00),(1574,723,37,'2013-11-26 13:36:31','Physical Count 326',187.00),(1575,1634,37,'2013-11-26 13:36:31','Physical Count 326',105.00),(1576,1635,37,'2013-11-26 13:41:32','Physical Count 327',39.00),(1577,1636,37,'2013-11-26 13:41:32','Physical Count 327',45.00),(1578,1637,37,'2013-11-26 13:41:32','Physical Count 327',205.00),(1579,1638,37,'2013-11-26 13:46:24','Physical Count 328',235.00),(1580,247,37,'2013-11-26 13:47:49','Physical Count 329',125.00),(1581,803,37,'2013-11-26 13:54:42','Physical Count 330',50.00),(1582,701,37,'2013-11-26 13:56:30','Adjustment In 331',64.00),(1583,1639,37,'2013-11-26 14:02:37','Physical Count 332',20.00),(1584,713,37,'2013-11-26 14:02:37','Physical Count 332',310.00),(1585,910,37,'2013-11-26 14:02:37','Physical Count 332',62.00),(1586,909,37,'2013-11-26 14:02:38','Physical Count 332',63.00),(1587,1640,37,'2013-11-26 14:10:40','Physical Count 333',6.00),(1588,1641,37,'2013-11-26 14:10:40','Physical Count 333',16.00),(1589,702,37,'2013-11-26 14:10:40','Physical Count 333',15.00),(1590,740,37,'2013-11-26 14:10:40','Physical Count 333',10.00),(1591,394,37,'2013-11-26 14:34:13','POS 237',-10.00),(1592,967,37,'2013-11-26 14:48:17','Physical Count 334',7.00),(1593,796,37,'2013-11-26 14:48:17','Physical Count 334',35.00),(1594,648,37,'2013-11-26 14:48:17','Physical Count 334',6.00),(1595,804,37,'2013-11-26 14:48:17','Physical Count 334',80.00),(1596,365,37,'2013-11-26 14:48:17','Physical Count 334',1160.00),(1597,574,37,'2013-11-26 14:53:49','POS 238',-4.00),(1598,785,37,'2013-11-26 14:54:52','Physical Count 335',44.00),(1599,650,37,'2013-11-26 14:54:52','Physical Count 335',239.00),(1600,1342,37,'2013-11-26 14:55:32','POS 239',-1.00),(1601,1314,37,'2013-11-26 14:55:32','POS 239',-1.00),(1602,797,37,'2013-11-26 14:58:07','Physical Count 336',6.00),(1603,698,37,'2013-11-26 14:58:07','Physical Count 336',24.00),(1604,740,37,'2013-11-26 14:59:19','POS 240',-1.00),(1605,181,37,'2013-11-26 15:02:11','POS 241',-1.00),(1606,699,37,'2013-11-26 15:04:10','Physical Count 337',10.00),(1607,742,37,'2013-11-26 15:04:10','Physical Count 337',95.00),(1608,388,37,'2013-11-26 15:05:04','POS 242',-10.00),(1609,512,37,'2013-11-26 15:09:43','POS 243',-1.00),(1610,314,37,'2013-11-26 15:14:43','POS 244',-15.00),(1611,270,37,'2013-11-26 15:14:43','POS 244',-15.00),(1612,158,37,'2013-11-26 15:14:43','POS 244',-15.00),(1613,1642,37,'2013-11-26 15:17:18','Physical Count 338',26.00),(1614,973,37,'2013-11-26 15:17:18','Physical Count 338',18.00),(1615,970,37,'2013-11-26 15:17:18','Physical Count 338',82.00),(1616,1643,37,'2013-11-26 15:30:54','Physical Count 339',23.00),(1617,708,37,'2013-11-26 15:30:55','Physical Count 339',230.00),(1618,1512,37,'2013-11-26 15:33:47','Physical Count 340',11.00),(1619,950,37,'2013-11-26 15:33:47','Physical Count 340',81.00),(1620,793,37,'2013-11-26 15:35:03','Physical Count 341',33.00),(1621,1603,37,'2013-11-26 15:35:31','POS 245',-5.00),(1622,457,37,'2013-11-26 15:37:22','POS 246',-10.00),(1623,330,37,'2013-11-26 15:37:22','POS 246',-4.00),(1624,457,37,'2013-11-26 15:39:03','Manual Edit of Quantity',228.00),(1625,1431,37,'2013-11-26 15:41:26','POS 247',-1.00),(1626,342,37,'2013-11-26 15:43:45','POS 248',-1.00),(1627,788,37,'2013-11-26 15:46:29','Physical Count 342',38.00),(1628,657,37,'2013-11-26 15:46:29','Physical Count 342',44.00),(1629,406,37,'2013-11-26 15:46:50','POS 249',-1.00),(1630,761,37,'2013-11-26 15:58:15','Physical Count 343',4.00),(1631,1644,37,'2013-11-26 15:58:15','Physical Count 343',6.00),(1632,966,37,'2013-11-26 15:58:15','Physical Count 343',48.00),(1633,794,37,'2013-11-26 15:58:15','Physical Count 343',80.00),(1634,694,37,'2013-11-26 15:58:15','Physical Count 343',674.00),(1635,1645,37,'2013-11-26 15:58:15','Physical Count 343',10.00),(1636,782,37,'2013-11-26 15:58:37','POS 250',-1.00),(1637,769,37,'2013-11-26 16:04:55','Physical Count 344',236.00),(1638,764,37,'2013-11-26 16:04:55','Physical Count 344',35.00),(1639,1646,37,'2013-11-26 16:04:55','Physical Count 344',76.00),(1640,947,37,'2013-11-26 16:05:45','POS 251',-1.00),(1641,1647,37,'2013-11-26 16:14:38','Physical Count 345',13.00),(1642,800,37,'2013-11-26 16:14:38','Physical Count 345',382.00),(1643,1648,37,'2013-11-26 16:14:38','Physical Count 345',130.00),(1644,946,37,'2013-11-26 16:14:57','POS 252',-1.00),(1645,1513,37,'2013-11-26 16:16:50','Physical Count 346',86.00),(1646,792,37,'2013-11-26 16:20:02','POS 253',-2.00),(1647,1556,37,'2013-11-26 16:24:19','Physical Count 347',-220.00),(1648,768,37,'2013-11-26 16:24:20','Physical Count 347',68.00),(1649,643,37,'2013-11-26 16:25:01','POS 254',-2.00),(1650,316,37,'2013-11-26 16:28:49','Physical Count 348',140.00),(1651,853,37,'2013-11-26 16:28:50','Physical Count 348',84.00),(1652,899,37,'2013-11-26 16:28:50','Physical Count 348',30.00),(1653,792,37,'2013-11-26 16:29:13','POS 255',-1.00),(1654,476,37,'2013-11-26 16:30:11','Adjustment In 349',59.00),(1655,799,37,'2013-11-26 16:36:08','Physical Count 350',37.00),(1656,1649,37,'2013-11-26 16:36:08','Physical Count 350',6.00),(1657,291,37,'2013-11-26 16:36:33','POS 256',-2.00),(1658,854,37,'2013-11-26 16:38:49','Physical Count 351',56.00),(1659,900,37,'2013-11-26 16:38:50','Physical Count 351',30.00),(1660,792,37,'2013-11-26 16:40:45','Physical Count 352',31.00),(1661,1551,37,'2013-11-26 16:41:35','POS 257',-1.00),(1662,333,37,'2013-11-26 16:46:56','POS 258',-1.00),(1663,244,37,'2013-11-26 16:46:56','POS 258',-30.00),(1664,529,37,'2013-11-26 16:46:56','POS 258',-10.00),(1665,1591,37,'2013-11-26 16:49:42','POS 259',-2.00),(1666,771,37,'2013-11-26 16:51:30','Physical Count 353',307.00),(1667,792,37,'2013-11-26 16:53:05','POS 260',-3.00),(1668,853,37,'2013-11-26 16:55:32','POS 261',-14.00),(1669,119,37,'2013-11-26 16:56:43','POS 262',-20.00),(1670,578,37,'2013-11-26 16:57:50','POS 263',-3.00),(1671,1603,37,'2013-11-26 16:59:56','POS 264',-4.00),(1672,707,37,'2013-11-26 16:59:56','POS 264',-4.00),(1673,753,37,'2013-11-26 17:01:56','POS 265',-4.00),(1674,753,37,'2013-11-26 17:05:14','POS 266',-5.00),(1675,981,37,'2013-11-26 17:06:11','Physical Count 354',45.00),(1676,879,37,'2013-11-26 17:06:11','Physical Count 354',72.00),(1677,369,37,'2013-11-26 17:08:02','POS 267',-20.00),(1678,316,37,'2013-11-26 17:08:02','POS 267',-14.00),(1679,879,37,'2013-11-26 17:08:02','POS 267',-15.00),(1680,601,37,'2013-11-26 17:11:29','POS 268',-1.00),(1681,633,37,'2013-11-26 17:11:29','POS 268',-50.00),(1682,820,37,'2013-11-26 17:11:29','POS 268',-1.00),(1683,271,37,'2013-11-26 17:13:25','POS 269',-1.00),(1684,595,37,'2013-11-26 17:18:45','Physical Count 355',67.00),(1685,792,37,'2013-11-26 17:20:11','POS 270',-1.00),(1686,247,37,'2013-11-26 17:20:11','POS 270',-1.00),(1687,676,37,'2013-11-26 17:20:11','POS 270',-8.00),(1688,1623,37,'2013-11-26 17:22:37','POS 271',-2.00),(1689,803,37,'2013-11-26 17:22:37','POS 271',-1.00),(1690,253,37,'2013-11-26 17:31:25','Physical Count 356',47.00),(1691,982,37,'2013-11-26 17:31:25','Physical Count 356',16.00),(1692,990,37,'2013-11-26 17:31:25','Physical Count 356',24.00),(1693,1006,37,'2013-11-26 17:31:25','Physical Count 356',4.00),(1694,312,37,'2013-11-26 17:31:25','Physical Count 356',247.00),(1695,312,37,'2013-11-26 17:39:54','POS 272',-10.00),(1696,616,37,'2013-11-26 17:39:54','POS 272',-10.00),(1697,1215,37,'2013-11-26 17:42:09','POS 273',-1.00),(1698,291,37,'2013-11-26 17:42:09','POS 273',-2.00),(1699,972,37,'2013-11-26 17:42:09','POS 273',-1.00),(1700,544,37,'2013-11-26 17:43:09','POS 274',-1.00),(1701,723,37,'2013-11-26 17:47:40','POS 275',-20.00),(1702,285,37,'2013-11-26 17:48:34','POS 276',-10.00),(1703,1593,37,'2013-11-26 17:48:34','POS 276',-10.00),(1704,229,37,'2013-11-26 17:52:09','POS 277',-30.00),(1705,325,37,'2013-11-26 17:52:09','POS 277',-1.00),(1706,650,37,'2013-11-26 17:52:09','POS 277',-5.00),(1707,1281,37,'2013-11-26 17:52:25','POS 278',-1.00),(1708,757,37,'2013-11-26 17:54:57','POS 279',-4.00),(1709,120,37,'2013-11-26 17:54:57','POS 279',-20.00),(1710,1260,37,'2013-11-26 17:55:49','POS 280',-1.00),(1711,257,37,'2013-11-26 18:01:47','POS 281',-2.00),(1712,1650,37,'2013-11-26 18:09:14','Physical Count 357',200.00),(1713,118,37,'2013-11-26 18:17:02','POS 282',-1.00),(1714,474,37,'2013-11-26 18:17:02','POS 282',-1.00),(1715,493,37,'2013-11-26 18:17:02','POS 282',-12.00),(1716,390,37,'2013-11-26 18:17:02','POS 282',-2.00),(1717,745,37,'2013-11-26 18:17:02','POS 282',-10.00),(1718,1556,37,'2013-11-26 18:17:02','POS 282',-10.00),(1719,175,37,'2013-11-26 18:17:02','POS 282',-4.00),(1720,1651,37,'2013-11-26 18:21:43','Physical Count 358',375.00),(1721,568,37,'2013-11-26 18:22:24','POS 283',-5.00),(1722,578,37,'2013-11-26 18:25:05','POS 284',-3.00),(1723,806,37,'2013-11-26 18:25:05','POS 284',-2.00),(1724,217,37,'2013-11-26 18:32:31','POS 285',-2.00),(1725,756,37,'2013-11-26 18:32:31','POS 285',-1.00),(1726,379,37,'2013-11-26 18:32:31','POS 285',-10.00),(1727,386,37,'2013-11-26 18:32:31','POS 285',-6.00),(1728,319,37,'2013-11-26 18:32:31','POS 285',-2.00),(1729,1519,37,'2013-11-26 18:32:31','POS 285',-1.00),(1730,1215,37,'2013-11-26 18:32:59','POS 286',-1.00),(1731,1214,37,'2013-11-26 18:32:59','POS 286',-1.00),(1732,983,37,'2013-11-26 18:36:37','Physical Count 359',45.00),(1733,1007,37,'2013-11-26 18:36:37','Physical Count 359',61.00),(1734,905,37,'2013-11-26 18:36:37','Physical Count 359',20.00),(1735,813,37,'2013-11-26 18:37:51','POS 287',-1.00),(1736,650,37,'2013-11-26 18:37:51','POS 287',-1.00),(1737,898,37,'2013-11-26 18:41:31','Physical Count 360',18.00),(1738,106,37,'2013-11-26 18:41:31','Physical Count 360',29.00),(1739,105,37,'2013-11-26 18:41:31','Physical Count 360',40.00),(1740,897,37,'2013-11-26 18:41:31','Physical Count 360',3.00),(1741,1418,37,'2013-11-26 18:42:13','POS 288',-2.00),(1742,1425,37,'2013-11-26 18:42:13','POS 288',-1.00),(1743,1001,37,'2013-11-26 18:50:16','Physical Count 361',83.00),(1744,995,37,'2013-11-26 18:50:16','Physical Count 361',150.00),(1745,418,37,'2013-11-26 18:50:16','Physical Count 361',79.00),(1746,871,37,'2013-11-26 18:50:16','Physical Count 361',99.00),(1747,896,37,'2013-11-26 18:50:16','Physical Count 361',59.00),(1748,870,37,'2013-11-26 18:50:16','Physical Count 361',99.00),(1749,895,37,'2013-11-26 18:50:16','Physical Count 361',50.00),(1750,880,37,'2013-11-26 18:50:16','Physical Count 361',40.00),(1751,985,37,'2013-11-26 18:51:51','Receive from Supplier 362',7.00),(1752,99,37,'2013-11-26 18:53:10','POS 289',-10.00),(1753,788,37,'2013-11-26 18:53:10','POS 289',-1.00),(1754,694,37,'2013-11-26 18:56:08','POS 290',-10.00),(1755,267,37,'2013-11-26 18:56:08','POS 290',-2.00),(1756,1313,37,'2013-11-26 18:56:08','POS 290',-1.00),(1757,99,37,'2013-11-26 18:58:29','Manual Edit of Quantity',99.00),(1758,1313,37,'2013-11-26 19:00:30','Manual Edit of Quantity',13.00),(1759,787,37,'2013-11-26 19:02:56','Physical Count 363',108.00),(1760,799,37,'2013-11-26 19:03:43','POS 291',-1.00),(1761,650,37,'2013-11-26 19:03:43','POS 291',-2.00),(1762,1010,37,'2013-11-26 19:13:58','Physical Count 364',70.00),(1763,881,37,'2013-11-26 19:13:58','Physical Count 364',48.00),(1764,894,37,'2013-11-26 19:13:58','Physical Count 364',43.00),(1765,992,37,'2013-11-26 19:13:58','Physical Count 364',8.00),(1766,994,37,'2013-11-26 19:13:58','Physical Count 364',61.00),(1767,904,37,'2013-11-26 19:13:58','Physical Count 364',29.00),(1768,996,37,'2013-11-26 19:13:58','Physical Count 364',7.00),(1769,134,37,'2013-11-26 19:13:58','Physical Count 364',78.00),(1770,133,37,'2013-11-26 19:13:58','Physical Count 364',120.00),(1771,164,37,'2013-11-26 19:25:59','Physical Count 365',21.00),(1772,1008,37,'2013-11-26 19:25:59','Physical Count 365',10.00),(1773,1009,37,'2013-11-26 19:25:59','Physical Count 365',5.00),(1774,993,37,'2013-11-26 19:25:59','Physical Count 365',40.00),(1775,891,37,'2013-11-26 19:25:59','Physical Count 365',123.00),(1776,969,37,'2013-11-26 19:25:59','Physical Count 365',2.00),(1777,1057,37,'2013-11-26 19:25:59','Physical Count 365',3.00),(1778,1031,37,'2013-11-26 19:25:59','Physical Count 365',4.00),(1779,1483,37,'2013-11-26 19:36:25','Receive from Supplier 366',7.00),(1780,1482,37,'2013-11-26 19:36:25','Receive from Supplier 366',7.00),(1781,1484,37,'2013-11-26 19:36:25','Receive from Supplier 366',1.00),(1782,1490,37,'2013-11-26 19:36:25','Receive from Supplier 366',19.00),(1783,1496,37,'2013-11-26 19:36:25','Receive from Supplier 366',7.00),(1784,1497,37,'2013-11-26 19:36:25','Receive from Supplier 366',7.00),(1785,1070,37,'2013-11-26 19:36:25','Receive from Supplier 366',10.00),(1786,1053,37,'2013-11-26 19:36:25','Receive from Supplier 366',50.00),(1787,574,37,'2013-11-26 19:37:31','POS 292',-5.00),(1788,353,37,'2013-11-26 19:40:08','POS 293',-1.00),(1789,355,37,'2013-11-26 19:40:08','POS 293',-1.00),(1790,676,37,'2013-11-26 19:42:32','POS 294',-3.00),(1791,857,37,'2013-11-26 19:50:08','POS 295',-1.00),(1792,1623,37,'2013-11-27 07:14:49','POS 296',-2.00),(1793,713,37,'2013-11-27 07:14:49','POS 296',-1.00),(1794,1652,37,'2013-11-27 07:26:42','Physical Count 367',162.00),(1795,1653,37,'2013-11-27 07:26:42','Physical Count 367',81.00),(1796,935,37,'2013-11-27 07:26:42','Physical Count 367',14.00),(1797,156,37,'2013-11-27 07:28:15','POS 297',-1.00),(1798,389,37,'2013-11-27 07:28:15','POS 297',-10.00),(1799,247,37,'2013-11-27 07:28:15','POS 297',-1.00),(1800,1566,37,'2013-11-27 07:28:15','POS 297',-1.00),(1801,639,37,'2013-11-27 07:28:15','POS 297',-1.00),(1802,389,37,'2013-11-27 07:32:27','Manual Edit of Quantity',13.00),(1803,529,37,'2013-11-27 07:48:26','POS 298',-10.00),(1804,732,37,'2013-11-27 07:50:36','POS 299',-2.00),(1805,361,37,'2013-11-27 07:53:32','POS 300',-10.00),(1806,633,37,'2013-11-27 07:53:32','POS 300',-20.00),(1807,90,37,'2013-11-27 07:55:37','Physical Count 368',-2.00),(1808,278,37,'2013-11-27 07:56:56','Manual Edit of Quantity',4.00),(1809,257,37,'2013-11-27 08:03:51','Physical Count 369',46.00),(1810,753,37,'2013-11-27 08:03:52','Physical Count 369',78.00),(1811,264,37,'2013-11-27 08:03:52','Physical Count 369',44.00),(1812,264,37,'2013-11-27 08:06:27','Manual Edit of Quantity',1.00),(1813,264,37,'2013-11-27 08:07:01','Manual Edit of Quantity',1.00),(1814,264,37,'2013-11-27 08:07:47','Physical Count 370',621.00),(1815,502,37,'2013-11-27 08:09:11','Physical Count 371',200.00),(1816,239,37,'2013-11-27 08:09:59','POS 301',-6.00),(1817,806,37,'2013-11-27 08:12:50','Adjustment In 372',3.00),(1818,972,37,'2013-11-27 08:17:21','Adjustment In 373',1.00),(1819,374,37,'2013-11-27 08:18:10','POS 302',-10.00),(1820,788,37,'2013-11-27 08:28:07','POS 303',-1.00),(1821,1371,37,'2013-11-27 08:33:48','Manual Edit of Quantity',1.00),(1822,1384,37,'2013-11-27 08:35:32','Manual Edit of Quantity',1.00),(1823,1623,37,'2013-11-27 08:37:25','POS 304',-5.00),(1824,1595,37,'2013-11-27 08:40:08','POS 305',-1.00),(1825,760,37,'2013-11-27 08:43:14','POS 306',-20.00),(1826,1070,37,'2013-11-27 08:43:14','POS 306',-1.00),(1827,785,37,'2013-11-27 08:53:15','POS 307',-5.00),(1828,649,37,'2013-11-27 09:02:20','POS 308',-1.00),(1829,255,37,'2013-11-27 09:02:20','POS 308',-1.00),(1830,605,37,'2013-11-27 09:02:20','POS 308',-10.00),(1831,1651,37,'2013-11-27 09:02:20','POS 308',-10.00),(1832,264,37,'2013-11-27 09:02:20','POS 308',-20.00),(1833,1505,37,'2013-11-27 09:02:20','POS 308',-190.00),(1834,320,37,'2013-11-27 09:02:20','POS 308',-2.00),(1835,489,37,'2013-11-27 09:02:20','POS 308',-3.00),(1836,498,37,'2013-11-27 09:02:20','POS 308',-30.00),(1837,247,37,'2013-11-27 09:05:51','POS 309',-5.00),(1838,1468,37,'2013-11-27 09:05:51','POS 309',-2.00),(1839,605,37,'2013-11-27 09:07:48','Adjustment In 374',5.00),(1840,650,37,'2013-11-27 09:12:29','POS 310',-2.00),(1841,462,37,'2013-11-27 09:17:48','POS 311',-30.00),(1842,462,37,'2013-11-27 09:19:01','POS 312',-10.00),(1843,1650,37,'2013-11-27 09:19:53','POS 313',-10.00),(1844,1650,37,'2013-11-27 09:27:03','POS 314',-5.00),(1845,240,37,'2013-11-27 09:27:03','POS 314',-5.00),(1846,1603,37,'2013-11-27 09:27:03','POS 314',-1.00),(1847,158,37,'2013-11-27 09:27:03','POS 314',-10.00),(1848,1651,37,'2013-11-27 09:27:03','POS 314',-10.00),(1849,334,37,'2013-11-27 09:27:03','POS 314',-7.00),(1850,1265,37,'2013-11-27 09:28:12','POS 315',-1.00),(1851,488,37,'2013-11-27 09:30:40','POS 316',-6.00),(1852,365,37,'2013-11-27 09:30:40','POS 316',-2.00),(1853,474,37,'2013-11-27 09:34:52','POS 317',-1.00),(1854,931,37,'2013-11-27 09:36:34','Manual Edit of Quantity',0.00),(1855,919,37,'2013-11-27 09:37:38','Physical Count 375',22.00),(1856,1372,37,'2013-11-27 09:42:36','Manual Edit of Quantity',8.00),(1857,1371,37,'2013-11-27 09:43:07','Manual Edit of Quantity',1.00),(1858,593,37,'2013-11-27 09:46:43','POS 318',-30.00),(1859,388,37,'2013-11-27 09:50:42','POS 319',-10.00),(1860,284,37,'2013-11-27 09:59:00','POS 320',-10.00),(1861,202,37,'2013-11-27 10:01:00','Physical Count 376',130.00),(1862,201,37,'2013-11-27 10:01:00','Physical Count 376',65.00),(1863,424,37,'2013-11-27 10:19:07','Physical Count 377',624.00),(1864,564,37,'2013-11-27 10:19:08','Physical Count 377',1.00),(1865,671,37,'2013-11-27 10:19:08','Physical Count 377',184.00),(1866,718,37,'2013-11-27 10:19:08','Physical Count 377',50.00),(1867,633,37,'2013-11-27 10:29:20','POS 321',-5.00),(1868,337,37,'2013-11-27 10:29:20','POS 321',-2.00),(1869,1552,37,'2013-11-27 10:29:20','POS 321',-4.00),(1870,933,37,'2013-11-27 10:42:26','Physical Count 378',4.00),(1871,984,37,'2013-11-27 10:42:26','Physical Count 378',8.00),(1872,934,37,'2013-11-27 10:42:26','Physical Count 378',3.00),(1873,908,37,'2013-11-27 10:42:26','Physical Count 378',4.00),(1874,333,37,'2013-11-27 10:50:54','POS 322',-1.00),(1875,365,37,'2013-11-27 10:50:55','POS 322',-10.00),(1876,834,37,'2013-11-27 10:50:55','POS 322',-1.00),(1877,1632,37,'2013-11-27 11:03:57','POS 323',-1.00),(1878,791,37,'2013-11-27 11:04:32','POS 324',-3.00),(1879,605,37,'2013-11-27 11:05:41','POS 325',-5.00),(1880,491,37,'2013-11-27 11:09:34','POS 326',-6.00),(1881,160,37,'2013-11-27 11:13:44','POS 327',-10.00),(1882,1229,37,'2013-11-27 11:14:49','POS 328',-1.00),(1883,226,37,'2013-11-27 11:16:44','Manual Edit of Quantity',517.00),(1884,678,37,'2013-11-27 11:17:24','POS 329',-5.00),(1885,226,37,'2013-11-27 11:17:24','POS 329',-10.00),(1886,875,37,'2013-11-27 11:23:22','POS 330',-6.00),(1887,181,37,'2013-11-27 11:23:22','POS 330',-12.00),(1888,179,37,'2013-11-27 11:23:22','POS 330',-12.00),(1889,309,37,'2013-11-27 11:23:22','POS 330',-20.00),(1890,527,37,'2013-11-27 11:23:22','POS 330',-20.00),(1891,231,37,'2013-11-27 11:23:22','POS 330',-100.00),(1892,1506,37,'2013-11-27 11:23:22','POS 330',-5.00),(1893,1228,37,'2013-11-27 11:29:59','POS 331',-1.00),(1894,284,37,'2013-11-27 11:35:50','POS 332',-5.00),(1895,221,37,'2013-11-27 11:35:50','POS 332',-1.00),(1896,906,37,'2013-11-27 11:45:47','Physical Count 379',398.00),(1897,937,37,'2013-11-27 11:45:47','Physical Count 379',2.00),(1898,936,37,'2013-11-27 11:45:47','Physical Count 379',5.00),(1899,913,37,'2013-11-27 11:45:47','Physical Count 379',19.00),(1900,912,37,'2013-11-27 11:45:47','Physical Count 379',22.00),(1901,1654,37,'2013-11-27 11:45:47','Physical Count 379',3.00),(1902,932,37,'2013-11-27 11:55:42','Physical Count 380',3.00),(1903,137,37,'2013-11-27 11:55:43','Physical Count 380',29.00),(1904,914,37,'2013-11-27 11:55:44','Physical Count 380',17.00),(1905,1655,37,'2013-11-27 11:55:44','Physical Count 380',28.00),(1906,919,37,'2013-11-27 11:57:30','Manual Edit of Quantity',22.00),(1907,918,37,'2013-11-27 11:58:48','Manual Edit of Quantity',0.00),(1908,918,37,'2013-11-27 12:05:06','Physical Count 381',2.00),(1909,1656,37,'2013-11-27 12:05:06','Physical Count 381',21.00),(1910,432,37,'2013-11-27 12:07:24','POS 333',-8.00),(1911,1657,37,'2013-11-27 12:18:14','Physical Count 382',1.00),(1912,907,37,'2013-11-27 12:18:14','Physical Count 382',4.00),(1913,863,37,'2013-11-27 12:18:14','Physical Count 382',-3.00),(1914,1658,37,'2013-11-27 12:18:14','Physical Count 382',12.00),(1915,1659,37,'2013-11-27 12:18:15','Physical Count 382',1.00),(1916,1612,37,'2013-11-27 12:19:29','Adjustment In 383',12.00),(1917,1660,37,'2013-11-27 12:33:42','Physical Count 384',121.00),(1918,1661,37,'2013-11-27 12:33:42','Physical Count 384',10.00),(1919,1662,37,'2013-11-27 12:33:42','Physical Count 384',3.00),(1920,1663,37,'2013-11-27 12:33:42','Physical Count 384',9.00),(1921,1658,37,'2013-11-27 12:34:13','Manual Edit of Quantity',12.00),(1922,1665,37,'2013-11-27 13:01:05','Physical Count 385',2.00),(1923,938,37,'2013-11-27 13:01:05','Physical Count 385',14.00),(1924,949,37,'2013-11-27 13:01:05','Physical Count 385',9.00),(1925,674,37,'2013-11-27 13:01:05','Physical Count 385',55.00),(1926,1666,37,'2013-11-27 13:01:05','Physical Count 385',9.00),(1927,1657,37,'2013-11-27 13:01:05','Physical Count 385',37.00),(1928,785,37,'2013-11-27 13:12:17','POS 334',-2.00),(1929,648,37,'2013-11-27 13:16:07','POS 335',-2.00),(1930,219,37,'2013-11-27 13:18:09','Physical Count 386',21.00),(1931,220,37,'2013-11-27 13:18:09','Physical Count 386',10.00),(1932,1667,37,'2013-11-27 13:18:09','Physical Count 386',1.00),(1933,978,37,'2013-11-27 13:22:29','Physical Count 387',42.00),(1934,786,37,'2013-11-27 13:22:29','Physical Count 387',42.00),(1935,977,37,'2013-11-27 13:22:30','Physical Count 387',6.00),(1936,672,37,'2013-11-27 13:29:00','POS 336',-3.00),(1937,221,37,'2013-11-27 13:39:10','POS 337',-1.00),(1938,226,37,'2013-11-27 13:49:02','POS 338',-20.00),(1939,724,37,'2013-11-27 13:56:36','POS 339',-10.00),(1940,119,37,'2013-11-27 13:58:04','POS 340',-30.00),(1941,1491,37,'2013-11-27 14:11:29','Physical Count 388',5.00),(1942,1487,37,'2013-11-27 14:11:29','Physical Count 388',32.00),(1943,1470,37,'2013-11-27 14:11:29','Physical Count 388',45.00),(1944,1489,37,'2013-11-27 14:11:29','Physical Count 388',13.00),(1945,1472,37,'2013-11-27 14:11:29','Physical Count 388',47.00),(1946,1486,37,'2013-11-27 14:11:29','Physical Count 388',19.00),(1947,1488,37,'2013-11-27 14:11:29','Physical Count 388',35.00),(1948,1471,37,'2013-11-27 14:11:29','Physical Count 388',5.00),(1949,1485,37,'2013-11-27 14:11:29','Physical Count 388',28.00),(1950,1492,37,'2013-11-27 14:11:29','Physical Count 388',25.00),(1951,1493,37,'2013-11-27 14:11:30','Physical Count 388',12.00),(1952,1408,37,'2013-11-27 14:11:30','Physical Count 388',9.00),(1953,1495,37,'2013-11-27 14:11:30','Physical Count 388',86.00),(1954,1663,37,'2013-11-27 14:16:05','Manual Edit of Quantity',9.00),(1955,1663,37,'2013-11-27 14:16:46','Manual Edit of Quantity',9.00),(1956,1612,37,'2013-11-27 14:20:13','POS 341',-1.00),(1957,1668,37,'2013-11-27 14:21:48','Physical Count 389',5.00),(1958,1494,37,'2013-11-27 14:21:48','Physical Count 389',59.00),(1959,463,37,'2013-11-27 14:22:59','POS 342',-24.00),(1960,672,37,'2013-11-27 14:35:10','Physical Count 390',24.00),(1961,959,37,'2013-11-27 14:35:10','Physical Count 390',351.00),(1962,1669,37,'2013-11-27 14:35:10','Physical Count 390',1.00),(1963,1671,37,'2013-11-27 14:51:42','Manual Edit of Quantity',0.00),(1964,1670,37,'2013-11-27 14:53:39','Physical Count 391',1.00),(1965,1671,37,'2013-11-27 14:53:39','Physical Count 391',10.00),(1966,1598,37,'2013-11-27 14:59:16','POS 343',-1.00),(1967,462,37,'2013-11-27 14:59:16','POS 343',-2.00),(1968,1623,37,'2013-11-27 14:59:16','POS 343',-3.00),(1969,1671,37,'2013-11-27 15:00:40','Manual Edit of Quantity',10.00),(1970,888,37,'2013-11-27 15:01:19','POS 344',-2.00),(1971,1671,37,'2013-11-27 15:01:19','POS 344',-2.00),(1972,1670,37,'2013-11-27 15:03:13','Physical Count 392',78.00),(1973,288,37,'2013-11-27 15:25:24','POS 345',-1.00),(1974,529,37,'2013-11-27 15:25:24','POS 345',-10.00),(1975,1651,37,'2013-11-27 15:25:24','POS 345',-10.00),(1976,1672,37,'2013-11-27 15:29:08','Physical Count 393',9.00),(1977,1673,37,'2013-11-27 15:33:50','Physical Count 394',8.00),(1978,1673,37,'2013-11-27 15:35:00','POS 346',-1.00),(1979,788,37,'2013-11-27 15:35:01','POS 346',-1.00),(1980,507,37,'2013-11-27 15:35:01','POS 346',-3.00),(1981,1676,37,'2013-11-27 15:43:23','Physical Count 395',11.00),(1982,1017,37,'2013-11-27 16:05:12','Physical Count 396',5.00),(1983,1015,37,'2013-11-27 16:05:12','Physical Count 396',10.00),(1984,1013,37,'2013-11-27 16:05:12','Physical Count 396',3.00),(1985,1014,37,'2013-11-27 16:05:12','Physical Count 396',3.00),(1986,581,37,'2013-11-27 16:07:03','POS 347',-1.00),(1987,562,37,'2013-11-27 16:07:03','POS 347',-1.00),(1988,694,37,'2013-11-27 16:08:23','POS 348',-5.00),(1989,1038,37,'2013-11-27 16:16:03','Physical Count 397',8.00),(1990,1039,37,'2013-11-27 16:16:03','Physical Count 397',5.00),(1991,1020,37,'2013-11-27 16:16:03','Physical Count 397',26.00),(1992,1019,37,'2013-11-27 16:16:03','Physical Count 397',7.00),(1993,1018,37,'2013-11-27 16:16:03','Physical Count 397',4.00),(1994,1022,37,'2013-11-27 16:16:04','Physical Count 397',3.00),(1995,1040,37,'2013-11-27 16:16:04','Physical Count 397',6.00),(1996,1035,37,'2013-11-27 16:16:04','Physical Count 397',9.00),(1997,1512,37,'2013-11-27 16:21:09','POS 349',-1.00),(1998,102,37,'2013-11-27 16:21:09','POS 349',-4.00),(1999,305,37,'2013-11-27 16:21:09','POS 349',-4.00),(2000,1651,37,'2013-11-27 16:21:09','POS 349',-4.00),(2001,660,37,'2013-11-27 16:22:00','POS 350',-2.00),(2002,1215,37,'2013-11-27 16:23:11','POS 351',-1.00),(2003,1259,37,'2013-11-27 16:23:11','POS 351',-1.00),(2004,1240,37,'2013-11-27 16:23:11','POS 351',-1.00),(2005,1033,37,'2013-11-27 16:28:20','Physical Count 398',16.00),(2006,1036,37,'2013-11-27 16:28:20','Physical Count 398',26.00),(2007,1016,37,'2013-11-27 16:28:20','Physical Count 398',5.00),(2008,744,37,'2013-11-27 16:28:20','Physical Count 398',17.00),(2009,964,37,'2013-11-27 16:30:37','Manual Edit of Quantity',0.00),(2010,964,37,'2013-11-27 16:39:41','Physical Count 399',28.00),(2011,1025,37,'2013-11-27 16:39:41','Physical Count 399',2.00),(2012,1024,37,'2013-11-27 16:39:41','Physical Count 399',1.00),(2013,1023,37,'2013-11-27 16:39:41','Physical Count 399',5.00),(2014,1044,37,'2013-11-27 16:39:41','Physical Count 399',41.00),(2015,1044,37,'2013-11-27 16:40:20','POS 352',-2.00),(2016,1048,37,'2013-11-27 16:42:31','Physical Count 400',32.00),(2017,1043,37,'2013-11-27 16:42:31','Physical Count 400',3.00),(2018,1045,37,'2013-11-27 16:42:31','Physical Count 400',17.00),(2019,1518,37,'2013-11-27 16:42:56','POS 353',-1.00),(2020,1677,37,'2013-11-27 16:52:18','Physical Count 401',17.00),(2021,1678,37,'2013-11-27 16:52:19','Physical Count 401',15.00),(2022,1679,37,'2013-11-27 16:57:26','Physical Count 402',24.00),(2023,959,37,'2013-11-27 16:59:46','Adjustment In 403',44.00),(2024,1509,37,'2013-11-27 16:59:46','Adjustment In 403',15.00),(2025,824,37,'2013-11-27 17:01:46','POS 354',-1.00),(2026,1510,37,'2013-11-27 17:03:15','Manual Edit of Quantity',0.00),(2027,632,37,'2013-11-27 17:05:47','POS 355',-20.00),(2028,1651,37,'2013-11-27 17:05:47','POS 355',-20.00),(2029,312,37,'2013-11-27 17:05:48','POS 355',-20.00),(2030,312,37,'2013-11-27 17:10:39','POS 356',-30.00),(2031,365,37,'2013-11-27 17:10:39','POS 356',-10.00),(2032,1640,37,'2013-11-27 17:10:39','POS 356',-1.00),(2033,841,37,'2013-11-27 17:11:59','POS 357',-1.00),(2034,498,37,'2013-11-27 17:13:42','POS 358',-10.00),(2035,1680,37,'2013-11-27 17:18:57','Physical Count 404',8.00),(2036,1681,37,'2013-11-27 17:18:57','Physical Count 404',16.00),(2037,964,37,'2013-11-27 17:19:36','POS 359',-1.00),(2038,718,37,'2013-11-27 17:19:36','POS 359',-1.00),(2039,1682,37,'2013-11-27 17:27:56','Physical Count 405',183.00),(2040,1683,37,'2013-11-27 17:27:56','Physical Count 405',7.00),(2041,718,37,'2013-11-27 17:28:31','POS 360',-1.00),(2042,1595,37,'2013-11-27 17:30:38','POS 361',-1.00),(2043,463,37,'2013-11-27 17:32:24','POS 362',-24.00),(2044,717,37,'2013-11-27 17:32:24','POS 362',-1.00),(2045,313,37,'2013-11-27 17:33:22','POS 363',-1.00),(2046,1262,37,'2013-11-27 17:33:22','POS 363',-1.00),(2047,313,37,'2013-11-27 17:34:29','POS 364',-1.00),(2048,1557,37,'2013-11-27 17:42:42','POS 365',-10.00),(2049,1016,37,'2013-11-27 17:42:42','POS 365',-1.00),(2050,613,37,'2013-11-27 17:42:42','POS 365',-1.00),(2051,1015,37,'2013-11-27 17:42:42','POS 365',-1.00),(2052,422,37,'2013-11-27 17:42:42','POS 365',-1.00),(2053,114,37,'2013-11-27 17:42:43','POS 365',-1.00),(2054,113,37,'2013-11-27 17:42:43','POS 365',-1.00),(2055,202,37,'2013-11-27 17:42:43','POS 365',-2.00),(2056,965,37,'2013-11-27 17:43:22','POS 366',-10.00),(2057,1215,37,'2013-11-27 17:45:54','POS 367',-1.00),(2058,718,37,'2013-11-27 17:45:54','POS 367',-1.00),(2059,424,37,'2013-11-27 17:45:54','POS 367',-4.00),(2060,970,37,'2013-11-27 17:46:36','POS 368',-1.00),(2061,365,37,'2013-11-27 17:46:36','POS 368',-1.00),(2062,187,37,'2013-11-27 17:47:28','POS 369',-1.00),(2063,1371,37,'2013-11-27 17:48:21','POS 370',-1.00),(2064,313,37,'2013-11-27 17:49:03','POS 371',-1.00),(2065,1309,37,'2013-11-27 17:49:53','POS 372',-1.00),(2066,1331,37,'2013-11-27 17:58:35','POS 373',-1.00),(2067,512,37,'2013-11-27 17:58:35','POS 373',-1.00),(2068,1304,37,'2013-11-27 17:58:35','POS 373',-1.00),(2069,449,37,'2013-11-27 17:58:35','POS 373',-10.00),(2070,390,37,'2013-11-27 17:58:35','POS 373',-10.00),(2071,609,37,'2013-11-27 17:58:35','POS 373',-1.00),(2072,422,37,'2013-11-27 17:58:35','POS 373',-1.00),(2073,1431,37,'2013-11-27 17:58:35','POS 373',-1.00),(2074,264,37,'2013-11-27 17:58:35','POS 373',-10.00),(2075,657,37,'2013-11-27 17:58:35','POS 373',-1.00),(2076,529,37,'2013-11-27 18:00:41','POS 374',-10.00),(2077,312,37,'2013-11-27 18:02:26','POS 375',-10.00),(2078,280,37,'2013-11-27 18:05:43','POS 376',-4.00),(2079,565,37,'2013-11-27 18:07:59','Manual Edit of Quantity',12.00),(2080,565,37,'2013-11-27 18:08:30','POS 377',-1.00),(2081,1684,37,'2013-11-27 18:12:28','Physical Count 406',44.00),(2082,1045,37,'2013-11-27 18:13:33','Adjustment Out 407',-8.00),(2083,717,37,'2013-11-27 18:14:56','POS 378',-4.00),(2084,717,37,'2013-11-27 18:16:54','POS 379',-4.00),(2085,1059,37,'2013-11-27 18:18:45','Physical Count 408',7.00),(2086,173,37,'2013-11-27 18:21:47','POS 380',-1.00),(2087,104,37,'2013-11-27 18:21:47','POS 380',-10.00),(2088,1639,37,'2013-11-27 18:21:47','POS 380',-1.00),(2089,947,37,'2013-11-27 18:24:14','POS 381',-1.00),(2090,388,37,'2013-11-27 18:24:14','POS 381',-10.00),(2091,1058,37,'2013-11-27 18:24:14','POS 381',-2.00),(2092,717,37,'2013-11-27 18:25:06','POS 382',-2.00),(2093,1685,37,'2013-11-27 18:25:45','Physical Count 409',11.00),(2094,1686,37,'2013-11-27 18:32:28','Physical Count 410',6.00),(2095,1687,37,'2013-11-27 18:32:29','Physical Count 410',8.00),(2096,433,37,'2013-11-27 18:33:00','POS 383',-10.00),(2097,119,37,'2013-11-27 18:34:10','POS 384',-30.00),(2098,1317,37,'2013-11-27 18:39:48','POS 385',-1.00),(2099,786,37,'2013-11-27 18:39:48','POS 385',-1.00),(2100,1688,37,'2013-11-27 18:42:58','Physical Count 411',9.00),(2101,1689,37,'2013-11-27 18:42:58','Physical Count 411',44.00),(2102,1690,37,'2013-11-27 18:42:58','Physical Count 411',20.00),(2103,785,37,'2013-11-27 18:44:54','POS 386',-1.00),(2104,590,37,'2013-11-27 18:44:54','POS 386',-10.00),(2105,718,37,'2013-11-27 18:44:54','POS 386',-4.00),(2106,155,37,'2013-11-27 18:49:45','POS 387',-5.00),(2107,424,37,'2013-11-27 18:49:45','POS 387',-12.00),(2108,1623,37,'2013-11-27 18:51:27','POS 388',-1.00),(2109,1691,37,'2013-11-27 18:56:59','Physical Count 412',2.00),(2110,416,37,'2013-11-27 18:57:53','POS 389',-1.00),(2111,187,37,'2013-11-27 18:57:53','POS 389',-1.00),(2112,1692,37,'2013-11-27 19:10:58','Physical Count 413',26.00),(2113,721,37,'2013-11-27 19:10:58','Physical Count 413',5.00),(2114,865,37,'2013-11-27 19:10:58','Physical Count 413',16.00),(2115,1033,37,'2013-11-27 19:12:30','POS 390',-1.00),(2116,1012,37,'2013-11-27 19:12:30','POS 390',-1.00),(2117,1684,37,'2013-11-27 19:12:30','POS 390',-1.00),(2118,564,37,'2013-11-28 06:55:32','POS 391',-1.00),(2119,405,37,'2013-11-28 06:55:32','POS 391',-1.00),(2120,137,37,'2013-11-28 06:55:32','POS 391',-1.00),(2121,333,37,'2013-11-28 06:59:05','POS 392',-1.00),(2122,754,37,'2013-11-28 06:59:05','POS 392',-10.00),(2123,778,37,'2013-11-28 06:59:05','POS 392',-10.00),(2124,792,37,'2013-11-28 06:59:05','POS 392',-2.00),(2125,574,37,'2013-11-28 06:59:05','POS 392',-2.00),(2126,678,37,'2013-11-28 06:59:05','POS 392',-2.00),(2127,457,37,'2013-11-28 06:59:05','POS 392',-12.00),(2128,710,37,'2013-11-28 07:00:44','POS 393',-4.00),(2129,279,37,'2013-11-28 07:04:50','POS 394',-1.00),(2130,361,37,'2013-11-28 07:07:45','POS 395',-15.00),(2132,1001,37,'2013-11-28 07:07:45','POS 395',-15.00),(2133,709,37,'2013-11-28 07:10:47','POS 396',-15.00),(2134,336,37,'2013-11-28 07:10:47','POS 396',-1.00),(2135,348,37,'2013-11-28 07:12:28','POS 397',-5.00),(2136,968,37,'2013-11-28 07:12:28','POS 397',-1.00),(2137,1566,37,'2013-11-28 07:13:22','POS 398',-1.00),(2138,181,37,'2013-11-28 07:17:32','POS 399',-1.00),(2139,679,37,'2013-11-28 07:21:20','POS 400',-1.00),(2140,279,37,'2013-11-28 07:21:20','POS 400',-1.00),(2141,133,37,'2013-11-28 07:21:20','POS 400',-10.00),(2142,1572,37,'2013-11-28 07:24:00','POS 401',-15.00),(2143,760,37,'2013-11-28 07:24:00','POS 401',-10.00),(2144,650,37,'2013-11-28 07:28:44','POS 402',-1.00),(2145,429,37,'2013-11-28 07:28:44','POS 402',-3.00),(2146,158,37,'2013-11-28 07:28:44','POS 402',-3.00),(2147,158,37,'2013-11-28 07:35:24','POS 403',-2.00),(2148,1634,37,'2013-11-28 07:39:35','POS 404',-6.00),(2149,424,37,'2013-11-28 07:48:19','POS 405',-6.00),(2150,613,37,'2013-11-28 08:04:51','POS 406',-1.00),(2151,679,37,'2013-11-28 08:04:51','POS 406',-1.00),(2152,1693,37,'2013-11-28 08:05:15','Adjustment In 414',33.00),(2153,1694,37,'2013-11-28 08:06:48','Physical Count 415',12.00),(2154,678,37,'2013-11-28 08:08:01','POS 407',-5.00),(2155,263,37,'2013-11-28 08:08:01','POS 407',-6.00),(2156,653,37,'2013-11-28 08:08:01','POS 407',-1.00),(2157,1456,37,'2013-11-28 08:09:58','POS 408',-1.00),(2158,516,37,'2013-11-28 08:12:28','POS 409',-10.00),(2159,588,37,'2013-11-28 08:12:28','POS 409',-10.00),(2160,217,37,'2013-11-28 08:12:28','POS 409',-10.00),(2161,732,37,'2013-11-28 08:15:52','POS 410',-20.00),(2162,1562,37,'2013-11-28 08:15:52','POS 410',-20.00),(2163,678,37,'2013-11-28 08:15:52','POS 410',-20.00),(2164,315,37,'2013-11-28 08:15:52','POS 410',-20.00),(2165,601,37,'2013-11-28 08:15:52','POS 410',-10.00),(2166,540,37,'2013-11-28 08:15:52','POS 410',-20.00),(2167,264,37,'2013-11-28 08:15:52','POS 410',-20.00),(2168,463,37,'2013-11-28 08:15:52','POS 410',-24.00),(2169,261,37,'2013-11-28 08:15:52','POS 410',-32.00),(2170,198,37,'2013-11-28 08:15:52','POS 410',-10.00),(2171,939,37,'2013-11-28 08:15:52','POS 410',-1.00),(2172,1214,37,'2013-11-28 08:27:41','POS 411',-1.00),(2173,1640,37,'2013-11-28 08:28:57','POS 412',-1.00),(2174,643,37,'2013-11-28 08:45:32','POS 413',-20.00),(2175,227,37,'2013-11-28 08:45:32','POS 413',-10.00),(2176,476,37,'2013-11-28 08:45:32','POS 413',-20.00),(2177,752,37,'2013-11-28 08:45:32','POS 413',-20.00),(2178,1695,37,'2013-11-28 08:46:26','Physical Count 416',28.00),(2179,1696,37,'2013-11-28 08:46:26','Physical Count 416',256.00),(2180,1697,37,'2013-11-28 08:46:26','Physical Count 416',43.00),(2181,424,37,'2013-11-28 08:46:26','Physical Count 416',128.00),(2182,1598,37,'2013-11-28 08:51:01','POS 414',-1.00),(2183,1698,37,'2013-11-28 08:56:30','Physical Count 417',40.00),(2184,1699,37,'2013-11-28 08:56:30','Physical Count 417',80.00),(2185,1700,37,'2013-11-28 08:56:30','Physical Count 417',50.00),(2186,1701,37,'2013-11-28 08:56:31','Physical Count 417',11.00),(2187,933,37,'2013-11-28 08:57:57','POS 415',-1.00),(2188,549,37,'2013-11-28 08:57:57','POS 415',-2.00),(2189,678,37,'2013-11-28 08:58:34','POS 416',-1.00),(2190,516,37,'2013-11-28 09:01:38','POS 417',-10.00),(2191,424,37,'2013-11-28 09:01:38','POS 417',-6.00),(2192,678,37,'2013-11-28 09:01:50','POS 418',-1.00),(2193,184,37,'2013-11-28 09:02:28','POS 419',-2.00),(2194,1702,37,'2013-11-28 09:06:31','Physical Count 418',13.00),(2195,1702,37,'2013-11-28 09:06:58','Manual Edit of Quantity',13.00),(2196,1702,37,'2013-11-28 09:08:12','Manual Edit of Quantity',13.00),(2197,723,37,'2013-11-28 09:12:32','POS 420',-20.00),(2198,1639,37,'2013-11-28 09:12:32','POS 420',-1.00),(2199,536,37,'2013-11-28 09:14:15','POS 421',-10.00),(2200,642,37,'2013-11-28 09:14:15','POS 421',-10.00),(2201,970,37,'2013-11-28 09:18:55','POS 422',-1.00),(2202,424,37,'2013-11-28 09:19:43','POS 423',-12.00),(2203,1704,37,'2013-11-28 09:23:28','Manual Edit of Quantity',0.00),(2205,1704,37,'2013-11-28 09:25:36','Physical Count 419',5.00),(2206,840,37,'2013-11-28 09:30:32','Receive from Supplier 420',2.00),(2207,839,37,'2013-11-28 09:30:32','Receive from Supplier 420',5.00),(2208,1011,37,'2013-11-28 09:30:32','Receive from Supplier 420',200.00),(2209,982,37,'2013-11-28 09:30:32','Receive from Supplier 420',60.00),(2210,683,37,'2013-11-28 09:30:32','Receive from Supplier 420',60.00),(2211,881,37,'2013-11-28 09:30:32','Receive from Supplier 420',48.00),(2212,295,37,'2013-11-28 09:30:58','POS 424',-2.00),(2213,950,37,'2013-11-28 09:33:16','POS 425',-1.00),(2214,291,37,'2013-11-28 09:33:16','POS 425',-2.00),(2215,881,37,'2013-11-28 09:35:15','Manual Edit of Quantity',96.00),(2216,512,37,'2013-11-28 09:41:14','POS 426',-1.00),(2217,879,37,'2013-11-28 09:43:29','Receive from Supplier 421',60.00),(2218,880,37,'2013-11-28 09:43:29','Receive from Supplier 421',60.00),(2219,324,37,'2013-11-28 09:43:30','Receive from Supplier 421',5.00),(2220,1260,37,'2013-11-28 09:50:24','POS 427',-1.00),(2221,843,37,'2013-11-28 09:54:04','Receive from Supplier 422',10.00),(2222,493,37,'2013-11-28 09:54:04','Receive from Supplier 422',144.00),(2223,1651,37,'2013-11-28 09:54:04','Receive from Supplier 422',500.00),(2224,812,37,'2013-11-28 09:54:04','Receive from Supplier 422',50.00),(2225,355,37,'2013-11-28 09:54:04','Receive from Supplier 422',20.00),(2226,498,37,'2013-11-28 09:57:51','Receive from Supplier 423',300.00),(2227,807,37,'2013-11-28 09:57:51','Receive from Supplier 423',11.00),(2228,1583,37,'2013-11-28 09:57:51','Receive from Supplier 423',6.00),(2229,222,37,'2013-11-28 09:57:51','Receive from Supplier 423',200.00),(2230,604,37,'2013-11-28 09:57:51','Receive from Supplier 423',11.00),(2231,1698,37,'2013-11-28 10:00:39','Physical Count 424',-17.00),(2232,543,37,'2013-11-28 10:04:05','POS 428',-10.00),(2233,875,37,'2013-11-28 10:04:05','POS 428',-6.00),(2234,218,37,'2013-11-28 10:04:05','POS 428',-10.00),(2235,1697,37,'2013-11-28 10:04:05','POS 428',-1.00),(2236,217,37,'2013-11-28 10:05:08','POS 429',-24.00),(2237,1199,37,'2013-11-28 10:08:32','POS 430',-1.00),(2238,1289,37,'2013-11-28 10:08:32','POS 430',-1.00),(2239,1181,37,'2013-11-28 10:08:32','POS 430',-1.00),(2240,1288,37,'2013-11-28 10:09:05','POS 431',-1.00),(2241,950,37,'2013-11-28 10:17:58','POS 432',-1.00),(2242,741,37,'2013-11-28 10:21:37','Manual Edit of Quantity',56.00),(2243,185,37,'2013-11-28 10:22:17','POS 433',-2.00),(2244,224,37,'2013-11-28 10:22:17','POS 433',-2.00),(2245,1409,37,'2013-11-28 10:45:03','Physical Count 425',8.00),(2246,1705,37,'2013-11-28 10:45:03','Physical Count 425',12.00),(2247,1706,37,'2013-11-28 10:45:04','Physical Count 425',4.00),(2248,1707,37,'2013-11-28 10:45:04','Physical Count 425',49.00),(2249,1708,37,'2013-11-28 10:45:04','Physical Count 425',6.00),(2250,1709,37,'2013-11-28 10:45:04','Physical Count 425',10.00),(2251,1710,37,'2013-11-28 10:45:04','Physical Count 425',18.00),(2252,1711,37,'2013-11-28 10:45:04','Physical Count 425',6.00),(2253,659,37,'2013-11-28 10:46:17','POS 434',-1.00),(2254,717,37,'2013-11-28 10:46:17','POS 434',-1.00),(2255,1004,37,'2013-11-28 10:46:17','POS 434',-5.00),(2256,587,37,'2013-11-28 10:51:35','POS 435',-79.00),(2257,680,37,'2013-11-28 10:51:35','POS 435',-5.00),(2258,367,37,'2013-11-28 10:51:35','POS 435',-5.00),(2259,590,37,'2013-11-28 10:51:35','POS 435',-10.00),(2260,239,37,'2013-11-28 10:51:35','POS 435',-5.00),(2261,1712,37,'2013-11-28 10:59:01','Physical Count 426',10.00),(2262,1713,37,'2013-11-28 10:59:01','Physical Count 426',9.00),(2263,1640,37,'2013-11-28 10:59:27','POS 436',-1.00),(2264,291,37,'2013-11-28 11:01:58','Physical Count 427',-2.00),(2265,1697,37,'2013-11-28 11:03:15','POS 437',-1.00),(2266,1390,37,'2013-11-28 11:08:14','POS 438',-1.00),(2267,1390,37,'2013-11-28 11:09:35','POS 439',-3.00),(2268,89,37,'2013-11-28 11:22:28','Manual Edit of Quantity',47.00),(2269,89,37,'2013-11-28 11:23:02','POS 440',-5.00),(2270,90,37,'2013-11-28 11:23:02','POS 440',-10.00),(2271,785,37,'2013-11-28 11:32:30','POS 441',-1.00),(2272,404,37,'2013-11-28 15:30:33','POS 442',-4.00),(2273,103,37,'2013-11-28 15:30:33','POS 442',-6.00),(2274,491,37,'2013-11-28 15:30:33','POS 442',-1.00),(2275,649,37,'2013-11-28 15:30:33','POS 442',-1.00),(2276,416,37,'2013-11-28 15:30:33','POS 442',-1.00),(2277,253,37,'2013-11-28 15:30:33','POS 442',-2.00),(2278,1389,37,'2013-11-28 15:30:33','POS 442',-1.00),(2279,279,37,'2013-11-28 15:30:33','POS 442',-1.00),(2280,433,37,'2013-11-28 15:30:33','POS 442',-30.00),(2281,797,37,'2013-11-28 15:30:33','POS 442',-1.00),(2282,280,37,'2013-11-28 15:30:33','POS 442',-2.00),(2283,279,37,'2013-11-28 15:36:56','POS 443',-1.00),(2284,764,37,'2013-11-28 15:36:56','POS 443',-35.00),(2285,183,37,'2013-11-28 15:36:56','POS 443',-30.00),(2286,642,37,'2013-11-28 15:36:56','POS 443',-30.00),(2287,1016,37,'2013-11-28 15:36:56','POS 443',-1.00),(2288,253,37,'2013-11-28 15:36:56','POS 443',-2.00),(2289,288,37,'2013-11-28 15:36:57','POS 443',-1.00),(2290,424,37,'2013-11-28 15:36:57','POS 443',-6.00),(2291,1700,37,'2013-11-28 15:36:57','POS 443',-2.00),(2292,717,37,'2013-11-28 15:36:57','POS 443',-2.00),(2293,119,37,'2013-11-28 15:36:57','POS 443',-10.00),(2294,1651,37,'2013-11-28 15:46:24','POS 444',-10.00),(2295,226,37,'2013-11-28 15:46:24','POS 444',-10.00),(2296,158,37,'2013-11-28 15:46:24','POS 444',-10.00),(2297,649,37,'2013-11-28 15:46:24','POS 444',-1.00),(2298,412,37,'2013-11-28 15:46:24','POS 444',-10.00),(2299,717,37,'2013-11-28 15:46:24','POS 444',-1.00),(2300,724,37,'2013-11-28 15:46:24','POS 444',-10.00),(2301,100,37,'2013-11-28 15:46:24','POS 444',-10.00),(2302,772,37,'2013-11-28 15:46:24','POS 444',-7.00),(2303,433,37,'2013-11-28 15:46:24','POS 444',-40.00),(2304,532,37,'2013-11-28 15:46:24','POS 444',-10.00),(2305,270,37,'2013-11-28 15:46:24','POS 444',-10.00),(2306,658,37,'2013-11-28 15:46:24','POS 444',-7.00),(2307,190,37,'2013-11-28 15:46:24','POS 444',-7.00),(2308,369,37,'2013-11-28 15:46:24','POS 444',-20.00),(2309,202,37,'2013-11-28 15:48:34','POS 445',-8.00),(2310,263,37,'2013-11-28 15:48:34','POS 445',-8.00),(2311,734,37,'2013-11-28 15:48:34','POS 445',-1.00),(2312,796,37,'2013-11-28 15:48:34','POS 445',-1.00),(2313,1715,37,'2013-11-28 15:50:50','Physical Count 428',580.00),(2315,1715,37,'2013-11-28 15:53:41','POS 447',-20.00),(2316,961,37,'2013-11-28 16:01:45','Physical Count 429',316.00),(2317,1716,37,'2013-11-28 16:01:45','Physical Count 429',138.00),(2318,1717,37,'2013-11-28 16:01:45','Physical Count 429',203.00),(2319,1718,37,'2013-11-28 16:01:45','Physical Count 429',61.00),(2320,388,37,'2013-11-28 16:02:23','POS 448',-2.00),(2321,1719,37,'2013-11-28 16:04:57','Physical Count 430',6.00),(2322,1086,37,'2013-11-28 16:12:18','POS 449',-1.00),(2323,732,37,'2013-11-28 16:22:47','POS 450',-10.00),(2324,413,37,'2013-11-28 16:31:25','POS 451',-10.00),(2325,708,37,'2013-11-28 16:31:25','POS 451',-10.00),(2326,247,37,'2013-11-28 16:31:25','POS 451',-1.00),(2327,824,37,'2013-11-28 16:33:20','POS 452',-2.00),(2328,263,37,'2013-11-28 16:33:20','POS 452',-12.00),(2329,202,37,'2013-11-28 16:33:21','POS 452',-12.00),(2330,954,37,'2013-11-28 16:35:17','Physical Count 431',36.00),(2331,1036,37,'2013-11-28 16:38:48','POS 453',-1.00),(2332,578,37,'2013-11-28 16:41:29','POS 454',-3.00),(2333,717,37,'2013-11-28 16:41:29','POS 454',-1.00),(2334,1678,37,'2013-11-28 16:43:23','POS 455',-1.00),(2335,1036,37,'2013-11-28 16:43:23','POS 455',-1.00),(2336,1720,37,'2013-11-28 16:49:13','Physical Count 432',59.00),(2337,1720,37,'2013-11-28 16:50:21','Manual Edit of Quantity',59.00),(2338,666,37,'2013-11-28 16:51:16','POS 456',-15.00),(2339,1482,37,'2013-11-28 16:52:54','POS 457',-2.00),(2340,1721,37,'2013-11-28 16:57:56','Physical Count 433',57.00),(2341,1724,37,'2013-11-28 16:57:56','Physical Count 433',1.00),(2342,1710,37,'2013-11-28 16:59:34','POS 458',-1.00),(2343,909,37,'2013-11-28 16:59:34','POS 458',-2.00),(2344,329,37,'2013-11-28 16:59:34','POS 458',-10.00),(2345,1705,37,'2013-11-28 17:00:33','POS 459',-1.00),(2346,1309,37,'2013-11-28 17:00:33','POS 459',-1.00),(2347,1296,37,'2013-11-28 17:00:33','POS 459',-1.00),(2348,574,37,'2013-11-28 17:01:59','POS 460',-4.00),(2349,1060,37,'2013-11-28 17:04:04','POS 461',-2.00),(2350,1724,37,'2013-11-28 17:05:06','Physical Count 434',14.00),(2351,1727,37,'2013-11-28 17:12:44','Receive from Supplier 435',33.00),(2352,279,37,'2013-11-28 17:14:26','POS 462',-1.00),(2353,730,37,'2013-11-28 17:14:26','POS 462',-1.00),(2354,1704,37,'2013-11-28 17:14:26','POS 462',-1.00),(2355,202,37,'2013-11-28 17:14:26','POS 462',-9.00),(2356,103,37,'2013-11-28 17:17:38','POS 463',-10.00),(2357,422,37,'2013-11-28 17:22:56','POS 464',-1.00),(2358,668,37,'2013-11-28 17:22:56','POS 464',-1.00),(2359,717,37,'2013-11-28 17:22:56','POS 464',-4.00),(2360,424,37,'2013-11-28 17:22:56','POS 464',-6.00),(2361,824,37,'2013-11-28 17:22:56','POS 464',-2.00),(2362,678,37,'2013-11-28 17:28:37','POS 465',-2.00),(2363,610,37,'2013-11-28 17:28:37','POS 465',-1.00),(2364,1002,37,'2013-11-28 17:28:37','POS 465',-1.00),(2365,527,37,'2013-11-28 17:28:37','POS 465',-3.00),(2366,672,37,'2013-11-28 17:28:37','POS 465',-4.00),(2367,1728,37,'2013-11-28 17:34:17','Physical Count 436',45.00),(2368,1729,37,'2013-11-28 17:34:18','Physical Count 436',11.00),(2369,1729,37,'2013-11-28 17:35:24','Manual Edit of Quantity',11.00),(2370,1730,37,'2013-11-28 17:37:49','Physical Count 437',1.00),(2371,1731,37,'2013-11-28 17:42:24','Receive from Supplier 438',6.00),(2372,957,37,'2013-11-28 17:45:01','POS 466',-5.00),(2373,280,37,'2013-11-28 17:48:20','POS 467',-10.00),(2374,388,37,'2013-11-28 17:48:20','POS 467',-2.00),(2375,643,37,'2013-11-28 17:48:20','POS 467',-1.00),(2376,291,37,'2013-11-28 17:48:20','POS 467',-1.00),(2377,217,37,'2013-11-28 17:48:20','POS 467',-2.00),(2378,247,37,'2013-11-28 17:48:20','POS 467',-1.00),(2379,1631,37,'2013-11-28 17:51:42','POS 468',-10.00),(2380,718,37,'2013-11-28 17:51:42','POS 468',-2.00),(2381,675,37,'2013-11-28 17:51:42','POS 468',-1.00),(2382,544,37,'2013-11-28 17:51:42','POS 468',-1.00),(2383,812,37,'2013-11-28 17:53:05','POS 469',-2.00),(2384,741,37,'2013-11-28 18:00:43','POS 470',-4.00),(2385,1392,37,'2013-11-28 18:13:00','POS 471',-1.00),(2386,574,37,'2013-11-28 18:13:00','POS 471',-2.00),(2387,1721,37,'2013-11-28 18:13:00','POS 471',-1.00),(2388,503,37,'2013-11-28 18:13:00','POS 471',-10.00),(2389,1440,37,'2013-11-28 18:13:00','POS 471',-1.00),(2390,591,37,'2013-11-28 18:13:00','POS 471',-10.00),(2391,1651,37,'2013-11-28 18:13:00','POS 471',-10.00),(2392,160,37,'2013-11-28 18:13:00','POS 471',-10.00),(2393,646,37,'2013-11-28 18:15:18','POS 472',-1.00),(2394,502,37,'2013-11-28 18:15:18','POS 472',-20.00),(2395,1223,37,'2013-11-28 18:16:16','POS 473',-1.00),(2396,629,37,'2013-11-28 18:19:55','POS 474',-10.00),(2397,374,37,'2013-11-28 18:19:55','POS 474',-10.00),(2398,843,37,'2013-11-28 18:19:55','POS 474',-1.00),(2399,710,37,'2013-11-28 18:19:55','POS 474',-1.00),(2400,1651,37,'2013-11-28 18:19:55','POS 474',-10.00),(2401,1732,37,'2013-11-28 18:24:47','Physical Count 439',1.00),(2402,1733,37,'2013-11-28 18:24:47','Physical Count 439',1.00),(2403,1095,37,'2013-11-28 18:25:13','POS 475',-1.00),(2404,1547,37,'2013-11-28 18:25:13','POS 475',-1.00),(2405,201,37,'2013-11-28 18:26:06','POS 476',-24.00),(2406,217,37,'2013-11-28 18:27:49','POS 477',-1.00),(2407,1697,37,'2013-11-28 18:27:49','POS 477',-1.00),(2408,746,37,'2013-11-28 18:35:32','POS 478',-10.00),(2409,957,37,'2013-11-28 18:35:32','POS 478',-1.00),(2410,870,37,'2013-11-28 18:37:41','POS 479',-5.00),(2411,544,37,'2013-11-28 18:37:41','POS 479',-2.00),(2412,462,37,'2013-11-28 18:41:35','POS 480',-3.00),(2413,823,37,'2013-11-28 18:47:21','Adjustment In 440',16.00),(2414,643,37,'2013-11-28 18:47:21','Adjustment In 440',150.00),(2415,181,37,'2013-11-28 18:47:21','Adjustment In 440',132.00),(2416,179,37,'2013-11-28 18:47:21','Adjustment In 440',66.00),(2417,178,37,'2013-11-28 18:47:21','Adjustment In 440',66.00),(2418,89,37,'2013-11-28 18:47:21','Adjustment In 440',60.00),(2419,750,37,'2013-11-28 18:50:39','Receive from Supplier 441',5.00),(2420,1214,37,'2013-11-28 18:50:39','Receive from Supplier 441',21.00),(2421,1012,37,'2013-11-28 18:51:54','POS 481',-1.00),(2422,957,37,'2013-11-28 18:51:54','POS 481',-5.00),(2423,1340,37,'2013-11-28 18:53:54','POS 482',-1.00),(2424,1734,37,'2013-11-28 18:59:47','Physical Count 442',17.00),(2425,740,37,'2013-11-28 19:02:13','POS 483',-1.00),(2426,485,37,'2013-11-28 19:05:17','POS 484',-20.00),(2427,1004,37,'2013-11-28 19:08:40','POS 485',-1.00),(2428,1036,37,'2013-11-28 19:08:40','POS 485',-1.00),(2429,678,37,'2013-11-29 07:19:04','POS 486',-5.00),(2430,1651,37,'2013-11-29 07:19:04','POS 486',-10.00),(2431,701,37,'2013-11-29 07:19:04','POS 486',-10.00),(2432,313,37,'2013-11-29 07:19:04','POS 486',-1.00),(2433,1260,37,'2013-11-29 07:19:05','POS 486',-1.00),(2434,1651,37,'2013-11-29 07:21:37','POS 487',-16.00),(2435,424,37,'2013-11-29 07:21:38','POS 487',-6.00),(2436,355,37,'2013-11-29 07:28:37','POS 488',-1.00),(2437,535,37,'2013-11-29 07:28:37','POS 488',-10.00),(2438,717,37,'2013-11-29 07:28:37','POS 488',-1.00),(2439,424,37,'2013-11-29 07:29:44','POS 489',-2.00),(2440,1639,37,'2013-11-29 07:34:46','POS 490',-1.00),(2441,442,37,'2013-11-29 07:34:46','POS 490',-3.00),(2442,1033,37,'2013-11-29 07:34:46','POS 490',-1.00),(2443,498,37,'2013-11-29 07:34:46','POS 490',-10.00),(2444,862,37,'2013-11-29 07:36:15','POS 491',-1.00),(2445,788,37,'2013-11-29 07:37:00','POS 492',-1.00),(2446,744,37,'2013-11-29 07:48:52','POS 493',-2.00),(2447,1651,37,'2013-11-29 08:01:37','POS 494',-6.00),(2448,158,37,'2013-11-29 08:01:37','POS 494',-6.00),(2449,103,37,'2013-11-29 08:01:37','POS 494',-6.00),(2450,1694,37,'2013-11-29 08:01:37','POS 494',-1.00),(2451,1369,37,'2013-11-29 08:02:21','POS 495',-1.00),(2452,182,37,'2013-11-29 08:08:18','POS 496',-9.00),(2453,291,37,'2013-11-29 08:11:03','POS 497',-1.00),(2454,1029,37,'2013-11-29 08:14:54','POS 498',-1.00),(2455,1715,37,'2013-11-29 08:16:04','POS 499',-1.00),(2456,160,37,'2013-11-29 08:16:56','POS 500',-10.00),(2457,803,37,'2013-11-29 08:16:56','POS 500',-1.00),(2458,160,37,'2013-11-29 08:17:51','Manual Edit of Quantity',933.00),(2459,803,37,'2013-11-29 08:24:50','POS 501',-1.00),(2460,745,37,'2013-11-29 08:24:50','POS 501',-10.00),(2461,485,37,'2013-11-29 08:24:50','POS 501',-10.00),(2462,717,37,'2013-11-29 08:25:49','Physical Count 443',435.00),(2463,790,37,'2013-11-29 08:29:47','POS 502',-10.00),(2464,550,37,'2013-11-29 08:30:11','POS 503',-20.00),(2465,1068,37,'2013-11-29 08:38:34','Manual Edit of Quantity',0.00),(2466,842,37,'2013-11-29 08:39:01','POS 504',-1.00),(2467,950,37,'2013-11-29 08:42:59','POS 505',-1.00),(2468,279,37,'2013-11-29 08:46:04','POS 506',-1.00),(2469,1049,37,'2013-11-29 08:47:39','Manual Edit of Quantity',0.00),(2470,1358,37,'2013-11-29 08:52:24','POS 507',-1.00),(2471,325,37,'2013-11-29 08:52:24','POS 507',-1.00),(2472,1623,37,'2013-11-29 08:52:24','POS 507',-1.00),(2473,1066,37,'2013-11-29 08:53:18','Manual Edit of Quantity',0.00),(2474,1066,37,'2013-11-29 08:54:18','Manual Edit of Quantity',0.00),(2475,1068,37,'2013-11-29 08:55:09','Physical Count 444',9.00),(2476,1054,37,'2013-11-29 08:55:09','Physical Count 444',1.00),(2477,1061,37,'2013-11-29 08:55:09','Physical Count 444',6.00),(2478,1056,37,'2013-11-29 08:55:09','Physical Count 444',6.00),(2479,1062,37,'2013-11-29 08:55:09','Physical Count 444',10.00),(2480,1058,37,'2013-11-29 08:55:09','Physical Count 444',13.00),(2481,1055,37,'2013-11-29 08:55:09','Physical Count 444',18.00),(2482,1050,37,'2013-11-29 08:55:09','Physical Count 444',4.00),(2483,1049,37,'2013-11-29 08:55:09','Physical Count 444',20.00),(2484,1066,37,'2013-11-29 08:55:09','Physical Count 444',5.00),(2485,1051,37,'2013-11-29 08:56:25','Receive from Supplier 445',2.00),(2486,1052,37,'2013-11-29 08:56:25','Receive from Supplier 445',4.00),(2487,1067,37,'2013-11-29 08:56:25','Receive from Supplier 445',12.00),(2488,230,37,'2013-11-29 09:15:09','POS 508',-10.00),(2489,540,37,'2013-11-29 09:15:09','POS 508',-10.00),(2490,376,37,'2013-11-29 09:15:09','POS 508',-10.00),(2491,947,37,'2013-11-29 09:15:09','POS 508',-1.00),(2492,336,37,'2013-11-29 09:25:52','POS 509',-1.00),(2493,753,37,'2013-11-29 09:25:52','POS 509',-10.00),(2494,119,37,'2013-11-29 09:25:52','POS 509',-10.00),(2495,840,37,'2013-11-29 09:27:25','POS 510',-1.00),(2496,264,37,'2013-11-29 09:30:49','POS 511',-10.00),(2497,264,37,'2013-11-29 09:35:10','POS 512',-20.00),(2498,507,37,'2013-11-29 09:35:10','POS 512',-2.00),(2499,562,37,'2013-11-29 09:35:10','POS 512',-4.00),(2500,678,37,'2013-11-29 09:36:14','POS 513',-5.00),(2501,1025,37,'2013-11-29 09:40:14','POS 514',-1.00),(2502,1036,37,'2013-11-29 09:40:14','POS 514',-1.00),(2503,503,37,'2013-11-29 09:42:02','POS 515',-10.00),(2504,503,37,'2013-11-29 09:44:50','Physical Count 446',284.00),(2505,503,37,'2013-11-29 09:46:00','Manual Edit of Quantity',264.00),(2506,503,37,'2013-11-29 09:46:23','Manual Edit of Quantity',264.00),(2507,792,37,'2013-11-29 09:52:21','POS 516',-1.00),(2508,1632,37,'2013-11-29 09:54:46','Physical Count 447',261.00),(2509,862,37,'2013-11-29 10:08:17','POS 517',-1.00),(2510,1506,37,'2013-11-29 10:15:45','Physical Count 448',10.00),(2511,740,37,'2013-11-29 10:16:41','POS 518',-1.00),(2512,485,37,'2013-11-29 10:21:13','Physical Count 449',354.00),(2513,1623,37,'2013-11-29 10:23:00','POS 519',-5.00),(2514,1318,37,'2013-11-29 10:25:26','POS 520',-1.00),(2515,1279,37,'2013-11-29 10:26:02','POS 521',-1.00),(2516,593,37,'2013-11-29 10:28:32','Physical Count 450',62.00),(2517,791,37,'2013-11-29 10:28:32','Physical Count 450',72.00),(2518,1512,37,'2013-11-29 10:32:29','POS 522',-1.00),(2519,247,37,'2013-11-29 10:32:29','POS 522',-2.00),(2520,424,37,'2013-11-29 10:32:29','POS 522',-6.00),(2521,913,37,'2013-11-29 10:35:43','POS 523',-10.00),(2522,348,37,'2013-11-29 10:35:43','POS 523',-50.00),(2523,820,37,'2013-11-29 10:37:20','POS 524',-5.00),(2524,650,37,'2013-11-29 10:38:54','POS 525',-1.00),(2525,1720,37,'2013-11-29 10:38:54','POS 525',-2.00),(2526,288,37,'2013-11-29 10:39:46','POS 526',-1.00),(2527,965,37,'2013-11-29 10:40:50','Physical Count 451',98.00),(2528,939,37,'2013-11-29 10:42:47','Physical Count 452',13.00),(2529,613,37,'2013-11-29 10:45:58','POS 527',-1.00),(2530,591,37,'2013-11-29 10:50:23','Physical Count 453',557.00),(2531,788,37,'2013-11-29 10:52:18','POS 528',-1.00),(2532,1199,37,'2013-11-29 10:56:47','Physical Count 454',2.00),(2533,724,37,'2013-11-29 11:00:08','POS 529',-20.00),(2534,724,37,'2013-11-29 11:00:55','POS 530',-40.00),(2535,346,37,'2013-11-29 11:01:41','POS 531',-100.00),(2536,724,37,'2013-11-29 11:02:48','POS 532',20.00),(2537,724,37,'2013-11-29 11:03:50','Adjustment Out 455',-40.00),(2538,847,37,'2013-11-29 11:05:00','POS 533',-1.00),(2539,1729,37,'2013-11-29 11:05:00','POS 533',-1.00),(2540,1508,37,'2013-11-29 11:06:00','POS 534',-10.00),(2541,1591,37,'2013-11-29 11:06:48','POS 535',-2.00),(2542,643,37,'2013-11-29 11:06:48','POS 535',-2.00),(2543,1557,37,'2013-11-29 11:11:03','POS 536',-4.00),(2544,373,37,'2013-11-29 11:11:03','POS 536',-4.00),(2545,710,37,'2013-11-29 11:12:32','POS 537',-8.00),(2546,507,37,'2013-11-29 11:24:08','POS 538',-5.00),(2547,97,37,'2013-11-29 11:24:08','POS 538',-5.00),(2548,729,37,'2013-11-29 11:24:09','POS 538',-5.00),(2549,765,37,'2013-11-29 11:25:35','POS 539',-10.00),(2550,176,37,'2013-11-29 12:12:09','POS 540',-3.00),(2551,404,37,'2013-11-29 12:12:10','POS 540',-10.00),(2552,970,37,'2013-11-29 12:12:10','POS 540',-1.00),(2553,530,37,'2013-11-29 12:12:10','POS 540',-10.00),(2554,1651,37,'2013-11-29 12:12:10','POS 540',-10.00),(2555,844,37,'2013-11-29 12:12:10','POS 540',-1.00),(2556,313,37,'2013-11-29 12:12:10','POS 540',-1.00),(2557,561,37,'2013-11-29 12:12:10','POS 540',-1.00),(2558,338,37,'2013-11-29 12:26:24','POS 541',-2.00),(2559,1603,37,'2013-11-29 12:26:24','POS 541',-2.00),(2560,217,37,'2013-11-29 12:26:24','POS 541',-2.00),(2561,1591,37,'2013-11-29 12:26:24','POS 541',-2.00),(2562,717,37,'2013-11-29 12:29:00','POS 542',-2.00),(2563,744,37,'2013-11-29 12:29:00','POS 542',-1.00),(2564,694,37,'2013-11-29 12:29:01','POS 542',-5.00),(2565,650,37,'2013-11-29 13:26:34','POS 543',-2.00),(2566,717,37,'2013-11-29 13:26:34','POS 543',-1.00),(2567,1512,37,'2013-11-29 13:30:34','POS 544',-1.00),(2568,1623,37,'2013-11-29 13:31:11','POS 545',-2.00),(2569,709,37,'2013-11-29 13:34:09','POS 546',-10.00),(2570,261,37,'2013-11-29 13:34:09','POS 546',-10.00),(2571,201,37,'2013-11-29 13:34:09','POS 546',-22.00),(2572,970,37,'2013-11-29 13:43:30','POS 547',-1.00),(2573,1623,37,'2013-11-29 13:55:58','POS 548',-5.00),(2574,724,37,'2013-11-29 14:29:28','Manual Edit of Quantity',310.00),(2575,994,37,'2013-11-29 14:30:03','POS 549',-25.00),(2576,119,37,'2013-11-29 14:30:03','POS 549',-20.00),(2577,429,37,'2013-11-29 14:59:58','POS 550',-30.00),(2578,382,37,'2013-11-29 15:02:39','POS 551',-10.00),(2579,649,37,'2013-11-29 15:10:04','Receive from Supplier 456',100.00),(2580,572,37,'2013-11-29 15:12:01','POS 552',-1.00),(2581,217,37,'2013-11-29 15:14:09','POS 553',-8.00),(2582,1199,37,'2013-11-29 15:16:02','POS 554',-1.00),(2583,1424,37,'2013-11-29 15:17:14','POS 555',-1.00),(2584,1033,37,'2013-11-29 15:17:14','POS 555',-1.00),(2585,1423,37,'2013-11-29 15:17:14','POS 555',-1.00),(2586,717,37,'2013-11-29 15:19:54','POS 556',-4.00),(2587,264,37,'2013-11-29 15:19:54','POS 556',-20.00),(2588,529,37,'2013-11-29 15:19:55','POS 556',-10.00),(2589,247,37,'2013-11-29 15:19:55','POS 556',-1.00),(2590,1387,37,'2013-11-29 15:22:39','POS 557',-1.00),(2591,1732,37,'2013-11-29 15:24:05','POS 558',-1.00),(2592,1733,37,'2013-11-29 15:24:05','POS 558',-1.00),(2593,424,37,'2013-11-29 15:29:51','POS 559',-12.00),(2594,290,37,'2013-11-29 15:34:32','POS 560',-1.00),(2595,718,37,'2013-11-29 15:46:37','POS 561',-1.00),(2596,985,37,'2013-11-29 15:46:38','POS 561',-1.00),(2597,549,37,'2013-11-29 15:46:38','POS 561',-1.00),(2598,458,37,'2013-11-29 15:46:38','POS 561',-6.00),(2599,405,37,'2013-11-29 15:46:38','POS 561',-1.00),(2600,1070,37,'2013-11-29 15:46:38','POS 561',-1.00),(2601,488,37,'2013-11-29 15:51:11','POS 562',-2.00),(2602,1636,37,'2013-11-29 15:51:11','POS 562',-45.00),(2603,678,37,'2013-11-29 15:59:12','POS 563',-5.00),(2604,812,37,'2013-11-29 15:59:12','POS 563',-1.00),(2605,108,37,'2013-11-29 16:03:16','POS 564',-1.00),(2606,952,37,'2013-11-29 16:05:00','POS 565',-1.00),(2607,1592,37,'2013-11-29 16:11:40','POS 566',-2.00),(2608,261,37,'2013-11-29 16:11:40','POS 566',-4.00),(2609,212,37,'2013-11-29 16:11:40','POS 566',-4.00),(2610,709,37,'2013-11-29 16:11:40','POS 566',-4.00),(2611,1561,37,'2013-11-29 16:17:45','POS 567',-10.00),(2612,431,37,'2013-11-29 16:17:45','POS 567',-1.00),(2613,430,37,'2013-11-29 16:17:45','POS 567',-1.00),(2614,819,37,'2013-11-29 16:17:45','POS 567',-2.00),(2615,698,37,'2013-11-29 16:17:45','POS 567',-2.00),(2616,279,37,'2013-11-29 16:20:42','POS 568',-2.00),(2617,1700,37,'2013-11-29 16:27:41','POS 569',-2.00),(2618,362,37,'2013-11-29 16:31:07','POS 570',-1.00),(2619,763,37,'2013-11-29 16:32:34','POS 571',-10.00),(2620,1368,37,'2013-11-29 16:34:42','POS 572',-1.00),(2621,1190,37,'2013-11-29 16:34:42','POS 572',-1.00),(2622,812,37,'2013-11-29 16:43:29','POS 573',-2.00),(2623,248,37,'2013-11-29 16:46:53','POS 574',-2.00),(2624,982,37,'2013-11-29 16:48:06','POS 575',-30.00),(2625,796,37,'2013-11-29 17:03:15','POS 576',-10.00),(2626,1016,37,'2013-11-29 17:03:15','POS 576',-1.00),(2627,279,37,'2013-11-29 17:03:15','POS 576',-1.00),(2628,122,37,'2013-11-29 17:03:15','POS 576',-1.00),(2629,264,37,'2013-11-29 17:03:15','POS 576',-10.00),(2630,1483,37,'2013-11-29 17:04:37','POS 577',-1.00),(2631,601,37,'2013-11-29 17:05:52','Receive from Supplier 457',50.00),(2632,824,37,'2013-11-29 17:07:46','Receive from Supplier 458',5.00),(2633,165,37,'2013-11-29 17:08:41','Receive from Supplier 459',1.00),(2634,462,37,'2013-11-29 17:11:23','Receive from Supplier 460',90.00),(2635,788,37,'2013-11-29 17:11:48','POS 578',-1.00),(2636,1651,37,'2013-11-29 17:13:39','POS 579',-10.00),(2637,813,37,'2013-11-29 17:14:08','POS 580',-1.00),(2638,1351,37,'2013-11-29 17:14:39','POS 581',-1.00),(2639,1407,37,'2013-11-29 17:14:39','POS 581',-1.00),(2640,264,37,'2013-11-29 17:16:23','POS 582',-10.00),(2641,1582,37,'2013-11-29 17:16:23','POS 582',-5.00),(2642,786,37,'2013-11-29 17:18:55','POS 583',-1.00),(2643,1729,37,'2013-11-29 17:18:55','POS 583',-1.00),(2644,954,37,'2013-11-29 17:18:55','POS 583',-1.00),(2645,1604,37,'2013-11-29 17:18:55','POS 583',-20.00),(2646,264,37,'2013-11-29 17:18:55','POS 583',-10.00),(2647,1186,37,'2013-11-29 17:22:39','POS 584',-1.00),(2648,717,37,'2013-11-29 17:22:39','POS 584',-4.00),(2649,740,37,'2013-11-29 17:22:39','POS 584',-1.00),(2650,839,37,'2013-11-29 17:22:39','POS 584',-1.00),(2651,160,37,'2013-11-29 17:22:39','POS 584',-10.00),(2652,195,37,'2013-11-29 17:28:11','POS 585',-3.00),(2653,1595,37,'2013-11-29 17:28:11','POS 585',-1.00),(2654,1041,37,'2013-11-29 17:28:11','POS 585',-5.00),(2655,1641,37,'2013-11-29 17:28:11','POS 585',-2.00),(2656,574,37,'2013-11-29 17:28:11','POS 585',-5.00),(2657,158,37,'2013-11-29 17:28:11','POS 585',-10.00),(2658,442,37,'2013-11-29 17:31:01','POS 586',-12.00),(2659,247,37,'2013-11-29 17:31:01','POS 586',-1.00),(2660,732,37,'2013-11-29 17:31:01','POS 586',-20.00),(2661,1651,37,'2013-11-29 17:31:01','POS 586',-10.00),(2662,184,37,'2013-11-29 17:37:56','POS 587',-2.00),(2663,1687,37,'2013-11-29 17:37:56','POS 587',-2.00),(2664,645,37,'2013-11-29 17:37:56','POS 587',-1.00),(2665,666,37,'2013-11-29 17:37:56','POS 587',-10.00),(2666,1670,37,'2013-11-29 17:37:56','POS 587',-20.00),(2667,1709,37,'2013-11-29 17:37:56','POS 587',-1.00),(2668,1443,37,'2013-11-29 17:41:46','POS 588',-1.00),(2669,1402,37,'2013-11-29 17:41:46','POS 588',-1.00),(2670,1633,37,'2013-11-29 17:41:46','POS 588',-1.00),(2671,94,37,'2013-11-29 17:41:46','POS 588',-21.00),(2672,264,37,'2013-11-29 17:41:46','POS 588',-10.00),(2673,235,37,'2013-11-29 17:41:46','POS 588',-10.00),(2674,785,37,'2013-11-29 17:41:46','POS 588',-4.00),(2675,792,37,'2013-11-29 17:43:08','POS 589',-5.00),(2676,264,37,'2013-11-29 17:43:08','POS 589',-20.00),(2677,588,37,'2013-11-29 17:44:37','POS 590',-10.00),(2678,94,37,'2013-11-29 17:44:37','POS 590',-21.00),(2679,333,37,'2013-11-29 17:45:03','POS 591',-1.00),(2680,280,37,'2013-11-29 17:46:49','POS 592',-2.00),(2681,1505,37,'2013-11-29 17:52:25','Receive from Supplier 461',286.00),(2682,893,37,'2013-11-29 17:53:23','Receive from Supplier 462',3.00),(2683,325,37,'2013-11-29 17:54:05','POS 593',-1.00),(2684,1456,37,'2013-11-29 17:54:41','POS 594',-2.00),(2685,1401,37,'2013-11-29 17:54:41','POS 594',-1.00),(2686,1372,37,'2013-11-29 17:54:41','POS 594',-1.00),(2687,717,37,'2013-11-29 17:57:45','POS 595',-1.00),(2688,217,37,'2013-11-29 17:57:45','POS 595',-3.00),(2689,897,37,'2013-11-29 17:59:09','Receive from Supplier 463',20.00),(2690,718,37,'2013-11-29 17:59:53','POS 596',-1.00),(2691,1697,37,'2013-11-29 17:59:54','POS 596',-1.00),(2692,1028,37,'2013-11-29 18:02:01','Receive from Supplier 464',16.00),(2693,388,37,'2013-11-29 18:05:35','POS 597',-5.00),(2694,355,37,'2013-11-29 18:05:36','POS 597',-1.00),(2695,746,37,'2013-11-29 18:05:36','POS 597',-2.00),(2696,910,37,'2013-11-29 18:06:37','POS 598',-4.00),(2697,158,37,'2013-11-29 18:06:37','POS 598',-5.00),(2698,1506,37,'2013-11-29 18:07:58','Receive from Supplier 465',30.00),(2699,1572,37,'2013-11-29 18:10:34','Receive from Supplier 466',100.00),(2700,741,37,'2013-11-29 18:15:19','Receive from Supplier 467',40.00),(2701,224,37,'2013-11-29 18:16:15','Receive from Supplier 468',30.00),(2702,732,37,'2013-11-29 18:18:32','POS 599',-5.00),(2703,1640,37,'2013-11-29 18:18:32','POS 599',-1.00),(2704,792,37,'2013-11-29 18:18:32','POS 599',-2.00),(2705,122,37,'2013-11-29 18:18:32','POS 599',-1.00),(2706,574,37,'2013-11-29 18:18:33','POS 599',-2.00),(2707,950,37,'2013-11-29 18:19:34','POS 600',-2.00),(2708,503,37,'2013-11-29 18:22:50','POS 601',-20.00),(2709,841,37,'2013-11-29 18:22:50','POS 601',-1.00),(2710,762,37,'2013-11-29 18:22:50','POS 601',-1.00),(2711,493,37,'2013-11-29 18:24:06','POS 602',-6.00),(2712,574,37,'2013-11-29 18:33:27','POS 603',-2.00),(2713,1015,37,'2013-11-29 18:33:27','POS 603',-1.00),(2714,247,37,'2013-11-29 18:33:27','POS 603',-1.00),(2715,717,37,'2013-11-29 18:33:27','POS 603',-1.00),(2716,841,37,'2013-11-29 18:42:13','POS 604',-1.00),(2717,649,37,'2013-11-29 18:42:13','POS 604',-1.00),(2718,529,37,'2013-11-29 18:42:13','POS 604',-20.00),(2719,645,37,'2013-11-29 18:47:20','POS 605',-2.00),(2720,255,37,'2013-11-29 18:47:20','POS 605',-5.00),(2721,325,37,'2013-11-29 18:47:20','POS 605',-1.00),(2722,717,37,'2013-11-29 18:47:20','POS 605',-2.00),(2723,354,37,'2013-11-29 18:52:03','POS 606',-4.00),(2724,1183,37,'2013-11-29 18:56:21','POS 607',-1.00),(2725,1181,37,'2013-11-29 18:56:21','POS 607',-1.00),(2726,964,37,'2013-11-29 18:57:34','POS 608',-1.00),(2727,1695,37,'2013-11-29 19:01:14','POS 609',-1.00),(2728,384,37,'2013-11-30 07:18:32','POS 610',-1.00),(2729,176,37,'2013-11-30 07:18:32','POS 610',-1.00),(2730,1623,37,'2013-11-30 07:18:32','POS 610',-2.00),(2731,1684,37,'2013-11-30 07:18:33','POS 610',-2.00),(2732,264,37,'2013-11-30 07:18:33','POS 610',-20.00),(2733,267,37,'2013-11-30 07:22:25','POS 611',-3.00),(2734,90,37,'2013-11-30 07:30:58','Manual Edit of Quantity',53.00),(2735,197,37,'2013-11-30 07:31:23','POS 612',-2.00),(2736,90,37,'2013-11-30 07:31:23','POS 612',-10.00),(2737,984,37,'2013-11-30 07:45:52','POS 613',-4.00),(2738,1313,37,'2013-11-30 07:45:52','POS 613',-2.00),(2739,671,37,'2013-11-30 07:53:43','POS 614',-2.00),(2740,970,37,'2013-11-30 08:00:30','POS 615',-1.00),(2741,330,37,'2013-11-30 08:06:21','Manual Edit of Quantity',25.00),(2742,951,37,'2013-11-30 08:11:50','POS 616',-1.00),(2743,326,37,'2013-11-30 08:17:21','POS 617',-1.00),(2744,1715,37,'2013-11-30 08:17:21','POS 617',-1.00),(2745,740,37,'2013-11-30 08:22:12','POS 618',-1.00),(2746,1516,37,'2013-11-30 08:36:44','POS 619',-1.00),(2747,1539,37,'2013-11-30 08:36:44','POS 619',-1.00),(2748,137,37,'2013-11-30 08:52:43','POS 620',-1.00),(2749,731,37,'2013-11-30 08:52:43','POS 620',-5.00),(2750,1012,37,'2013-11-30 08:52:43','POS 620',-1.00),(2751,564,37,'2013-11-30 08:52:43','POS 620',-1.00),(2752,1721,37,'2013-11-30 09:25:37','POS 621',-3.00),(2753,1651,37,'2013-11-30 09:25:37','POS 621',-20.00),(2754,507,37,'2013-11-30 09:25:37','POS 621',-10.00),(2755,552,37,'2013-11-30 09:25:37','POS 621',-10.00),(2756,510,37,'2013-11-30 09:25:37','POS 621',-30.00),(2757,325,37,'2013-11-30 09:25:37','POS 621',-1.00),(2758,175,37,'2013-11-30 09:25:37','POS 621',-10.00),(2759,724,37,'2013-11-30 09:25:37','POS 621',-10.00),(2760,972,37,'2013-11-30 09:25:37','POS 621',-1.00),(2761,175,37,'2013-11-30 09:29:58','Physical Count 469',54.00),(2762,745,37,'2013-11-30 09:36:52','POS 622',-10.00),(2763,803,37,'2013-11-30 09:36:52','POS 622',-2.00),(2764,90,37,'2013-11-30 09:36:52','POS 622',-2.00),(2765,119,37,'2013-11-30 09:39:47','POS 623',-30.00),(2766,247,37,'2013-11-30 09:39:47','POS 623',-5.00),(2767,1020,37,'2013-11-30 09:39:47','POS 623',-1.00),(2768,1016,37,'2013-11-30 09:39:47','POS 623',-1.00),(2769,1055,37,'2013-11-30 09:41:01','POS 624',-1.00),(2770,1328,37,'2013-11-30 09:41:01','POS 624',-1.00),(2771,893,37,'2013-11-30 09:42:28','POS 625',-1.00),(2772,909,37,'2013-11-30 09:49:36','POS 626',-4.00),(2773,650,37,'2013-11-30 09:49:36','POS 626',-1.00),(2774,239,37,'2013-11-30 09:55:39','POS 627',-10.00),(2775,367,37,'2013-11-30 09:55:39','POS 627',-10.00),(2776,680,37,'2013-11-30 09:55:39','POS 627',-10.00),(2777,352,37,'2013-11-30 09:55:39','POS 627',-1.00),(2778,119,37,'2013-11-30 09:56:55','POS 628',-20.00),(2779,1085,37,'2013-11-30 09:57:39','POS 629',-1.00),(2780,1696,37,'2013-11-30 09:59:28','POS 630',-1.00),(2781,564,37,'2013-11-30 10:00:57','POS 631',-1.00),(2782,544,37,'2013-11-30 10:00:57','POS 631',-1.00),(2783,1735,37,'2013-11-30 10:16:56','Physical Count 470',88.00),(2784,1742,37,'2013-11-30 10:20:29','Physical Count 471',1.00),(2785,403,37,'2013-11-30 10:23:01','Manual Edit of Quantity',23.00),(2786,310,37,'2013-11-30 10:28:23','POS 632',-10.00),(2787,286,37,'2013-11-30 10:28:23','POS 632',-10.00),(2788,1715,37,'2013-11-30 10:28:23','POS 632',-10.00),(2789,197,37,'2013-11-30 10:28:23','POS 632',-4.00),(2790,354,37,'2013-11-30 10:28:23','POS 632',-4.00),(2791,286,37,'2013-11-30 10:31:02','Manual Edit of Quantity',231.00),(2792,286,37,'2013-11-30 10:31:55','Manual Edit of Quantity',231.00),(2793,1742,37,'2013-11-30 10:33:29','Physical Count 472',4.00),(2794,1742,37,'2013-11-30 10:34:37','Manual Edit of Quantity',5.00),(2795,1742,37,'2013-11-30 10:36:15','Physical Count 473',1.00),(2796,767,37,'2013-11-30 10:39:23','Physical Count 474',114.00),(2797,776,37,'2013-11-30 10:39:23','Physical Count 474',520.00),(2798,1511,37,'2013-11-30 10:40:41','Receive from Supplier 475',131.00),(2799,777,37,'2013-11-30 10:42:27','Physical Count 476',-195.00),(2800,693,37,'2013-11-30 10:45:50','Physical Count 477',161.00),(2801,691,37,'2013-11-30 10:45:50','Physical Count 477',1068.00),(2802,970,37,'2013-11-30 10:46:47','POS 633',-1.00),(2803,710,37,'2013-11-30 10:46:47','POS 633',-4.00),(2804,691,37,'2013-11-30 10:47:52','Manual Edit of Quantity',1068.00),(2805,691,37,'2013-11-30 10:49:13','Manual Edit of Quantity',1068.00),(2806,1500,37,'2013-11-30 10:51:00','Physical Count 478',161.00),(2807,1743,37,'2013-11-30 10:53:33','Physical Count 479',826.00),(2808,355,37,'2013-11-30 10:54:00','POS 634',-1.00),(2809,505,37,'2013-11-30 10:57:00','POS 635',-10.00),(2810,239,37,'2013-11-30 10:57:00','POS 635',-10.00),(2811,586,37,'2013-11-30 10:57:00','POS 635',-10.00),(2812,255,37,'2013-11-30 10:57:59','POS 636',-2.00),(2813,909,37,'2013-11-30 11:09:12','POS 637',-3.00),(2814,1456,37,'2013-11-30 11:09:12','POS 637',-1.00),(2815,1019,37,'2013-11-30 11:09:12','POS 637',-1.00),(2816,502,37,'2013-11-30 11:10:10','POS 638',-10.00),(2817,390,37,'2013-11-30 11:11:34','POS 639',-10.00),(2818,590,37,'2013-11-30 11:11:34','POS 639',-120.00),(2819,650,37,'2013-11-30 11:17:17','POS 640',-1.00),(2820,333,37,'2013-11-30 11:19:01','POS 641',-1.00),(2821,645,37,'2013-11-30 11:23:12','Receive from Supplier 480',30.00),(2822,502,37,'2013-11-30 11:23:12','Receive from Supplier 480',190.00),(2823,489,37,'2013-11-30 11:23:12','Receive from Supplier 480',54.00),(2824,1603,37,'2013-11-30 11:29:58','Receive from Supplier 481',150.00),(2825,261,37,'2013-11-30 11:29:58','Receive from Supplier 481',160.00),(2826,1582,37,'2013-11-30 11:29:58','Receive from Supplier 481',240.00),(2827,164,37,'2013-11-30 11:29:58','Receive from Supplier 481',100.00),(2828,990,37,'2013-11-30 11:29:58','Receive from Supplier 481',42.00),(2829,413,37,'2013-11-30 11:29:58','Receive from Supplier 481',119.00),(2830,723,37,'2013-11-30 11:30:59','POS 642',-10.00),(2831,1709,37,'2013-11-30 11:36:54','POS 643',-1.00),(2832,203,37,'2013-11-30 14:15:23','Physical Count 482',809.00),(2833,491,37,'2013-11-30 14:17:51','POS 644',-2.00),(2834,201,37,'2013-11-30 14:17:51','POS 644',-12.00),(2835,103,37,'2013-11-30 14:17:52','POS 644',-10.00),(2836,550,37,'2013-11-30 14:20:12','POS 645',-5.00),(2837,740,37,'2013-11-30 14:20:12','POS 645',-1.00),(2838,201,37,'2013-11-30 14:23:57','Receive from Supplier 483',118.00),(2839,1655,37,'2013-11-30 14:27:59','POS 646',-1.00),(2840,875,37,'2013-11-30 14:27:59','POS 646',-1.00),(2841,185,37,'2013-11-30 14:27:59','POS 646',-1.00),(2842,1005,37,'2013-11-30 14:27:59','POS 646',-1.00),(2843,179,37,'2013-11-30 14:30:34','POS 647',-6.00),(2844,178,37,'2013-11-30 14:30:34','POS 647',-6.00),(2845,1744,37,'2013-11-30 14:34:04','Physical Count 484',202.00),(2846,1745,37,'2013-11-30 14:37:59','Physical Count 485',287.00),(2847,790,37,'2013-11-30 14:40:15','POS 648',-10.00),(2848,490,37,'2013-11-30 14:42:49','POS 649',-6.00),(2849,579,37,'2013-11-30 14:42:49','POS 649',-9.00),(2850,349,37,'2013-11-30 14:42:49','POS 649',-9.00),(2851,1603,37,'2013-11-30 14:42:49','POS 649',-2.00),(2852,743,37,'2013-11-30 14:47:44','Physical Count 486',45.00),(2853,1746,37,'2013-11-30 14:50:57','Physical Count 487',135.00),(2854,1747,37,'2013-11-30 14:55:15','Physical Count 488',49.00),(2855,1748,37,'2013-11-30 14:58:28','Physical Count 489',238.00),(2856,1501,37,'2013-11-30 14:59:56','Physical Count 490',128.00),(2857,692,37,'2013-11-30 15:01:51','Physical Count 491',445.00),(2858,1748,37,'2013-11-30 15:03:55','Manual Edit of Quantity',238.00),(2859,766,37,'2013-11-30 15:06:38','Physical Count 492',1500.00),(2860,261,37,'2013-11-30 15:08:01','POS 650',-16.00),(2861,1749,37,'2013-11-30 15:12:44','Physical Count 493',500.00),(2862,1692,37,'2013-11-30 15:13:27','POS 651',-1.00),(2863,1750,37,'2013-11-30 15:16:53','Physical Count 494',1594.00),(2864,660,37,'2013-11-30 15:17:15','POS 652',-1.00),(2865,331,37,'2013-11-30 15:20:33','Manual Edit of Quantity',10.00),(2866,331,37,'2013-11-30 15:22:32','POS 653',-3.00),(2867,888,37,'2013-11-30 15:22:32','POS 653',-3.00),(2868,1751,37,'2013-11-30 15:24:48','Physical Count 495',610.00),(2869,678,37,'2013-11-30 15:26:20','POS 654',-10.00),(2870,424,37,'2013-11-30 15:26:20','POS 654',-6.00),(2871,671,37,'2013-11-30 15:26:20','POS 654',-4.00),(2872,791,37,'2013-11-30 15:26:21','POS 654',-3.00),(2873,1752,37,'2013-11-30 15:31:01','Physical Count 496',1.00),(2874,188,37,'2013-11-30 15:32:30','POS 655',-1.00),(2875,861,37,'2013-11-30 15:32:30','POS 655',-1.00),(2876,1246,37,'2013-11-30 15:32:30','POS 655',-1.00),(2877,528,37,'2013-11-30 15:34:03','POS 656',-1.00),(2878,972,37,'2013-11-30 15:34:03','POS 656',-2.00),(2879,1752,37,'2013-11-30 15:37:54','Physical Count 497',54.00),(2880,663,37,'2013-11-30 15:50:34','POS 657',-1.00),(2881,1753,37,'2013-11-30 15:53:51','Physical Count 498',2.00),(2882,1512,37,'2013-11-30 15:58:44','POS 658',-1.00),(2883,1754,37,'2013-11-30 16:05:31','Physical Count 499',240.00),(2884,972,37,'2013-11-30 16:05:59','POS 659',-1.00),(2885,773,37,'2013-11-30 16:08:36','Physical Count 500',230.00),(2886,775,37,'2013-11-30 16:11:59','Physical Count 501',400.00),(2887,255,37,'2013-11-30 16:13:32','Receive from Supplier 502',100.00),(2888,909,37,'2013-11-30 16:14:55','Receive from Supplier 503',60.00),(2889,386,37,'2013-11-30 16:23:33','POS 660',-4.00),(2890,1640,37,'2013-11-30 16:28:11','POS 661',-1.00),(2891,678,37,'2013-11-30 16:29:02','POS 662',-30.00),(2892,114,37,'2013-11-30 16:33:30','POS 663',-1.00),(2893,221,37,'2013-11-30 16:42:22','POS 664',-1.00),(2894,422,37,'2013-11-30 16:42:22','POS 664',-1.00),(2895,333,37,'2013-11-30 16:47:20','POS 665',-1.00),(2896,329,37,'2013-11-30 16:47:20','POS 665',-10.00),(2897,717,37,'2013-11-30 16:53:14','POS 666',-1.00),(2898,1623,37,'2013-11-30 16:53:14','POS 666',-2.00),(2899,973,37,'2013-11-30 16:53:14','POS 666',-2.00),(2900,1697,37,'2013-11-30 16:53:36','POS 667',-1.00),(2901,1743,37,'2013-11-30 17:11:40','POS 668',-10.00),(2902,964,37,'2013-11-30 17:11:40','POS 668',-1.00),(2903,1512,37,'2013-11-30 17:11:40','POS 668',-1.00),(2904,950,37,'2013-11-30 17:11:40','POS 668',-1.00),(2905,1721,37,'2013-11-30 17:14:56','POS 669',-2.00),(2906,406,37,'2013-11-30 17:14:56','POS 669',-1.00),(2907,312,37,'2013-11-30 17:14:56','POS 669',-10.00),(2908,747,37,'2013-11-30 17:20:39','POS 670',-10.00),(2909,576,37,'2013-11-30 17:20:39','POS 670',-10.00),(2910,1640,37,'2013-11-30 17:20:39','POS 670',-1.00),(2911,1696,37,'2013-11-30 17:20:39','POS 670',-1.00),(2912,1219,37,'2013-11-30 17:22:12','POS 671',-1.00),(2913,1318,37,'2013-11-30 17:22:12','POS 671',-1.00),(2914,827,37,'2013-11-30 17:25:32','POS 672',-2.00),(2915,388,37,'2013-11-30 17:25:33','POS 672',-5.00),(2916,1403,37,'2013-11-30 17:25:33','POS 672',-1.00),(2917,179,37,'2013-11-30 17:27:47','POS 673',-1.00),(2918,1699,37,'2013-11-30 17:32:32','POS 674',-1.00),(2919,650,37,'2013-11-30 17:32:32','POS 674',-1.00),(2920,694,37,'2013-11-30 17:32:32','POS 674',-6.00),(2921,1745,37,'2013-11-30 17:32:32','POS 674',-2.00),(2922,355,37,'2013-11-30 17:33:16','POS 675',-1.00),(2923,1196,37,'2013-11-30 17:35:30','POS 676',-1.00),(2924,907,37,'2013-11-30 17:39:26','POS 677',-1.00),(2925,718,37,'2013-11-30 17:43:26','POS 678',-1.00),(2926,718,37,'2013-11-30 17:45:23','Physical Count 504',-10.00),(2927,1755,37,'2013-11-30 17:48:28','Receive from Supplier 505',7.00),(2928,740,37,'2013-11-30 17:49:16','POS 679',-1.00),(2929,823,37,'2013-11-30 17:50:15','POS 680',-1.00),(2930,407,37,'2013-11-30 17:54:30','POS 681',-2.00),(2931,694,37,'2013-11-30 17:54:30','POS 681',-5.00),(2932,98,37,'2013-11-30 17:55:39','POS 682',-10.00),(2933,1321,37,'2013-11-30 17:56:33','POS 683',-1.00),(2934,858,37,'2013-11-30 17:56:33','POS 683',-1.00),(2935,811,37,'2013-11-30 17:57:58','POS 684',-1.00),(2936,1595,37,'2013-11-30 18:00:20','POS 685',-1.00),(2937,1651,37,'2013-11-30 18:00:20','POS 685',-10.00),(2938,264,37,'2013-11-30 18:00:20','POS 685',-10.00),(2939,1418,37,'2013-11-30 18:02:04','POS 686',-1.00),(2940,1534,37,'2013-11-30 18:02:04','POS 686',-1.00),(2941,961,37,'2013-11-30 18:04:02','POS 687',-5.00),(2942,1005,37,'2013-11-30 18:04:02','POS 687',-5.00),(2943,788,37,'2013-11-30 18:05:20','POS 688',-2.00),(2944,1679,37,'2013-11-30 18:05:20','POS 688',-4.00),(2945,790,37,'2013-11-30 18:05:20','POS 688',-5.00),(2946,644,37,'2013-11-30 18:08:15','POS 689',-5.00),(2947,264,37,'2013-11-30 18:16:50','POS 690',-10.00),(2948,694,37,'2013-11-30 18:16:50','POS 690',-5.00),(2949,957,37,'2013-11-30 18:19:03','POS 691',-1.00),(2950,645,37,'2013-11-30 18:19:32','POS 692',-2.00),(2951,1201,37,'2013-11-30 18:20:50','POS 693',-1.00),(2952,179,37,'2013-11-30 18:22:52','POS 694',-1.00),(2953,1418,37,'2013-11-30 18:25:36','POS 695',-1.00),(2954,1682,37,'2013-11-30 18:25:36','POS 695',-2.00),(2955,1684,37,'2013-11-30 18:25:36','POS 695',-1.00),(2956,957,37,'2013-11-30 18:26:28','POS 696',-1.00),(2957,1316,37,'2013-11-30 18:30:32','POS 697',-1.00),(2958,1372,37,'2013-11-30 18:30:32','POS 697',-1.00),(2959,1295,37,'2013-11-30 18:30:32','POS 697',-1.00),(2960,1308,37,'2013-11-30 18:30:32','POS 697',-1.00),(2961,1705,37,'2013-11-30 18:31:12','POS 698',-1.00),(2962,1372,37,'2013-11-30 18:31:12','POS 698',-1.00),(2963,1476,37,'2013-11-30 18:31:12','POS 698',-1.00),(2964,326,37,'2013-11-30 18:32:33','POS 699',-2.00),(2965,1348,37,'2013-11-30 18:32:53','POS 700',-1.00),(2966,1720,37,'2013-11-30 18:34:51','POS 701',-2.00),(2967,964,37,'2013-11-30 18:37:05','POS 702',-1.00),(2968,629,37,'2013-11-30 18:37:32','POS 703',-10.00),(2969,1539,37,'2013-11-30 18:48:35','POS 704',-1.00),(2970,724,37,'2013-11-30 18:48:35','POS 704',-1.00),(2971,1144,37,'2013-11-30 18:48:35','POS 704',-1.00),(2972,119,37,'2013-11-30 18:49:45','POS 705',-30.00),(2973,356,37,'2013-11-30 18:49:45','POS 705',-30.00),(2974,1756,37,'2013-11-30 18:56:33','Physical Count 506',20.00),(2975,1757,37,'2013-11-30 18:56:33','Physical Count 506',14.00),(2976,1758,37,'2013-11-30 18:56:33','Physical Count 506',1.00),(2977,1595,37,'2013-11-30 18:57:32','POS 706',-1.00),(2978,156,37,'2013-11-30 18:57:32','POS 706',-1.00),(2979,272,37,'2013-11-30 18:57:32','POS 706',-1.00),(2980,1759,37,'2013-11-30 19:00:27','Physical Count 507',16.00),(2981,1760,37,'2013-11-30 19:16:59','Physical Count 508',28.00),(2982,1761,37,'2013-11-30 19:16:59','Physical Count 508',7.00),(2983,1762,37,'2013-11-30 19:16:59','Physical Count 508',11.00),(2984,1763,37,'2013-11-30 19:16:59','Physical Count 508',6.00),(2985,1764,37,'2013-11-30 19:16:59','Physical Count 508',9.00),(2986,1765,37,'2013-11-30 19:16:59','Physical Count 508',31.00),(2987,1766,37,'2013-11-30 19:16:59','Physical Count 508',17.00),(2988,1767,37,'2013-11-30 19:16:59','Physical Count 508',9.00),(2989,1768,37,'2013-11-30 19:29:51','Physical Count 509',33.00),(2990,1769,37,'2013-11-30 19:29:51','Physical Count 509',9.00),(2991,1770,37,'2013-11-30 19:29:51','Physical Count 509',7.00),(2992,1771,37,'2013-11-30 19:29:52','Physical Count 509',5.00),(2993,1772,37,'2013-11-30 19:29:52','Physical Count 509',24.00),(2994,1773,37,'2013-11-30 19:29:52','Physical Count 509',4.00),(2995,1771,37,'2013-11-30 19:30:39','Manual Edit of Quantity',5.00),(2996,574,37,'2013-11-30 19:32:07','POS 707',-2.00),(2997,950,37,'2013-11-30 19:32:07','POS 707',-1.00),(2998,1696,37,'2013-11-30 19:32:07','POS 707',-1.00),(2999,333,37,'2013-11-30 19:32:07','POS 707',-1.00),(3000,717,37,'2013-11-30 19:32:07','POS 707',-1.00),(3001,1684,37,'2013-12-01 06:51:38','POS 708',-2.00),(3002,158,37,'2013-12-01 06:51:39','POS 708',-2.00),(3003,1313,37,'2013-12-01 06:51:39','POS 708',-1.00),(3004,1769,37,'2013-12-01 06:51:39','POS 708',-1.00),(3005,1774,37,'2013-12-01 06:57:50','Physical Count 510',1.00),(3006,1775,37,'2013-12-01 06:57:50','Physical Count 510',1.00),(3007,1050,37,'2013-12-01 07:13:36','Physical Count 511',1.00),(3008,1049,37,'2013-12-01 07:14:46','Physical Count 512',3.00),(3009,527,37,'2013-12-01 07:17:48','POS 709',-4.00),(3010,498,37,'2013-12-01 07:21:22','POS 710',-20.00),(3011,413,37,'2013-12-01 07:21:22','POS 710',-10.00),(3012,609,37,'2013-12-01 07:23:18','POS 711',-1.00),(3013,788,37,'2013-12-01 07:31:36','POS 712',-1.00),(3014,247,37,'2013-12-01 07:32:31','POS 713',-2.00),(3015,710,37,'2013-12-01 07:33:35','Manual Edit of Quantity',47.00),(3016,1281,37,'2013-12-01 07:36:33','POS 714',-1.00),(3017,754,37,'2013-12-01 07:50:51','POS 715',-5.00),(3018,1626,37,'2013-12-01 07:53:53','POS 716',-1.00),(3019,913,37,'2013-12-01 07:53:53','POS 716',-1.00),(3020,529,37,'2013-12-01 07:54:46','POS 717',-10.00),(3021,432,37,'2013-12-01 07:56:03','POS 718',-8.00),(3022,549,37,'2013-12-01 07:56:46','POS 719',-1.00),(3023,794,37,'2013-12-01 07:58:42','POS 720',-1.00),(3024,354,37,'2013-12-01 07:59:47','POS 721',-1.00),(3025,803,37,'2013-12-01 08:01:50','POS 722',-5.00),(3026,1556,37,'2013-12-01 08:01:50','POS 722',-10.00),(3027,1011,37,'2013-12-01 08:01:50','POS 722',-10.00),(3028,310,37,'2013-12-01 08:01:50','POS 722',-10.00),(3029,119,37,'2013-12-01 08:01:50','POS 722',-10.00),(3030,891,37,'2013-12-01 08:03:30','POS 723',-10.00),(3031,950,37,'2013-12-01 08:24:06','POS 724',-1.00),(3032,564,37,'2013-12-01 08:24:06','POS 724',-1.00),(3033,365,37,'2013-12-01 08:24:06','POS 724',-20.00),(3034,1070,37,'2013-12-01 08:34:04','POS 725',-1.00),(3035,648,37,'2013-12-01 08:34:04','POS 725',-1.00),(3036,463,37,'2013-12-01 08:40:09','POS 726',-24.00),(3037,778,37,'2013-12-01 08:49:08','POS 727',-10.00),(3038,256,37,'2013-12-01 08:49:08','POS 727',-10.00),(3039,788,37,'2013-12-01 08:51:50','POS 728',-1.00),(3040,413,37,'2013-12-01 09:01:28','POS 729',-3.00),(3041,650,37,'2013-12-01 09:01:28','POS 729',-1.00),(3042,463,37,'2013-12-01 09:06:24','Manual Edit of Quantity',392.00),(3043,463,37,'2013-12-01 09:06:46','POS 730',-4.00),(3044,824,37,'2013-12-01 09:08:17','POS 731',-2.00),(3045,796,37,'2013-12-01 09:08:17','POS 731',-4.00),(3046,571,37,'2013-12-01 09:20:40','POS 732',-2.00),(3047,1591,37,'2013-12-01 09:20:40','POS 732',-2.00),(3048,643,37,'2013-12-01 09:20:40','POS 732',-2.00),(3049,1715,37,'2013-12-01 09:23:39','POS 733',-20.00),(3050,1574,37,'2013-12-01 09:26:52','POS 734',-1.00),(3051,574,37,'2013-12-01 09:30:58','POS 735',-2.00),(3052,217,37,'2013-12-01 09:32:35','POS 736',-2.00),(3053,973,37,'2013-12-01 09:40:43','POS 737',-1.00),(3054,650,37,'2013-12-01 09:40:43','POS 737',-2.00),(3055,574,37,'2013-12-01 09:40:43','POS 737',-1.00),(3056,1513,37,'2013-12-01 09:40:43','POS 737',-1.00),(3057,1715,37,'2013-12-01 09:45:09','POS 738',-1.00),(3058,179,37,'2013-12-01 09:45:09','POS 738',-1.00),(3059,181,37,'2013-12-01 09:45:09','POS 738',-1.00),(3060,1764,37,'2013-12-01 09:45:09','POS 738',-1.00),(3061,947,37,'2013-12-01 09:49:53','POS 739',-1.00),(3062,1764,37,'2013-12-01 09:51:35','POS 740',-1.00),(3063,672,37,'2013-12-01 09:54:01','POS 741',-1.00),(3064,505,37,'2013-12-01 10:02:58','POS 742',-5.00),(3065,190,37,'2013-12-01 10:02:58','POS 742',-5.00),(3066,507,37,'2013-12-01 10:02:58','POS 742',-5.00),(3067,1020,37,'2013-12-01 10:08:50','POS 743',-1.00),(3068,1512,37,'2013-12-01 10:08:50','POS 743',-1.00),(3069,950,37,'2013-12-01 10:11:03','POS 744',-3.00),(3070,93,37,'2013-12-01 10:12:35','POS 745',-10.00),(3071,1513,37,'2013-12-01 10:24:00','POS 746',-1.00),(3072,528,37,'2013-12-01 10:24:47','POS 747',-10.00),(3073,788,37,'2013-12-01 10:29:37','POS 748',-1.00),(3074,97,37,'2013-12-01 10:34:38','POS 749',-14.00),(3075,1572,37,'2013-12-01 10:34:38','POS 749',-10.00),(3076,190,37,'2013-12-01 10:34:38','POS 749',-10.00),(3077,158,37,'2013-12-01 10:40:24','POS 750',-10.00),(3078,1012,37,'2013-12-01 10:40:24','POS 750',-1.00),(3079,424,37,'2013-12-01 10:45:47','POS 751',-12.00),(3080,717,37,'2013-12-01 10:45:47','POS 751',-1.00),(3081,950,37,'2013-12-01 10:46:31','POS 752',-1.00),(3082,217,37,'2013-12-01 10:46:31','POS 752',-2.00),(3083,1683,37,'2013-12-01 10:48:48','POS 753',-1.00),(3084,724,37,'2013-12-01 10:54:37','POS 754',-10.00),(3085,856,37,'2013-12-01 10:58:28','POS 755',-1.00),(3086,717,37,'2013-12-01 10:58:29','POS 755',-1.00),(3087,489,37,'2013-12-01 11:00:40','POS 756',-4.00),(3088,485,37,'2013-12-01 11:09:28','POS 757',-20.00),(3089,803,37,'2013-12-01 11:09:28','POS 757',-1.00),(3090,650,37,'2013-12-01 11:09:28','POS 757',-2.00),(3091,1623,37,'2013-12-01 11:09:28','POS 757',-2.00),(3092,909,37,'2013-12-01 11:13:27','POS 758',-2.00),(3093,1256,37,'2013-12-01 11:28:42','POS 759',-1.00),(3094,1063,37,'2013-12-01 11:28:42','POS 759',-1.00),(3095,1513,37,'2013-12-01 11:31:05','POS 760',-5.00),(3096,280,37,'2013-12-01 11:31:05','POS 760',-2.00),(3097,325,37,'2013-12-01 11:34:33','POS 761',-1.00),(3098,865,37,'2013-12-01 11:34:33','POS 761',-1.00),(3099,1754,37,'2013-12-01 11:34:33','POS 761',-10.00),(3100,1623,37,'2013-12-01 11:36:01','POS 762',-5.00),(3101,1776,37,'2013-12-01 11:40:41','Physical Count 513',48.00),(3102,750,37,'2013-12-01 11:41:11','POS 763',-1.00),(3103,1208,37,'2013-12-01 11:41:11','POS 763',-1.00),(3104,1776,37,'2013-12-01 11:42:26','POS 764',-5.00),(3105,1777,37,'2013-12-01 11:57:25','Physical Count 514',3.00),(3106,1778,37,'2013-12-01 11:57:25','Physical Count 514',2.00),(3107,1779,37,'2013-12-01 11:57:25','Physical Count 514',1.00),(3108,1780,37,'2013-12-01 11:57:25','Physical Count 514',1.00),(3109,1781,37,'2013-12-01 11:57:25','Physical Count 514',1.00),(3110,1782,37,'2013-12-01 11:59:20','Receive from Supplier 515',5.00),(3111,1783,37,'2013-12-01 12:03:57','Physical Count 516',2.00),(3112,1784,37,'2013-12-01 12:03:57','Physical Count 516',2.00),(3113,1098,37,'2013-12-01 12:06:30','Receive from Supplier 517',10.00),(3114,1098,37,'2013-12-01 12:08:04','Physical Count 518',-9.00),(3115,1098,37,'2013-12-01 12:08:58','Physical Count 519',9.00),(3116,248,37,'2013-12-01 12:22:26','Manual Edit of Quantity',141.00),(3117,1651,37,'2013-12-01 12:34:41','POS 765',-20.00),(3118,1651,37,'2013-12-01 12:35:39','POS 766',20.00),(3119,119,37,'2013-12-01 12:38:01','Manual Edit of Quantity',989.00),(3120,90,38,'2013-12-03 05:44:35','Physical Count 520',-40.00),(3121,1649,38,'2013-12-03 05:50:50','Manual Edit of Quantity',6.00),(3122,1649,38,'2013-12-03 05:52:44','Manual Edit of Quantity',6.00),(3123,1649,38,'2013-12-03 05:53:14','Manual Edit of Quantity',6.00),(3124,1649,38,'2013-12-03 06:07:33','Manual Edit of Quantity',6.00),(3125,1649,38,'2013-12-03 06:08:36','Manual Edit of Quantity',6.00),(3126,1649,38,'2013-12-03 06:10:40','Manual Edit of Quantity',6.00),(3127,1649,38,'2013-12-03 06:11:53','Manual Edit of Quantity',6.00),(3128,1649,38,'2013-12-03 06:13:52','Manual Edit of Quantity',6.00),(3129,1649,38,'2013-12-03 06:17:02','Manual Edit of Quantity',6.00),(3130,908,38,'2013-12-03 06:18:31','Manual Edit of Quantity',4.00),(3131,1649,38,'2013-12-03 06:20:46','Manual Edit of Quantity',6.00),(3132,828,38,'2013-12-03 06:22:14','Manual Edit of Quantity',4.00),(3133,1649,38,'2013-12-03 06:23:26','Manual Edit of Quantity',6.00),(3134,1649,38,'2013-12-03 06:33:26','Manual Edit of Quantity',6.00),(3135,1649,38,'2013-12-03 06:36:28','Manual Edit of Quantity',6.00),(3136,1649,38,'2013-12-03 06:38:40','Manual Edit of Quantity',6.00),(3137,1649,38,'2013-12-03 06:41:41','Manual Edit of Quantity',6.00),(3138,1649,38,'2013-12-03 06:44:11','Manual Edit of Quantity',6.00),(3139,1649,38,'2013-12-03 06:45:32','Manual Edit of Quantity',6.00),(3140,1649,38,'2013-12-03 06:47:55','Manual Edit of Quantity',6.00),(3141,1649,38,'2013-12-03 06:50:27','Manual Edit of Quantity',6.00),(3142,1649,38,'2013-12-03 06:51:28','Manual Edit of Quantity',6.00),(3143,1649,38,'2013-12-03 06:52:56','Manual Edit of Quantity',6.00),(3144,1649,38,'2013-12-03 06:54:35','Manual Edit of Quantity',6.00),(3145,1649,38,'2013-12-03 10:42:46','Manual Edit of Quantity',6.00),(3146,1649,38,'2013-12-03 10:45:17','Manual Edit of Quantity',6.00),(3147,1649,38,'2013-12-03 10:47:53','Manual Edit of Quantity',6.00),(3148,1649,38,'2013-12-03 23:01:39','Manual Edit of Quantity',6.00),(3149,1649,38,'2013-12-03 23:07:50','Manual Edit of Quantity',6.00),(3150,1649,38,'2013-12-03 23:08:34','Manual Edit of Quantity',6.00),(3151,1649,38,'2013-12-04 01:55:27','Manual Edit of Quantity',6.00),(3152,90,38,'2014-01-01 21:11:10','POS 767',-1.00),(3153,788,38,'2014-01-01 21:11:10','POS 767',-1.00),(3154,94,38,'2014-01-01 21:11:10','POS 767',-1.00),(3155,908,38,'2014-01-01 21:11:45','POS 768',-1.00),(3156,1373,38,'2014-01-01 21:11:45','POS 768',-1.00),(3157,1441,38,'2014-01-01 21:11:45','POS 768',-1.00),(3158,89,38,'2014-01-01 22:22:15','POS 769',-10.00),(3159,91,38,'2014-01-01 22:35:05','POS 770',-10.00),(3160,96,38,'2014-01-01 22:35:05','POS 770',-100.00),(3161,90,38,'2014-01-04 10:11:32','POS 775',-1.00),(3162,166,38,'2014-01-04 10:11:32','POS 775',-10.00),(3163,106,38,'2014-01-04 10:11:32','POS 775',-10.00),(3164,224,38,'2014-01-04 10:16:00','POS 776',-10.00),(3165,96,38,'2014-01-04 10:16:00','POS 776',-10.00),(3166,90,38,'2014-01-04 11:12:35','POS 777',-1.00),(3167,165,38,'2014-01-04 11:12:35','POS 777',-1.00),(3168,94,38,'2014-01-04 11:12:35','POS 777',-1.00),(3169,91,38,'2014-01-04 11:13:19','POS 778',-2.00),(3170,165,38,'2014-01-04 11:13:19','POS 778',-1.00),(3171,98,38,'2014-01-04 11:13:19','POS 778',-1.00),(3172,93,38,'2014-01-04 11:14:21','POS 779',-1.00),(3173,96,38,'2014-01-04 11:14:21','POS 779',-1.00),(3174,99,38,'2014-01-04 11:14:21','POS 779',-1.00),(3175,90,38,'2014-01-04 13:34:38','POS 780',-1.00),(3176,94,38,'2014-01-04 13:34:38','POS 780',-1.00),(3177,90,38,'2014-01-04 13:35:06','POS 781',-1.00),(3178,92,38,'2014-01-04 13:35:06','POS 781',-1.00),(3179,90,38,'2014-01-04 13:37:18','POS 782',-1.00),(3180,165,38,'2014-01-04 13:37:18','POS 782',-1.00),(3181,91,38,'2014-01-04 13:37:59','POS 783',-1.00),(3182,180,38,'2014-01-04 13:37:59','POS 783',-1.00),(3183,92,38,'2014-01-04 13:37:59','POS 783',-10.00),(3184,90,38,'2014-01-04 13:38:36','POS 784',-10.00),(3185,92,38,'2014-01-04 13:45:11','POS 785',-10.00),(3186,90,38,'2014-01-07 11:07:55','POS 788',-3.00),(3187,92,38,'2014-01-07 11:07:55','POS 788',-1.00),(3188,166,38,'2014-01-07 11:07:55','POS 788',-1.00),(3189,90,38,'2014-01-07 14:36:59','POS 789',-1.00),(3190,103,38,'2014-01-07 14:36:59','POS 789',-1.00),(3191,92,38,'2014-01-07 14:36:59','POS 789',-1.00),(3192,90,38,'2014-01-07 14:38:18','POS 790',-10.00),(3193,158,38,'2014-01-07 14:38:18','POS 790',-10.00),(3194,91,38,'2014-01-07 14:40:51','POS 791',-1.00),(3195,160,38,'2014-01-07 14:40:51','POS 791',-1.00),(3196,90,38,'2014-01-07 14:40:51','POS 791',-1.00),(3197,90,38,'2014-01-07 14:59:51','POS 792',-1.00),(3198,92,38,'2014-01-07 14:59:51','POS 792',-1.00),(3199,90,38,'2014-01-07 15:00:22','POS 793',-1.00),(3200,160,38,'2014-01-07 15:00:22','POS 793',-1.00),(3201,90,38,'2014-01-11 09:51:18','POS 794',-10.00),(3202,160,38,'2014-01-11 09:51:18','POS 794',-10.00),(3203,90,38,'2014-01-11 09:51:47','POS 795',-1.00),(3204,160,38,'2014-01-11 09:51:47','POS 795',-1.00),(3205,90,38,'2014-01-11 09:52:16','POS 796',-1.00),(3206,158,38,'2014-01-11 09:52:16','POS 796',-10.00);

UNLOCK TABLES;

/*Table structure for table `invoice` */

DROP TABLE IF EXISTS `invoice`;

CREATE TABLE `invoice` (
  `id` int(11) NOT NULL AUTO_INCREMENT,
  `client_id` int(11) NOT NULL,
  `invoice_number` varchar(50) NOT NULL,
  `date_issued` date DEFAULT NULL,
  `amount` decimal(15,3) DEFAULT NULL,
  `work_description` varchar(200) DEFAULT NULL,
  `payment_term` varchar(100) DEFAULT NULL,
  `taxt1_rate` decimal(6,2) DEFAULT NULL,
  `tax1_desc` varchar(100) DEFAULT NULL,
  `tax2_rate` decimal(6,2) DEFAULT NULL,
  `tax2_desc` varchar(100) DEFAULT NULL,
  `note` text,
  `day_payment_due` int(11) DEFAULT NULL,
  `flag` tinyint(1) DEFAULT '0',
  PRIMARY KEY (`id`),
  KEY `FK_invoice_client_id` (`client_id`),
  CONSTRAINT `FK_invoice_client_id` FOREIGN KEY (`client_id`) REFERENCES `client` (`id`) ON DELETE CASCADE
) ENGINE=InnoDB DEFAULT CHARSET=utf8;

/*Data for the table `invoice` */

LOCK TABLES `invoice` WRITE;

UNLOCK TABLES;

/*Table structure for table `invoice_item` */

DROP TABLE IF EXISTS `invoice_item`;

CREATE TABLE `invoice_item` (
  `id` int(11) NOT NULL AUTO_INCREMENT,
  `invoice_id` int(11) NOT NULL,
  `amount` decimal(10,3) NOT NULL,
  `quantity` int(11) DEFAULT NULL,
  `work_description` text,
  `discount` decimal(10,3) DEFAULT NULL,
  `discount_desc` varchar(400) DEFAULT NULL,
  `modified_date` timestamp NULL DEFAULT CURRENT_TIMESTAMP,
  PRIMARY KEY (`id`),
  KEY `FK_invoice_item_invoice_id` (`invoice_id`),
  CONSTRAINT `FK_invoice_item_invoice_id` FOREIGN KEY (`invoice_id`) REFERENCES `invoice` (`id`) ON DELETE CASCADE
) ENGINE=InnoDB DEFAULT CHARSET=utf8;

/*Data for the table `invoice_item` */

LOCK TABLES `invoice_item` WRITE;

UNLOCK TABLES;

/*Table structure for table `invoice_payment` */

DROP TABLE IF EXISTS `invoice_payment`;

CREATE TABLE `invoice_payment` (
  `id` int(11) NOT NULL AUTO_INCREMENT,
  `invoice_id` int(11) NOT NULL,
  `invoice_number` varchar(50) DEFAULT NULL,
  `date_paid` date DEFAULT NULL,
  `amount_paid` decimal(10,3) NOT NULL,
  `give_away` decimal(10,3) DEFAULT NULL,
  `note` text,
  `modified_date` timestamp NOT NULL DEFAULT CURRENT_TIMESTAMP,
  PRIMARY KEY (`id`),
  UNIQUE KEY `id` (`id`),
  KEY `FK_invoice_payment_invoice_id` (`invoice_id`),
  CONSTRAINT `FK_invoice_payment_invoice_id` FOREIGN KEY (`invoice_id`) REFERENCES `invoice` (`id`) ON DELETE CASCADE
) ENGINE=InnoDB DEFAULT CHARSET=utf8;

/*Data for the table `invoice_payment` */

LOCK TABLES `invoice_payment` WRITE;

UNLOCK TABLES;

/*Table structure for table `item` */

DROP TABLE IF EXISTS `item`;

CREATE TABLE `item` (
  `id` int(11) NOT NULL AUTO_INCREMENT,
  `name` varchar(50) NOT NULL,
  `item_number` varchar(255) DEFAULT NULL,
  `category_id` int(11) DEFAULT NULL,
  `supplier_id` int(11) DEFAULT NULL,
  `cost_price` double(15,4) DEFAULT NULL,
  `unit_price` double(15,4) DEFAULT NULL,
  `quantity` double(15,2) NOT NULL,
  `reorder_level` double(15,2) DEFAULT NULL,
  `location` varchar(20) DEFAULT NULL,
  `allow_alt_description` tinyint(1) DEFAULT NULL,
  `is_serialized` tinyint(1) DEFAULT NULL,
  `description` text,
  `deleted` tinyint(1) DEFAULT '0',
  `created_date` datetime DEFAULT NULL,
  `modified_date` datetime DEFAULT NULL,
  PRIMARY KEY (`id`),
  KEY `FK_item_category_id` (`category_id`),
  KEY `FK_item_supplier_id` (`supplier_id`),
  CONSTRAINT `FK_item_category_id` FOREIGN KEY (`category_id`) REFERENCES `category` (`id`) ON DELETE CASCADE,
  CONSTRAINT `FK_item_supplier_id` FOREIGN KEY (`supplier_id`) REFERENCES `supplier` (`id`) ON DELETE CASCADE
) ENGINE=InnoDB AUTO_INCREMENT=1785 DEFAULT CHARSET=utf8;

/*Data for the table `item` */

LOCK TABLES `item` WRITE;

insert  into `item`(`id`,`name`,`item_number`,`category_id`,`supplier_id`,`cost_price`,`unit_price`,`quantity`,`reorder_level`,`location`,`allow_alt_description`,`is_serialized`,`description`,`deleted`,`created_date`,`modified_date`) values (89,'Augmentin 250mg','3460475',6,3,0.5200,0.6250,92.00,12.00,'A',NULL,NULL,'Amoxcilline 250mg/Acid clavulaniqe 31.25mg',0,NULL,'2014-01-01 22:22:15'),(90,'Aspirine upsa C','3400930076811',8,3,0.1800,0.2500,-44.00,20.00,'A',NULL,NULL,'Paracetamol 330mg/Vitamin C 200mg',0,NULL,'2014-01-11 09:52:16'),(91,'Aspegic 100mg','3582910009535',6,3,0.0600,0.1000,3.00,20.00,'A',NULL,NULL,'Acetylsalicylate 450mg',0,NULL,'2014-01-07 14:40:50'),(92,'Aspegic 250mg','3582910009542',6,3,0.0800,0.1200,-4.00,20.00,'A',NULL,NULL,NULL,0,NULL,'2014-01-07 14:59:51'),(93,'Actapulgite 3g','3400930005491',6,3,0.1800,0.2200,111.00,30.00,'A',NULL,NULL,'Attapulgite 3g',0,NULL,'2014-01-04 11:14:21'),(94,'Acticabine','3400934312908',5,3,0.0400,0.0500,45.00,84.00,'A',NULL,NULL,'Papaverine Hydrochloride  14mg/Charbon active 70mg',0,NULL,'2014-01-04 13:34:38'),(96,'Adrenoxyl 10mg',NULL,5,3,0.0900,0.1200,-92.00,16.00,'A',NULL,NULL,'Carbazochrome 10mg',0,NULL,'2014-01-04 11:14:21'),(97,'Augmentin 500mg',NULL,5,3,0.6000,0.7500,32.00,14.00,'A',NULL,NULL,'Amoxcilline 500mg/ Clavulanate125mg',0,NULL,NULL),(98,'Alaxan FR','8992112000042',5,2,0.0500,0.0600,507.00,100.00,'A',NULL,NULL,'Ibuprofen 200mg/ Paracetamol 325mg',0,NULL,'2014-01-04 11:13:19'),(99,'Acnacare','8850769012118',5,6,0.1200,0.1375,98.00,30.00,'A',NULL,NULL,'APC Complex',0,NULL,'2014-01-04 11:14:21'),(100,'Alaxan ','8992112000066',5,3,0.0500,0.0600,143.00,100.00,'A',NULL,NULL,'Ibuprofen 200mg/ Paracetamol 325mg',0,NULL,NULL),(101,'Atarax 25mg','3008137',5,3,0.1300,0.2000,25.00,30.00,'A',NULL,NULL,'Hydroxyzine dichlorhydrate 25mg',0,NULL,NULL),(102,'Alpha MS','8848003003350',5,NULL,0.0600,0.0800,132.00,40.00,'A',NULL,NULL,'Chymotrypsine 4.2mg',0,NULL,NULL),(103,'Alpha France',NULL,5,3,0.0800,0.1200,108.00,40.00,'A',NULL,NULL,'Chymotrypsine',0,NULL,'2014-01-07 14:36:59'),(104,'Allertec-k ','8806428009661',5,3,0.0200,0.0500,164.00,100.00,'A',NULL,NULL,'Cetrizine 2HCI 10mg',0,NULL,NULL),(105,'Advil 400mg','3400932959419',5,3,0.1800,0.2200,40.00,20.00,'A',NULL,NULL,'Ibuprofene 400mg',0,NULL,NULL),(106,'Advil 200mg','3400933231521',5,3,0.1000,0.1500,19.00,30.00,'A',NULL,NULL,'Ibuprofene 200mg',0,NULL,'2014-01-04 10:11:32'),(107,'Appeton Lysine','9556586412016',5,2,5.8000,6.5000,2.00,1.00,'A',NULL,NULL,'Multivitamin',0,NULL,NULL),(108,'Appeton Taurine','9556586418018',5,3,4.4000,6.0000,1.00,1.00,'A',NULL,NULL,'Multivitamin',0,NULL,NULL),(109,'Avorax Cream','9556492000383',10,10,1.1500,1.5000,6.00,NULL,'A',NULL,NULL,'Acyclovir cream 5%',0,NULL,NULL),(110,'Amoxicap 500','UAMO35',5,11,0.0400,0.0600,186.00,100.00,'A',NULL,NULL,'Amoxicilline 500mg',0,NULL,NULL),(111,'Amoxicillin 250 Lyka',NULL,5,9,0.0200,0.0300,524.00,100.00,'A',NULL,NULL,'Amoxicillin 250mg',0,NULL,NULL),(112,'Amox MS 500','8848003007020',5,24,0.0300,0.0400,300.00,100.00,'A',NULL,NULL,'Amoxicilline 500mg',0,NULL,NULL),(113,'Axcel Prome-5','9556586501505',7,3,0.7100,1.0000,0.00,5.00,'A',NULL,NULL,'Promethazine 5mg',0,NULL,NULL),(114,'Axcel Para 250mg','9556586501468',7,3,0.9000,1.1250,17.00,5.00,'A',NULL,NULL,'Paracetamol 250mg',0,NULL,NULL),(115,'Amoxyl 250 MS',NULL,5,24,0.0900,0.1800,170.00,100.00,NULL,NULL,NULL,'Amoxicillin 250mg',0,NULL,NULL),(116,'Alergyl(syrup)',NULL,7,13,0.4900,0.7500,0.00,5.00,'A',NULL,NULL,'Promethazine 0.1%',0,NULL,NULL),(117,'Amoxigran 250','UAMO32',5,11,1.3000,1.6200,1.00,5.00,NULL,NULL,NULL,'Amoxicillin 250mg',0,NULL,NULL),(118,'Amoxigran 125','UAMO31',7,11,1.0000,1.5000,0.00,5.00,'A',NULL,NULL,'Amoxicillin 125mg',0,NULL,NULL),(119,'Amlocor-5',NULL,5,12,0.0700,0.0875,989.00,NULL,'A',NULL,NULL,'',0,NULL,NULL),(120,'Amlocor-10',NULL,5,12,0.0900,0.1300,90.00,NULL,'A',NULL,NULL,NULL,0,NULL,NULL),(121,'Almex 400','8944000001563',5,3,0.1200,0.2500,12.00,NULL,'A',NULL,NULL,NULL,0,NULL,NULL),(122,'Acrason crème',NULL,10,17,0.5500,0.8800,16.00,NULL,'A',NULL,NULL,NULL,0,NULL,NULL),(123,'Aziclar 500','8911872007504',5,11,0.2500,0.3000,36.00,NULL,'A',NULL,NULL,NULL,0,NULL,NULL),(124,'Asmacort VN',NULL,5,22,2.5000,3.0000,0.00,NULL,'A',NULL,NULL,NULL,0,NULL,NULL),(125,'Aminol -S ',NULL,7,19,4.2000,5.5000,0.00,NULL,'A',NULL,NULL,NULL,0,NULL,NULL),(128,'Analgique CPE',NULL,5,22,0.0200,0.0200,0.00,NULL,'A',NULL,NULL,NULL,0,NULL,NULL),(129,'Amlopress -5',NULL,5,22,0.1000,0.1200,0.00,NULL,'A',NULL,NULL,NULL,0,NULL,NULL),(131,'Antacil gel','8851473000019',7,20,1.0000,1.3800,6.00,2.00,'A',NULL,NULL,NULL,0,NULL,NULL),(132,'Metamizol plus (Inj)',NULL,13,9,0.0600,0.0900,109.00,2.00,'M',NULL,NULL,NULL,0,NULL,NULL),(133,'Amlopres-5','8901117018389',5,2,0.1100,0.1300,110.00,20.00,'A',NULL,NULL,NULL,0,NULL,NULL),(134,'Amlopres-10','8901117018457',5,2,0.3000,0.3500,78.00,20.00,'A',NULL,NULL,NULL,0,NULL,NULL),(135,'Amlo-Denk 5','4031571051166',5,22,0.1500,0.1800,40.00,20.00,'A',NULL,NULL,'Amlodipine 5mg',0,NULL,NULL),(137,'Amoxycillin 125 (Poudre)','8852746010049',7,25,0.5300,0.8800,27.00,2.00,'A',NULL,NULL,'Amoxicillin 125mg',0,NULL,NULL),(154,'Avorax 200mg','9556492000215',5,10,0.1600,0.2500,15.00,20.00,'A',NULL,NULL,NULL,0,NULL,NULL),(155,'Avorax 400mg','9556492000222',5,10,0.2200,0.3300,137.00,20.00,'A',NULL,NULL,NULL,0,NULL,NULL),(156,'Amigyl','8901135002025',7,9,0.6000,0.8800,13.00,2.00,'A',NULL,NULL,NULL,0,NULL,NULL),(157,'Anticold toux','8848003000212',5,24,0.0300,0.0400,300.00,20.00,'A',NULL,NULL,NULL,0,NULL,NULL),(158,'Amoxicillin 500mg (F)','3700502100167',5,13,0.0700,0.0900,587.00,20.00,'A',NULL,NULL,NULL,0,NULL,'2014-01-11 09:52:16'),(159,'Alberta30mg',NULL,5,2,0.2900,0.3800,7.00,10.00,'A',NULL,NULL,NULL,0,NULL,NULL),(160,'Ampicillin 500mg (F)','3700502100181',5,13,0.0700,0.0875,910.00,20.00,'A',NULL,NULL,'',0,NULL,'2014-01-11 09:51:47'),(161,'Ampicillin 500mg(India)','8911872006385',5,9,0.0300,0.0500,240.00,20.00,'A',NULL,NULL,NULL,0,NULL,NULL),(162,'Alphatyl ','8848004002789',5,26,0.0400,0.0600,290.00,20.00,'A',NULL,NULL,NULL,0,NULL,NULL),(163,'Azithrocin500','8941100350447',5,2,0.5000,0.7500,2.00,10.00,'A',NULL,NULL,NULL,0,NULL,NULL),(164,'Avlocardyl40','4300897600024701',5,2,0.0800,0.1200,121.00,25.00,'A',NULL,NULL,NULL,0,NULL,NULL),(165,'Actifed','3400935753274',5,22,8.5000,10.0000,-2.00,1.00,'A',NULL,NULL,NULL,0,NULL,'2014-01-04 13:37:18'),(166,'Aziflam250','8911872005388',5,9,0.3200,0.4200,-5.00,6.00,'A',NULL,NULL,NULL,0,NULL,'2014-01-07 11:07:55'),(167,'Aziclar250','8911872008617',5,9,0.2000,0.2500,20.00,10.00,'A',NULL,NULL,NULL,0,NULL,NULL),(170,'Aziclar500',NULL,5,9,0.2200,0.3000,0.00,10.00,'A',NULL,NULL,NULL,0,NULL,NULL),(171,'Anamizol Inj','3692581484156',13,9,0.0400,0.0800,106.00,20.00,'A',NULL,NULL,NULL,0,NULL,NULL),(172,'Almetamin','8806100250329',5,3,0.0200,0.0500,0.00,20.00,'A',NULL,NULL,NULL,0,NULL,NULL),(173,'Ascoril','8904091116621',7,3,0.9800,1.5000,4.00,2.00,'A',NULL,NULL,NULL,0,NULL,NULL),(174,'Appetine','8846000181675',7,13,1.2500,1.7500,10.00,2.00,'A',NULL,NULL,NULL,0,NULL,NULL),(175,'Anamizol',NULL,5,9,0.0100,0.0200,1030.00,50.00,'A',NULL,NULL,'01 2016',0,NULL,NULL),(176,'Albenzole',NULL,5,2,0.1500,0.2500,-4.00,10.00,'A',NULL,NULL,NULL,0,NULL,NULL),(177,'Bécilan(Inj)','3400932725496',13,2,0.6200,0.8800,9.00,5.00,'B',NULL,NULL,NULL,0,NULL,NULL),(178,'Biotine(Inj)',NULL,13,2,0.6000,0.7500,72.00,6.00,'B',NULL,NULL,NULL,0,NULL,NULL),(179,'Bepanthene(Inj)',NULL,13,2,0.6000,0.7500,76.00,6.00,'B',NULL,NULL,NULL,0,NULL,NULL),(180,'Bibactin fort','8846000181606',5,13,0.0500,0.0700,99.00,20.00,'B',NULL,NULL,NULL,0,NULL,'2014-01-04 13:37:59'),(181,'Becozyme(Inj)',NULL,13,2,0.5500,0.7000,152.00,6.00,'B',NULL,NULL,NULL,0,NULL,NULL),(182,'Bioflor','3583315558079',6,3,0.4000,0.5000,0.00,10.00,'B',NULL,NULL,NULL,0,NULL,NULL),(183,'Bibactin480mg','8846000181620',5,13,0.0200,0.0400,400.00,20.00,'B',NULL,NULL,NULL,0,NULL,NULL),(184,'Biorée gran.',NULL,6,3,0.1300,0.2500,94.00,10.00,'B',NULL,NULL,NULL,0,NULL,NULL),(185,'Bécazyn(Inj)','8007839398133',13,2,0.2200,0.3800,34.00,12.00,'B',NULL,NULL,NULL,0,NULL,NULL),(186,'Bricanyl',NULL,7,3,1.5500,2.5000,5.00,2.00,'B',NULL,NULL,NULL,0,NULL,NULL),(187,'Bebidol','8851473002242',7,20,0.7500,1.2500,4.00,2.00,'B',NULL,NULL,NULL,0,NULL,NULL),(188,'Betadine',NULL,10,3,2.3500,3.0000,2.00,2.00,'B',NULL,NULL,NULL,0,NULL,NULL),(189,'Bromxin',NULL,7,20,0.5500,0.8800,11.00,2.00,'B',NULL,NULL,NULL,0,NULL,NULL),(190,'Bromhexil 8','8848003002667',5,13,0.0100,0.0200,534.00,20.00,'B',NULL,NULL,NULL,0,NULL,NULL),(191,'Bromhexil 4','8848003002650',5,13,0.0000,0.0100,0.00,20.00,'B',NULL,NULL,NULL,0,NULL,NULL),(192,'Bocalex','8935206096934',8,2,0.0100,0.1200,70.00,10.00,'B',NULL,NULL,NULL,0,NULL,NULL),(193,'Brustan',NULL,5,6,0.0600,0.0900,100.00,20.00,'B',NULL,NULL,NULL,0,NULL,NULL),(194,'Bepanthene100',NULL,5,15,0.1200,0.1600,67.00,20.00,'B',NULL,NULL,NULL,0,NULL,NULL),(195,'Bactrim Forte','3400932197040',5,3,0.2800,0.3800,-3.00,10.00,'B',NULL,NULL,NULL,0,NULL,NULL),(196,'Bedelix','3400932297085',6,15,0.2000,0.2500,115.00,30.00,'B',NULL,NULL,NULL,0,NULL,NULL),(197,'Benda500','8851473001207',5,20,0.4400,0.5700,36.00,12.00,'B',NULL,NULL,NULL,0,NULL,NULL),(198,'Berocca','4897010451559',8,15,0.3600,0.4200,130.00,20.00,'B',NULL,NULL,NULL,0,NULL,NULL),(199,'Buprol','ubup04',5,11,0.0300,0.0500,90.00,20.00,'B',NULL,NULL,NULL,0,NULL,NULL),(200,'Biofix100','8904083841739',5,2,0.2000,0.2500,60.00,20.00,'B',NULL,NULL,NULL,0,NULL,NULL),(201,'Clamoxyl500',NULL,5,15,0.1800,0.2500,125.00,24.00,'C',NULL,NULL,NULL,0,NULL,NULL),(202,'Clamoxyl250','3156725',6,15,0.2500,0.3000,99.00,24.00,'C',NULL,NULL,NULL,0,NULL,NULL),(203,'Biscodyl','8858022000384',5,25,0.0100,0.2500,809.00,20.00,'B',NULL,NULL,NULL,0,NULL,NULL),(207,'Bcd',NULL,5,2,0.0025,0.0035,0.00,NULL,'',NULL,NULL,'',0,NULL,NULL),(209,'Pdas Say',NULL,5,NULL,0.0000,0.2500,0.00,NULL,'',NULL,NULL,'Pdas say Kmeng',0,NULL,NULL),(210,'Pdas Say Adult (18-30)',NULL,5,NULL,0.0000,0.3000,0.00,NULL,'',NULL,NULL,'',0,NULL,NULL),(211,'Doxycap100mg','UDOX06',5,11,0.0300,0.0500,214.00,NULL,'D',NULL,NULL,'',0,NULL,NULL),(212,'Debridat100mg',NULL,5,2,0.1440,0.1750,64.00,NULL,'D',NULL,NULL,'',0,NULL,NULL),(213,'Diabetmin500mg','udia22',5,11,0.0320,0.0500,210.00,NULL,'D',NULL,NULL,'',0,NULL,NULL),(214,'Dogmatil50mg','3582910004677',5,3,0.1270,0.2000,30.00,NULL,'D',NULL,NULL,'',0,NULL,NULL),(215,'Dafalgan500mg','3400932679041',5,2,0.0970,0.1750,68.00,NULL,'D',NULL,NULL,'',0,NULL,NULL),(216,'Diabetmin850mg','udia23',5,11,0.0550,0.0750,200.00,NULL,'D',NULL,NULL,'',0,NULL,NULL),(217,'Calcium (F)',NULL,7,3,0.2000,0.2500,260.00,NULL,'C',NULL,NULL,'',0,NULL,NULL),(218,'Cephalex-MS500','8848003007037',5,13,0.0600,0.1000,122.00,NULL,'C',NULL,NULL,'',0,NULL,NULL),(219,'Betamed15cc','8855451002187',10,27,0.2400,0.3750,21.00,NULL,'B',NULL,NULL,'',0,NULL,NULL),(220,'Betamed30cc','8855451000701',10,27,0.4500,0.6250,10.00,NULL,'B',NULL,NULL,'',0,NULL,NULL),(221,'FE-FA',NULL,7,22,0.9100,1.1250,11.00,NULL,'F',NULL,NULL,'',0,NULL,NULL),(222,'CIMEMEDICO','cimemed12',5,10,0.0550,0.0630,380.00,NULL,'C',NULL,NULL,'',0,NULL,NULL),(223,'CLOXA-MS',NULL,5,13,0.0365,0.0625,320.00,NULL,'C',NULL,NULL,'',0,NULL,NULL),(224,'Calcium Alko','3705304',13,2,0.6400,0.7500,24.00,NULL,'C',NULL,NULL,'',0,NULL,'2014-01-04 10:16:00'),(225,'Bicorex',NULL,5,17,0.0990,0.1500,30.00,NULL,'B',NULL,NULL,'',0,NULL,NULL),(226,'Cotrim960','8846000180319',5,13,0.0450,0.0500,477.00,NULL,'C',NULL,NULL,'',0,NULL,NULL),(227,'Cimetidine400(F)','3700502100549',5,2,0.0800,0.1000,140.00,NULL,'C',NULL,NULL,'',0,NULL,NULL),(228,'Coramine Glucose','A3025621A',14,3,0.2500,0.5000,0.00,20.00,'C',NULL,NULL,'',0,NULL,NULL),(229,'Calcium+D','8911872006163',5,9,0.0210,0.0375,310.00,NULL,'C',NULL,NULL,'',0,NULL,NULL),(230,'Sandrox-500',NULL,5,2,0.1000,0.1250,190.00,NULL,'S',NULL,NULL,'',0,NULL,NULL),(231,'Clofenac50','uclo34',5,11,0.0150,0.0250,38.00,NULL,'C',NULL,NULL,'',0,NULL,NULL),(232,'Cetriaxone1g',NULL,13,9,0.5300,0.6500,0.00,NULL,'C',NULL,NULL,'',0,NULL,NULL),(233,'Buscomine(Inj)',NULL,13,19,0.2500,0.3000,1.00,NULL,'B',NULL,NULL,'',0,NULL,NULL),(234,'Cimemedico200 (inj)','CIMEMED67',13,10,0.1900,0.3000,120.00,NULL,'C',NULL,NULL,'',0,NULL,NULL),(235,'Colodium2mg','UCOL14',5,11,0.0265,0.0375,172.00,NULL,'C',NULL,NULL,'',0,NULL,NULL),(236,'Célestar','CELEST101',5,10,0.0560,0.0875,154.00,NULL,'C',NULL,NULL,'',0,NULL,NULL),(237,'Clamovid625',NULL,5,11,0.4000,0.5500,66.00,NULL,'C',NULL,NULL,'',0,NULL,NULL),(238,'Cimetidine(Inj)','3692581478681',13,9,0.0450,0.0750,192.00,NULL,'C',NULL,NULL,'',0,NULL,NULL),(239,'Clumox625','CLUMOXR183',5,10,0.5000,0.5750,12.00,NULL,'C',NULL,NULL,'',0,NULL,NULL),(240,'Mano Camfort',NULL,13,22,0.1350,0.1875,70.00,NULL,'M',NULL,NULL,'',0,NULL,NULL),(242,'Cimetidine400(EPHAC)','8848004002055',5,26,0.0240,0.0375,239.00,NULL,'C',NULL,NULL,'',0,NULL,NULL),(243,'Coquelusédal100','3771034',16,3,0.2000,0.3000,15.00,NULL,'C',NULL,NULL,'',0,NULL,NULL),(244,'Coveram5/5','5391189200493',5,15,0.3700,0.4500,30.00,NULL,'C',NULL,NULL,'',0,NULL,NULL),(245,'Diaryl syrup','8846000180371',7,13,1.3000,1.5000,11.00,NULL,'D',NULL,NULL,'',0,NULL,NULL),(246,'D-Lor',NULL,5,2,0.0640,0.1000,20.00,NULL,'D',NULL,NULL,'',0,NULL,NULL),(247,'Poldanmig',NULL,5,2,0.1880,0.2500,104.00,20.00,'P',NULL,NULL,'',0,NULL,NULL),(248,'Doliprane150','3499879',6,2,0.1290,0.2000,141.00,20.00,'D',NULL,NULL,'paracetamol\r\n\r\n',0,NULL,NULL),(249,'Cloderm.ointment','9556258921655',10,3,1.9500,2.2500,4.00,3.00,'Crème',NULL,NULL,'',0,NULL,NULL),(250,'Daflon500mg','3594456400011',5,3,0.1500,0.2000,185.00,30.00,'D',NULL,NULL,'',0,NULL,NULL),(251,'Candid.cream','8904091100118',10,3,0.7000,0.8750,6.00,3.00,'cream',NULL,NULL,'',0,NULL,NULL),(252,'Doliprane200','3499916',6,3,0.1290,0.2000,140.00,24.00,'D',NULL,NULL,'',0,NULL,NULL),(253,'Meko coramin','8934574060028',14,2,0.0800,0.2500,43.00,20.00,'C',NULL,NULL,'',0,NULL,NULL),(254,'Cloderm.cream','9556258921648',10,3,1.9500,2.2500,3.00,3.00,'Crème',NULL,NULL,'',0,NULL,NULL),(255,'Dynamogén','8470007491279',6,3,0.4350,0.5500,160.00,20.00,'D',NULL,NULL,'',0,NULL,NULL),(256,'DEXA-MS','8848003002698',5,13,0.0090,0.0200,344.00,50.00,'D',NULL,NULL,'',0,NULL,NULL),(257,'Biona.lotion','8935125812714',10,2,0.5000,0.7500,44.00,5.00,'Crème',NULL,NULL,'',0,NULL,NULL),(258,'Coralgine','8848012900039',5,7,0.1250,0.1600,100.00,18.00,'C',NULL,NULL,'',0,NULL,NULL),(259,'Doliprane500','3233153',6,3,0.1290,0.2000,102.00,24.00,'D',NULL,NULL,'',0,NULL,NULL),(260,'Acyclovir.Axcel','9556586201047',10,3,1.1700,1.5000,1.00,2.00,'A',NULL,NULL,'',0,NULL,NULL),(261,'Doliprane500(C)',NULL,5,2,0.0970,0.1250,221.00,32.00,'D',NULL,NULL,'',0,NULL,NULL),(262,'Doliprane(effe)','3766501',8,3,0.0660,0.1750,101.00,16.00,'D',NULL,NULL,'',0,NULL,NULL),(263,'Doliprane300','3499945',6,2,0.1290,0.2000,148.00,24.00,'D',NULL,NULL,'',0,NULL,NULL),(264,'Decolgen fort','8992112000318',5,2,0.0370,0.0500,422.00,100.00,'D',NULL,NULL,'',0,NULL,NULL),(265,'Doralgine','8848003002209',5,2,0.0245,0.0375,200.00,20.00,'D',NULL,NULL,'',0,NULL,NULL),(266,'DiamicronMR30',NULL,5,15,0.1400,0.1550,495.00,60.00,'D',NULL,NULL,'',0,NULL,NULL),(267,'DiamicronMR60','3594452600521',5,15,0.2840,0.3167,350.00,30.00,'D',NULL,NULL,'',0,NULL,NULL),(268,'Décontractyl',NULL,5,3,0.0400,0.0600,544.00,25.00,'D',NULL,NULL,'',0,NULL,NULL),(269,'Diazepam.CPE',NULL,5,13,0.0120,0.0250,520.00,20.00,'D',NULL,NULL,'',0,NULL,NULL),(270,'Dexa.Flamingo','8911872004275',5,11,0.0110,0.0250,215.00,20.00,'D',NULL,NULL,'',0,NULL,NULL),(271,'Candacort.cream','9556258921662',10,3,1.7300,2.1250,7.00,2.00,'Crème',NULL,NULL,'',0,NULL,NULL),(272,'Cotrim.syrup','8846000180289',7,13,0.5000,0.8750,2.00,2.00,'C',NULL,NULL,'',0,NULL,NULL),(273,'ACNEX.gel','8904115705145',10,10,2.4000,3.0000,2.00,2.00,'A',NULL,NULL,'',0,NULL,NULL),(277,'Ascoril.syrup',NULL,7,2,1.0500,1.2500,0.00,2.00,'A',NULL,NULL,'',0,NULL,NULL),(278,'Aspirine 81','096619310715',5,2,3.6000,5.0000,4.00,1.00,'A',NULL,NULL,'',0,NULL,NULL),(279,'V.Rohto','8935006510074',17,6,1.9500,2.3750,12.00,3.00,'V',NULL,NULL,'',0,NULL,NULL),(280,'Sodium campho',NULL,13,9,0.0900,0.1250,104.00,20.00,'S',NULL,NULL,'',0,NULL,NULL),(281,'Curcuma.plus','8998777140208',7,2,0.9300,1.2500,6.00,2.00,'C',NULL,NULL,'',0,NULL,NULL),(282,'GLOW','8850769008661',5,6,0.2710,0.3000,73.00,30.00,'G',NULL,NULL,'',0,NULL,NULL),(283,'Coquelusédal250','3921172',16,2,0.2300,0.3750,20.00,10.00,'C',NULL,NULL,'',0,NULL,NULL),(284,'Cephalexin250(S)','8848004003069',6,2,0.1250,0.2000,29.00,12.00,'C',NULL,NULL,'',0,NULL,NULL),(285,'Cilox200','5290665001091',5,3,0.1530,0.2500,36.00,10.00,'C',NULL,NULL,'',0,NULL,NULL),(286,'Vitamin.B12.Inj(ZPC)','3692581478612',13,9,0.0380,0.0630,231.00,20.00,'v',NULL,NULL,'Vitamin B12 inj',0,NULL,NULL),(287,'Caladine.pouder','8993005124012',10,17,1.5000,2.0000,3.00,3.00,'C',NULL,NULL,'',0,NULL,NULL),(288,'Dexacol.collyre','8936004131018',17,2,0.3500,0.6250,44.00,5.00,'D',NULL,NULL,'',0,NULL,NULL),(289,'Candid-V6','8904091105816',16,2,0.1670,0.3750,23.00,6.00,'C',NULL,NULL,'',0,NULL,NULL),(290,'Docaine2%','8852807409119',13,2,1.6000,2.0000,1.00,2.00,'D',NULL,NULL,'',0,NULL,NULL),(291,'Cicatryl','3400932930951',10,3,0.2930,0.3750,179.00,14.00,'C',NULL,NULL,'',0,NULL,NULL),(294,'Vita.Bcomplex','3692581484149',13,9,0.0390,0.0630,247.00,20.00,'v',NULL,NULL,'',0,NULL,NULL),(295,'Ceng fui yen',NULL,5,11,3.5000,4.5000,7.00,3.00,'C',NULL,NULL,'',0,NULL,NULL),(296,'Triacef.inj',NULL,13,3,1.5500,1.7500,10.00,5.00,'T',NULL,NULL,'',0,NULL,NULL),(301,'Catapressan','3400935940698',5,3,0.1800,0.2500,79.00,20.00,'C',NULL,NULL,'',0,NULL,NULL),(302,'Magne-B6.Corbière',NULL,5,2,0.0700,0.1000,13.00,20.00,'M',NULL,NULL,'',0,NULL,NULL),(304,'Cimetidin CPE','8848005004058',5,28,0.0230,0.0375,120.00,50.00,'C',NULL,NULL,'',0,NULL,NULL),(305,'Cilamox500','9316626601219',5,2,0.2100,0.2250,122.00,20.00,'C',NULL,NULL,'',0,NULL,NULL),(306,'Carbophos','3400930186442',5,3,0.1050,0.1500,118.00,20.00,'C',NULL,NULL,'',0,NULL,NULL),(307,'CystineB6','3400931669883',5,2,0.1700,0.2500,120.00,20.00,'C',NULL,NULL,'',0,NULL,NULL),(309,'Diclofenac.Inj','3692581478643',13,9,0.0450,0.0750,100.00,30.00,'D',NULL,NULL,'',0,NULL,NULL),(310,'Gentamicine.Inj','3692581484163',13,9,0.0430,0.0630,113.00,50.00,'G',NULL,NULL,'',0,NULL,NULL),(311,'Clindacin300','8911872009102',5,11,0.0820,0.1130,60.00,20.00,'C',NULL,NULL,'',0,NULL,NULL),(312,'CTZ10mg',NULL,5,2,0.0200,0.0370,157.00,50.00,'C',NULL,NULL,'',0,NULL,NULL),(313,'Candid.pouder','8904091113606',19,22,0.9300,1.2500,14.00,5.00,'Crème',NULL,NULL,'',0,NULL,NULL),(314,'Codalgin','9316626600939',5,3,0.1075,0.1250,35.00,20.00,'C',NULL,NULL,'',0,NULL,NULL),(315,'Carbolevure','3400930060551',5,15,0.1000,0.1380,59.00,20.00,'C',NULL,NULL,'',0,NULL,NULL),(316,'Zyloric200','4327272700028400',5,2,0.1200,0.1800,126.00,28.00,'Z',NULL,NULL,'Allopurinol',0,NULL,NULL),(317,'Sinepotamin Syrup','8858819320022',7,22,0.7000,1.0000,4.00,3.00,'S',NULL,NULL,'',0,NULL,NULL),(318,'Chloramphenicol.inj','8854060000300',13,22,0.1400,0.2500,1.00,10.00,'C',NULL,NULL,'chloramphenicol + lidocaine HCL',0,NULL,NULL),(319,'Oxyboldine','3400936171039',8,2,0.1450,0.1750,237.00,24.00,'O',NULL,NULL,'',0,NULL,NULL),(320,'CYPRO SYRUP','8858819310016',7,22,0.7000,1.0000,24.00,5.00,'C',NULL,NULL,'',0,NULL,NULL),(321,'Chophytol','3022775',5,2,0.0560,0.0700,158.00,50.00,'C',NULL,NULL,'',0,NULL,NULL),(322,'Carbotoux','8846000180227',5,13,0.0750,0.0875,95.00,20.00,'C',NULL,NULL,'',0,NULL,NULL),(323,'Caltoux','8846000180180',7,13,1.1000,1.2500,5.00,3.00,'C',NULL,NULL,'',0,NULL,NULL),(324,'Cetoderm neomycin',NULL,10,2,0.8000,1.0000,7.00,3.00,'C',NULL,NULL,'',0,NULL,NULL),(325,'Cadexcin-N','8851473004352',17,20,0.7200,1.0000,50.00,5.00,'C',NULL,NULL,'',0,NULL,NULL),(326,'Catch-cold F',NULL,7,10,1.6300,1.8750,20.00,3.00,'C',NULL,NULL,'',0,NULL,NULL),(327,'Bioplacenton.cream','8992858213119',10,2,0.8000,1.1250,2.00,3.00,'Crème',NULL,NULL,'',0,NULL,NULL),(328,'Colchicine1mg','3400936275096',5,2,0.1700,0.2500,40.00,20.00,'C',NULL,NULL,'',0,NULL,NULL),(329,'Coxto200','8911872006491',3,11,0.0550,0.0750,282.00,20.00,'C',NULL,NULL,'',0,NULL,NULL),(330,'Codoliprane','3582910032816',5,3,0.1240,0.1700,25.00,16.00,'C',NULL,NULL,'paracetamol',0,NULL,NULL),(331,'Cetriaxone sodium.+ eau',NULL,13,9,0.5000,0.6250,7.00,20.00,'Medicine inj',NULL,NULL,'1G+ eau distillé',0,NULL,NULL),(332,'Bévitine250','3011139',5,2,0.1550,0.2300,20.00,20.00,'B',NULL,NULL,'',0,NULL,NULL),(333,'CHLORA.collyre',NULL,17,9,0.2000,0.5000,12.00,5.00,'C',NULL,NULL,'',0,NULL,NULL),(334,'Coversyl5mg','3594456600305',5,15,0.2650,0.3250,224.00,30.00,'C',NULL,NULL,'',0,NULL,NULL),(336,'Carbotoux.syrup','8846000180234',7,13,1.0000,1.5000,4.00,3.00,'C',NULL,NULL,'',0,NULL,NULL),(337,'Colposeptine',NULL,16,2,0.2950,0.3750,3.00,6.00,'C',NULL,NULL,'',0,NULL,NULL),(338,'Coversyl plus 5/1.25','3594454400440',5,15,0.3200,0.4500,24.00,30.00,'C',NULL,NULL,'',0,NULL,NULL),(339,'Ciprofloxacin.collyre','8901117030237',17,2,0.8500,1.1250,10.00,3.00,'C',NULL,NULL,'',0,NULL,NULL),(340,'Calcibronat 2g','3400932228768',8,3,0.1960,0.2500,113.00,20.00,'C',NULL,NULL,'',0,NULL,NULL),(341,'Cimetidine.hovid','UCIM02',5,11,0.0300,0.0500,60.00,20.00,'C',NULL,NULL,'',0,NULL,NULL),(342,'Allergis.collyre','8851473004291',17,20,0.8000,1.1300,12.00,3.00,'A',NULL,NULL,'',0,NULL,NULL),(343,'Celexin500.hovid','UCEL04',5,11,0.0800,0.1100,30.00,20.00,'C',NULL,NULL,'',0,NULL,NULL),(344,'Coveram10/10','5391189230483',5,15,0.5500,0.6250,0.00,30.00,'C',NULL,NULL,'',0,NULL,NULL),(345,'Curam625',NULL,5,15,0.3200,0.5000,47.00,15.00,'C',NULL,NULL,'',0,NULL,NULL),(346,'Clamide5mg','UCLA09',5,11,0.0250,0.0375,719.00,50.00,'C',NULL,NULL,'',0,NULL,NULL),(347,'Cramid.Roxithro',NULL,5,2,0.1200,0.7500,60.00,20.00,'C',NULL,NULL,'',0,NULL,NULL),(348,'Vitamin C inj','3692581484132',13,9,0.0500,0.0750,51.00,50.00,'Injection',NULL,NULL,'',0,NULL,NULL),(349,'Codalgin Forte','9316626602148',5,3,0.1730,0.2500,51.00,20.00,'C',NULL,NULL,'',0,NULL,NULL),(350,'Colchimax','4302449000049300',5,2,0.2950,0.3750,20.00,10.00,'C',NULL,NULL,'',0,NULL,NULL),(351,'Cotrim fort(F)',NULL,5,2,0.0650,0.1000,64.00,20.00,'C',NULL,NULL,'',0,NULL,NULL),(352,'Cystone','8901138503642',5,22,8.3000,9.0000,2.00,1.00,'C',NULL,NULL,'',0,NULL,NULL),(353,'Ciprolar-FC.15mg','8902502101662',10,3,1.5000,1.8750,20.00,3.00,'Crème',NULL,NULL,'',0,NULL,NULL),(354,'Cortibion.cream',NULL,10,22,0.3200,0.4000,51.00,5.00,'Crème',NULL,NULL,'',0,NULL,NULL),(355,'Ciprolar-FC.5mg','8902502101822',10,2,0.6000,0.8750,21.00,5.00,'Crème',NULL,NULL,'',0,NULL,NULL),(356,'Casprin100','9557892200502',5,2,0.0830,0.1000,0.00,30.00,'C',NULL,NULL,'',0,NULL,NULL),(357,'Colpotrophine',NULL,16,2,0.3250,0.5000,12.00,5.00,'C',NULL,NULL,'',0,NULL,NULL),(358,'Green-G',NULL,6,17,0.1750,0.2250,130.00,10.00,'G',NULL,NULL,'',0,NULL,NULL),(359,'Grovit.syrup','8903238500057',7,3,1.4000,1.7500,2.00,2.00,'G',NULL,NULL,'',0,NULL,NULL),(360,'Gastropulgite','3400930428559',6,3,0.1650,0.2250,346.00,30.00,'G',NULL,NULL,'',0,NULL,NULL),(361,'Gofen.400','8850769010954',5,6,0.1460,0.1750,101.00,20.00,'G',NULL,NULL,'',0,NULL,NULL),(362,'Hydrosol.drop','3771488',7,3,3.2000,3.7500,11.00,2.00,'H',NULL,NULL,'',0,NULL,NULL),(363,'Glucophage500',NULL,5,2,0.0800,0.1125,200.00,20.00,'G',NULL,NULL,'',0,NULL,NULL),(364,'Efferalgan codeine',NULL,8,13,0.2380,0.3250,0.00,20.00,'E',NULL,NULL,'',0,NULL,NULL),(365,'Antacil','8851473000040',5,20,0.0082,0.0250,1117.00,50.00,'A',NULL,NULL,'',0,NULL,NULL),(366,'Hepadif',NULL,5,17,0.2150,0.2750,82.00,20.00,'H',NULL,NULL,'',0,NULL,NULL),(367,'Gestid',NULL,5,2,0.0290,0.0425,662.00,20.00,'G',NULL,NULL,'',0,NULL,NULL),(368,'Gynomax','8846000180487',16,13,0.3500,0.5000,7.00,6.00,'G',NULL,NULL,'',0,NULL,NULL),(369,'Glucophage850',NULL,5,3,0.1670,0.2400,165.00,15.00,'G',NULL,NULL,'',0,NULL,NULL),(370,'Hostan250','uhos18',5,11,0.0250,0.0375,0.00,20.00,'H',NULL,NULL,'',0,NULL,NULL),(371,'HEXBIO','9555608600028',6,3,0.1350,0.2500,70.00,10.00,'H',NULL,NULL,'',0,NULL,NULL),(372,'HEMOREX','8846000180500',16,13,0.1650,0.3000,8.00,5.00,'H',NULL,NULL,'',0,NULL,NULL),(373,'Hydrocortancyl.5','3051506',5,3,0.1200,0.1500,96.00,15.00,'H',NULL,NULL,'',0,NULL,NULL),(374,'Giloba','8850769004670',5,6,0.2100,0.2500,276.00,30.00,'G',NULL,NULL,'',0,NULL,NULL),(375,'Gracid',NULL,5,2,0.0180,0.0375,690.00,20.00,'G',NULL,NULL,'',0,NULL,NULL),(376,'HANSEOMUC',NULL,5,17,0.0550,0.0625,245.00,20.00,'H',NULL,NULL,'',0,NULL,NULL),(377,'HEPTAMYL','3049159',5,2,0.1000,0.1500,78.00,20.00,'H',NULL,NULL,'',0,NULL,NULL),(378,'Hydrocortisone10','3051417',5,3,0.1600,0.2500,36.00,10.00,'H',NULL,NULL,'',0,NULL,NULL),(379,'Griséofulvine(F)','3700502100464',5,3,0.1200,0.1500,98.00,20.00,'G',NULL,NULL,'',0,NULL,NULL),(380,'Griseofulvine(Ephac)','8848004002093',5,26,0.0700,0.1000,0.00,20.00,'G',NULL,NULL,'',0,NULL,NULL),(381,'Grisoral(CPE)','8848005012046',5,28,0.0700,0.1000,180.00,20.00,'G',NULL,NULL,'',0,NULL,NULL),(382,'Griseofulvine(BF)','8848010005927',5,2,0.0700,0.1000,239.00,20.00,'G',NULL,NULL,'',0,NULL,NULL),(383,'GRISEO-MS','8848003003893',5,13,0.0700,0.1000,85.00,20.00,'G',NULL,NULL,'',0,NULL,NULL),(384,'GDU-L Kit','8901387015194',5,3,9.5000,12.0000,0.00,1.00,'G',NULL,NULL,'',0,NULL,NULL),(385,'KETARIN200','8911872005838',5,2,0.0660,0.0875,55.00,20.00,'K',NULL,NULL,'',0,NULL,NULL),(386,'Konimag',NULL,6,15,0.0770,0.1000,53.00,20.00,'K',NULL,NULL,'',0,NULL,NULL),(387,'Kremil-S','4807788417961',5,3,0.0360,0.0500,87.00,20.00,'K',NULL,NULL,'',0,NULL,NULL),(388,'KINAL(gélule)','8846000180555',5,13,0.0410,0.0550,1713.00,20.00,'K',NULL,NULL,'',0,NULL,NULL),(389,'KINALVIC','8846000180562',5,13,0.0500,0.0625,13.00,20.00,'K',NULL,NULL,'',0,NULL,NULL),(390,'KINAL IBU','8846000183648',5,13,0.0420,0.0600,248.00,20.00,'K',NULL,NULL,'',0,NULL,NULL),(391,'KINAL(Suppo)','8846000180524',5,13,0.0850,0.1500,55.00,10.00,'K',NULL,NULL,'',0,NULL,NULL),(392,'KINAL(Comprimé)','8846000181712',5,13,0.0290,0.0450,590.00,20.00,'k',NULL,NULL,'',0,NULL,NULL),(393,'Imoryl','8848003000113',5,13,0.0120,0.0250,270.00,20.00,'I',NULL,NULL,'',0,NULL,NULL),(394,'KETOCONAZOLE(hovid)','uket19',5,11,0.0710,0.1000,192.00,20.00,'k',NULL,NULL,'',0,NULL,NULL),(395,'Idarac200','3582910028185',5,3,0.1670,0.2500,49.00,20.00,'I',NULL,NULL,'',0,NULL,NULL),(396,'Kaleorid.600','4332173300021600',5,2,0.0670,0.0875,57.00,20.00,'k',NULL,NULL,'',0,NULL,NULL),(397,'Hosolvon.syrup','UHOS17',7,11,1.0000,1.2500,9.00,2.00,'H',NULL,NULL,'',0,NULL,NULL),(398,'Isoteen',NULL,5,2,0.3950,0.5000,30.00,10.00,'I',NULL,NULL,'',0,NULL,NULL),(399,'HISTAC.300',NULL,5,2,0.0500,0.0750,46.00,20.00,'H',NULL,NULL,'',0,NULL,NULL),(400,'KAMOX CLAV.625','8911872009720',5,2,0.3250,0.3750,20.00,10.00,'K',NULL,NULL,'',0,NULL,NULL),(401,'Intétrix','3400930535349',5,3,0.1975,0.2500,58.00,20.00,'I',NULL,NULL,'',0,NULL,NULL),(402,'Klamentin','8935206097153',5,2,0.4630,0.5000,0.00,10.00,'K',NULL,NULL,'',0,NULL,NULL),(403,'GENTA-ZPC(COLLYRE)',NULL,17,9,0.1950,0.3750,23.00,5.00,'G',NULL,NULL,'COLLYRE',0,NULL,NULL),(404,'KOACT 1000','8901175106318',5,2,0.3750,0.5000,77.00,10.00,'K',NULL,NULL,'',0,NULL,NULL),(405,'IYAFIN.Syrup','8851473008701',7,20,0.5850,0.8750,52.00,5.00,'I',NULL,NULL,'',0,NULL,NULL),(406,'Eosine','3376585',10,2,0.4500,0.6250,3.00,5.00,'E',NULL,NULL,'',0,NULL,NULL),(407,'Flagyl. ovule',NULL,16,2,0.2700,0.3750,18.00,5.00,'F',NULL,NULL,'',0,NULL,NULL),(408,'Fortica',NULL,5,2,0.1200,0.1630,50.00,10.00,'F',NULL,NULL,'',0,NULL,NULL),(409,'Erotab250','uero13',5,11,0.0540,0.0625,82.00,20.00,'E',NULL,NULL,'',0,NULL,NULL),(410,'Caladine.pouder','8993005202093',10,17,0.8000,1.1250,6.00,3.00,'Crème',NULL,NULL,'',0,NULL,NULL),(411,'Eugica Syrus','8935206009118',7,3,1.0000,1.2500,10.00,5.00,'E',NULL,NULL,'',0,NULL,NULL),(412,'Ecoflox-500','8901140108194',5,2,0.0330,0.0500,325.00,20.00,'E',NULL,NULL,'',0,NULL,NULL),(413,'Euphytose','3400932897162',5,3,0.1000,0.1250,163.00,20.00,'E',NULL,NULL,'',0,NULL,NULL),(414,'ERYCIN 500','8911872001328',5,11,0.0735,0.0875,100.00,20.00,'E',NULL,NULL,'',0,NULL,NULL),(415,'Doliprane1000','4359558300019500',5,2,0.2375,0.3250,26.00,8.00,'D',NULL,NULL,'',0,NULL,NULL),(416,'Dolium','8852746040220',7,22,0.5600,0.8750,11.00,3.00,'D',NULL,NULL,'',0,NULL,NULL),(417,'Efferalgan500(effer)','3400932570010',8,2,0.1220,0.1750,58.00,16.00,'E',NULL,NULL,'',0,NULL,NULL),(418,'Bisolvon8mg','3400937360616',5,2,0.1860,0.2250,79.00,20.00,'B',NULL,NULL,'',0,NULL,NULL),(419,'Erythro-MS','8848003002056',5,13,0.0300,0.0500,70.00,20.00,'E',NULL,NULL,'',0,NULL,NULL),(420,'Enat.400','8850769010824',5,6,0.1450,0.1750,0.00,30.00,'E',NULL,NULL,'',0,NULL,NULL),(421,'Ery.250mg(poudre)',NULL,6,3,0.1700,0.2250,147.00,24.00,'E',NULL,NULL,'',0,NULL,NULL),(422,'Keflor125mg',NULL,7,22,3.1000,3.7500,1.00,5.00,'K',NULL,NULL,'',0,NULL,NULL),(423,'Flemex.syrup','8852027349059',7,2,0.9500,1.2500,5.00,3.00,'F',NULL,NULL,'',0,NULL,NULL),(424,'Strepsils.pastille','9556108211356',14,22,0.0540,0.0750,656.00,48.00,'S',NULL,NULL,'',0,NULL,NULL),(425,'Esome20mg',NULL,5,2,0.3350,0.5000,55.00,14.00,'E',NULL,NULL,'',0,NULL,NULL),(426,'ERYCYL250(PPM)','8846000180401',6,13,0.1200,0.1750,90.00,20.00,'E',NULL,NULL,'',0,NULL,NULL),(427,'Febricol-Rx','9556492002837',5,10,0.0375,0.0625,302.00,100.00,'F',NULL,NULL,'',0,NULL,NULL),(428,'FERROVIT','8850769005523',5,2,0.0500,0.0625,130.00,20.00,'F',NULL,NULL,'',0,NULL,NULL),(429,'KOMIX.syrup','8993058303624',6,15,0.0620,0.1250,77.00,30.00,'k',NULL,NULL,'',0,NULL,NULL),(430,'Eugica.fort','8935206096453',5,2,0.0280,0.0500,364.00,30.00,'E',NULL,NULL,'',0,NULL,NULL),(431,'Eugica','8935206093414',5,2,0.0175,0.0375,1229.00,30.00,'E',NULL,NULL,'',0,NULL,NULL),(432,'efferagan vitamineC','3400936373242',8,13,0.2000,0.2750,153.00,16.00,'E',NULL,NULL,'',0,NULL,NULL),(433,'Famotidine40','ufam10',5,11,0.0275,0.0450,65.00,30.00,'F',NULL,NULL,'',0,NULL,NULL),(434,'Flixonase(spray)','9300670151059',7,3,7.3000,8.0000,8.00,1.00,'F',NULL,NULL,'',0,NULL,NULL),(435,'DISPAN','DISCOPN22',5,10,0.0600,0.0875,409.00,30.00,'D',NULL,NULL,'',0,NULL,NULL),(436,'Exomuc',NULL,6,2,0.2850,0.3250,24.00,10.00,'E',NULL,NULL,'',0,NULL,NULL),(437,'Eludril','3400934823763',7,3,2.9500,3.7500,5.00,1.00,'E',NULL,NULL,'',0,NULL,NULL),(438,'ERYTHRO-MS500','8848003002049',5,2,0.0700,0.0875,0.00,20.00,'E',NULL,NULL,'',0,NULL,NULL),(439,'ERYTHROMYCINE500','8848004002833',5,26,0.0700,0.0875,72.00,20.00,'E',NULL,NULL,'',0,NULL,NULL),(440,'EROGRAN(poudre)','uero06',7,11,2.2000,2.5000,6.00,3.00,'E',NULL,NULL,'',0,NULL,NULL),(441,'Erythro.500(F)','3700502100556',5,2,0.1750,0.2500,30.00,20.00,'E',NULL,NULL,'',0,NULL,NULL),(442,'Ercéfuryl.200','3582910007159',5,3,0.0785,0.1250,220.00,28.00,'E',NULL,NULL,'',0,NULL,NULL),(443,'Esome40',NULL,5,2,0.4720,0.5750,54.00,14.00,'E',NULL,NULL,'',0,NULL,NULL),(444,'LAZ',NULL,5,2,0.4350,0.5500,20.00,10.00,'L',NULL,NULL,'',0,NULL,NULL),(445,'LIVOLINE.fort','8850769006063',5,6,0.1550,0.2000,145.00,20.00,'L',NULL,NULL,'',0,NULL,NULL),(446,'Métronidazol250(F)','3700502100518',5,3,0.0450,0.0625,258.00,20.00,'M',NULL,NULL,'',0,NULL,NULL),(447,'Lactulose','8901168573127',7,2,2.0000,2.5000,5.00,2.00,'L',NULL,NULL,'',0,NULL,NULL),(448,'Lanzee-DM',NULL,5,2,0.1320,0.2500,35.00,20.00,'L',NULL,NULL,'',0,NULL,NULL),(449,'Lopid300',NULL,5,15,0.2000,0.2250,162.00,20.00,'L',NULL,NULL,'',0,NULL,NULL),(450,'Lopid300',NULL,5,15,0.2000,0.2250,0.00,20.00,'L',NULL,NULL,'',0,NULL,NULL),(451,'Lactéol.sachet','3400933073602',6,3,0.6600,0.8750,8.00,5.00,'L',NULL,NULL,'',0,NULL,NULL),(452,'LOXMA FORT','LOXMAF113',6,10,0.1225,0.1500,89.00,20.00,'L',NULL,NULL,'',0,NULL,NULL),(453,'LINCO-MS','8848003000021',5,13,0.0550,0.0750,112.00,20.00,'L',NULL,NULL,'',0,NULL,NULL),(454,'Gastrogel.Antacid','9316626101375',7,2,3.0000,4.0000,1.00,2.00,'G',NULL,NULL,'',0,NULL,NULL),(455,'LINCOMYCINE(Ephac)','8848004001058',5,13,0.0500,0.0750,180.00,20.00,'L',NULL,NULL,'',0,NULL,NULL),(456,'CELES-K','8806009002067',5,2,0.0390,0.0500,100.00,20.00,'C',NULL,NULL,'',0,NULL,NULL),(457,'Lincomycine(F)','3700502100426',5,3,0.1250,0.2500,216.00,20.00,'L',NULL,NULL,'Lincomycine.F.',0,NULL,NULL),(458,'Leflox(Getz)',NULL,5,2,0.6750,0.8750,2.00,10.00,'L',NULL,NULL,'',0,NULL,NULL),(459,'Glucophage1000(F)',NULL,5,2,0.1720,0.2500,30.00,15.00,'G',NULL,NULL,'',0,NULL,NULL),(460,'Lorantyn-10','ulor12',5,11,0.0300,0.0500,210.00,20.00,'L',NULL,NULL,'',0,NULL,NULL),(461,'Lamox500(Ephac)','8848004001119',5,26,0.0950,0.1670,144.00,12.00,'L',NULL,NULL,'',0,NULL,NULL),(462,'Lasilix40','4352813800034100',5,2,0.1200,0.1500,99.00,10.00,'L',NULL,NULL,'',0,NULL,NULL),(463,'Lysopaine',NULL,14,15,0.0800,0.1250,388.00,48.00,'L',NULL,NULL,'',0,NULL,NULL),(464,'Lamox250(Ephac)','8848004003014',6,26,0.1250,0.1750,21.00,12.00,'L',NULL,NULL,'',0,NULL,NULL),(465,'Légalon70mg',NULL,5,13,0.1950,0.2380,0.00,20.00,'L',NULL,NULL,'',0,NULL,NULL),(466,'LANOCID30','8911872000161',5,11,0.0860,0.1000,60.00,20.00,'L',NULL,NULL,'',0,NULL,NULL),(469,'LOCID.20',NULL,5,11,0.0300,0.0500,0.00,20.00,'L',NULL,NULL,'',0,NULL,NULL),(470,'LIHEL',NULL,5,2,0.1250,0.1625,230.00,20.00,'L',NULL,NULL,'',0,NULL,NULL),(471,'LEXIN 250',NULL,5,11,0.0350,0.0500,0.00,20.00,'L',NULL,NULL,'',0,NULL,NULL),(472,'MEDICOLAT.10','mdcolat94',5,10,0.0565,0.1000,93.00,20.00,'M',NULL,NULL,'',0,NULL,NULL),(473,'MUCOGITE200','8848004003090',6,26,0.0670,0.1250,33.00,10.00,'M',NULL,NULL,'',0,NULL,NULL),(474,'MANOPROVITAB',NULL,5,25,1.5500,2.0000,8.00,2.00,'M',NULL,NULL,'',0,NULL,NULL),(475,'MIRIBOLAN',NULL,5,17,0.1300,0.2000,217.00,20.00,'M',NULL,NULL,'',0,NULL,NULL),(476,'MAGNE B6(F)','3125009',5,3,0.1200,0.1375,159.00,20.00,'M',NULL,NULL,'',0,NULL,NULL),(477,'Motilium(syrup)','8850583000469',7,15,1.6000,2.0000,17.00,3.00,'M',NULL,NULL,'',0,NULL,NULL),(478,'Motilium-M','8850583001688',5,15,0.1450,0.2000,38.00,20.00,'M',NULL,NULL,'',0,NULL,NULL),(479,'Maalox(sachet)','3545504',6,13,0.3750,0.4500,19.00,10.00,'M',NULL,NULL,'',0,NULL,NULL),(482,'micmeblue',NULL,5,7,0.0400,0.0700,285.00,20.00,'M',NULL,NULL,'',0,NULL,NULL),(483,'MEMORY',NULL,5,17,0.1200,0.1500,236.00,20.00,'M',NULL,NULL,'',0,NULL,NULL),(484,'MUCOMYST','3400934065187',6,13,0.2300,0.3750,24.00,20.00,'M',NULL,NULL,'',0,NULL,NULL),(485,'MEDITADINE','mediper59',5,10,0.0280,0.0375,324.00,50.00,'M',NULL,NULL,'',0,NULL,NULL),(487,'Microflox-500',NULL,5,2,0.0360,0.0500,79.00,20.00,'M',NULL,NULL,'',0,NULL,NULL),(488,'MINAGINE(Ephac)','8848004001331',5,26,0.1200,0.1750,32.00,6.00,'M',NULL,NULL,'',0,NULL,NULL),(489,'MIGRALGINE(F)','3400934348808',5,13,0.4600,0.5750,87.00,12.00,'M',NULL,NULL,'',0,NULL,NULL),(490,'Mobic.7,5mg',NULL,5,15,0.4100,0.5750,22.00,10.00,'M',NULL,NULL,'',0,NULL,NULL),(491,'MEDIXON16',NULL,5,2,0.2500,0.4000,43.00,20.00,'M',NULL,NULL,'',0,NULL,NULL),(492,'MEDOCLOR.500','5290931002005',5,3,0.7200,0.8720,10.00,10.00,'M',NULL,NULL,'',0,NULL,NULL),(493,'Neuralgin','8992858659214',5,15,0.0400,0.0625,151.00,18.00,'N',NULL,NULL,'',0,NULL,NULL),(494,'NÉO-CODION(sirop) EN',NULL,7,13,2.0000,3.0000,4.00,1.00,'N',NULL,NULL,'Sirop enfants',0,NULL,NULL),(495,'MEFEMIC','MEFEMI102',5,10,0.0360,0.0500,200.00,20.00,'M',NULL,NULL,'Acide méfénamique 250',0,NULL,NULL),(496,'Narita(spray)',NULL,18,10,5.3000,6.0000,2.00,1.00,'N',NULL,NULL,'',0,NULL,NULL),(497,'NICOL.collyre',NULL,17,11,0.7000,0.8750,13.00,3.00,'N',NULL,NULL,'',0,NULL,NULL),(498,'MEDICOLAT.20','MDCOLAT95',5,10,0.0590,0.0750,308.00,30.00,'M',NULL,NULL,'',0,NULL,NULL),(499,'NEO-K','8806009002319',5,2,0.0475,0.0750,187.00,20.00,'N',NULL,NULL,'',0,NULL,NULL),(500,'METRO-MS.500','8848000002387',5,13,0.0090,0.0250,144.00,20.00,'M',NULL,NULL,'',0,NULL,NULL),(501,'Metro.Lyka.250',NULL,5,2,0.0100,0.0250,250.00,20.00,'M',NULL,NULL,'',0,NULL,NULL),(502,'Maalox',NULL,5,3,0.0075,0.0500,350.00,40.00,'M',NULL,NULL,'',0,NULL,NULL),(503,'MIN 50mg',NULL,5,10,0.0190,0.0375,244.00,50.00,'M',NULL,NULL,'',0,NULL,NULL),(504,'Nutroplex(syrup)','4807788528384',7,3,1.0500,1.2500,6.00,2.00,'N',NULL,NULL,'',0,NULL,NULL),(505,'MEDI-OFLOXACIN','OFLOMED11',5,10,0.1060,0.1500,78.00,20.00,'M',NULL,NULL,'',0,NULL,NULL),(506,'Metrogyl(syrup)','8901086130082',7,11,0.6000,1.0000,0.00,3.00,'M',NULL,NULL,'',0,NULL,NULL),(507,'NEO-CODION',NULL,5,13,0.1500,0.1750,388.00,40.00,'N',NULL,NULL,'Pill\r\n',0,NULL,NULL),(508,'MIN -Plus','minplus184',5,10,0.0390,0.0500,80.00,20.00,'M',NULL,NULL,'',0,NULL,NULL),(509,'NEO-MERCAZOLE','3400936111066',5,13,0.0850,0.1250,200.00,50.00,'N',NULL,NULL,'',0,NULL,NULL),(510,'NATRILIX-SR','3594455200018',5,15,0.1620,0.2000,0.00,10.00,'N',NULL,NULL,'',0,NULL,NULL),(511,'MEDOCLOR.250','5290931002012',5,2,0.4670,0.6250,16.00,16.00,'M',NULL,NULL,'',0,NULL,NULL),(512,'NEOTICA BALM 30g','8851473007339',10,20,1.2500,1.3750,36.00,5.00,'N',NULL,NULL,'',0,NULL,NULL),(513,'Newrocam 7.5mg',NULL,5,17,0.1500,0.1750,40.00,20.00,'N',NULL,NULL,'',0,NULL,NULL),(514,'NEUROVIT FORTE','UNEU14',5,11,0.0570,0.0750,230.00,20.00,'N',NULL,NULL,'',0,NULL,NULL),(515,'NEPHRIS-S','8809018307222',5,3,0.1750,0.2250,93.00,20.00,'N',NULL,NULL,'',0,NULL,NULL),(516,'Novalmine500','8848003002223',5,13,0.0210,0.0500,138.00,20.00,'N',NULL,NULL,'',0,NULL,NULL),(517,'NORFLOX.400','8848000002134',5,24,0.0200,0.0375,328.00,20.00,'N',NULL,NULL,'',0,NULL,NULL),(518,'Nicovit','8848003003244',5,24,0.0500,0.0750,180.00,10.00,'N',NULL,NULL,'',0,NULL,NULL),(519,'Negramon fort','8848003002964',5,24,0.1400,0.2000,0.00,10.00,'N',NULL,NULL,'',0,NULL,NULL),(520,'Nootropyl 800','3266371',5,3,0.2200,0.3000,103.00,20.00,'N',NULL,NULL,'',0,NULL,NULL),(521,'NOX-PAIN','8856513000714',10,20,1.0000,1.2500,9.00,3.00,'N',NULL,NULL,'',0,NULL,NULL),(522,'Negramon 500','8848003002742',5,24,0.0700,0.1250,0.00,10.00,'N',NULL,NULL,'',0,NULL,NULL),(523,'NIFLURIL','3400930728796',5,2,0.1040,0.1500,79.00,10.00,'N',NULL,NULL,'',0,NULL,NULL),(524,'NNO','8850769009712',10,6,0.1400,0.1750,112.00,30.00,'N',NULL,NULL,'',0,NULL,NULL),(525,'Nexium 40(F)',NULL,5,15,1.0430,1.2500,144.00,14.00,'N',NULL,NULL,'',0,NULL,NULL),(526,'NO-SPA',NULL,5,15,0.0950,0.1500,0.00,10.00,'N',NULL,NULL,'',0,NULL,NULL),(527,'Nautamine','3582910005728',5,3,0.1100,0.1750,55.00,20.00,'N',NULL,NULL,'',0,NULL,NULL),(528,'Panadol(cold+flu)','8934638068618',5,14,0.0360,0.0625,389.00,50.00,'P',NULL,NULL,'',0,NULL,NULL),(529,'Panadol(Extra)',NULL,5,14,0.0425,0.0625,1236.00,50.00,'P',NULL,NULL,'',0,NULL,NULL),(530,'Panadol',NULL,5,14,0.0355,0.0500,1970.00,50.00,'P',NULL,NULL,'',0,NULL,NULL),(531,'Panagesic','5290931001275',5,2,0.1650,0.2500,85.00,10.00,'P',NULL,NULL,'',0,NULL,NULL),(532,'APRAZOLE-20','8901111443125',5,2,0.0200,0.0375,20.00,20.00,'A',NULL,NULL,'',0,NULL,NULL),(533,'Ofrocine.200','8806122800724',5,17,0.0980,0.1375,156.00,20.00,'O',NULL,NULL,'',0,NULL,NULL),(534,'Osteocare','5021265227075',5,22,0.2400,0.3000,65.00,15.00,'O',NULL,NULL,'',0,NULL,NULL),(535,'Omeprazole GPO','8850678024547',5,3,0.0680,0.0875,96.00,20.00,'O',NULL,NULL,'',0,NULL,NULL),(536,'Ofax 200',NULL,5,3,0.0350,0.0500,145.00,20.00,'O',NULL,NULL,'',0,NULL,NULL),(537,'Ofla 200',NULL,5,2,0.0350,0.0500,0.00,20.00,'O',NULL,NULL,'',0,NULL,NULL),(538,'OXY-NASE(spray)',NULL,18,14,4.8000,6.0000,3.00,1.00,'O',NULL,NULL,'',0,NULL,NULL),(539,'OFLOCET.200mg','3582910029137',5,3,1.0800,1.2500,29.00,10.00,'O',NULL,NULL,'',0,NULL,NULL),(540,'OZOTHINE','3077322',5,3,0.1620,0.2300,47.00,20.00,'O',NULL,NULL,'',0,NULL,NULL),(541,'Omnicef 100',NULL,5,15,0.6400,0.7500,50.00,10.00,'O',NULL,NULL,'',0,NULL,NULL),(542,'Menopace','5021265229079',3,3,0.3700,0.5000,60.00,15.00,'M',NULL,NULL,'',0,NULL,NULL),(543,'OMEZ 20','8901148229440',5,15,0.0750,0.1000,154.00,20.00,'O',NULL,NULL,'',0,NULL,NULL),(544,'OK',NULL,5,2,0.2300,0.3750,0.00,10.00,'O',NULL,NULL,'',0,NULL,NULL),(547,'Oxyboldine',NULL,8,13,0.1200,0.1750,0.00,24.00,'O',NULL,NULL,'',0,NULL,NULL),(548,'Omeprazole(euro)',NULL,5,2,0.0200,0.0375,0.00,20.00,'O',NULL,NULL,'',0,NULL,NULL),(549,'Physiologica','3401042933641',17,22,0.0950,0.1500,172.00,30.00,'P',NULL,NULL,'',0,NULL,NULL),(550,'Prezen','8904054612115',5,2,0.0740,0.1000,20.00,20.00,'P',NULL,NULL,'',0,NULL,NULL),(551,'PEPSANE','3400933205218',6,22,0.2500,0.3750,57.00,20.00,'P',NULL,NULL,'',0,NULL,NULL),(552,'PHAGEL',NULL,6,3,0.1850,0.2500,150.00,20.00,'P',NULL,NULL,'',0,NULL,NULL),(553,'PANZO-D',NULL,5,2,0.2080,0.3000,30.00,20.00,'P',NULL,NULL,'',0,NULL,NULL),(554,'Primalan(syrup)',NULL,7,2,3.2500,3.7500,11.00,2.00,'P',NULL,NULL,'',0,NULL,NULL),(557,'PROFEN PLUS',NULL,5,11,0.0160,0.0375,120.00,20.00,'P',NULL,NULL,'',0,NULL,NULL),(558,'Padéryl','3400930775981',5,3,0.1400,0.1875,63.00,20.00,'P',NULL,NULL,'',0,NULL,NULL),(559,'Phénergan 25mg','3082286',5,2,0.0500,0.0750,29.00,20.00,'P',NULL,NULL,'',0,NULL,NULL),(560,'PANOL 125',NULL,7,13,0.3000,0.5000,13.00,5.00,'P',NULL,NULL,'',0,NULL,NULL),(561,'Panthenol(spray)',NULL,18,3,4.5000,5.5000,5.00,2.00,'P',NULL,NULL,'',0,NULL,NULL),(562,'Piyenchin',NULL,17,2,0.1700,0.2500,9.00,5.00,'P',NULL,NULL,'nose and eyes drop\r\n',0,NULL,NULL),(563,'PENGESIC','upen13',5,11,0.0630,0.0750,100.00,20.00,'P',NULL,NULL,'',0,NULL,NULL),(564,'PARA G DEK','8855459002189',7,20,0.5000,0.7500,23.00,5.00,'P',NULL,NULL,'',0,NULL,NULL),(565,'Phenergan Syrup 90ml',NULL,7,2,0.6500,1.0000,11.00,5.00,'P',NULL,NULL,'Syrup 90ml',0,NULL,NULL),(566,'Perfectil','5021265220038',5,22,0.4800,0.5250,60.00,15.00,'P',NULL,NULL,'',0,NULL,NULL),(567,'PREDNI-MS',NULL,5,24,0.0200,0.0250,100.00,20.00,'P',NULL,NULL,'',0,NULL,NULL),(568,'PAINDOL 300','8848003004111',6,24,0.0830,0.1250,62.00,12.00,'P',NULL,NULL,'',0,NULL,NULL),(569,'Paralgin','9316626600151',5,3,0.0520,0.0625,100.00,20.00,'P',NULL,NULL,'',0,NULL,NULL),(570,'Pregnacare','5021265225026',5,3,0.3200,0.3750,90.00,15.00,'P',NULL,NULL,'',0,NULL,NULL),(571,'PRIMPERAN','3582910004592',5,15,0.0925,0.1250,195.00,20.00,'P',NULL,NULL,'',0,NULL,NULL),(572,'Pylo kit','8901117164420',5,22,14.5000,16.0000,0.00,1.00,'P',NULL,NULL,'',0,NULL,NULL),(573,'PLUS','8850769006186',5,6,0.0480,0.0750,110.00,20.00,'P',NULL,NULL,'Multivitamin&Mineral',0,NULL,NULL),(574,'Phosphalugel',NULL,6,15,0.1650,0.2250,614.00,26.00,'P',NULL,NULL,'aluminium phosphate',0,NULL,NULL),(575,'Planz-30','8901387028811',5,22,0.0710,0.1000,80.00,10.00,'P',NULL,NULL,'Lansoprazol 30mg',0,NULL,NULL),(576,'PREDNISOLONE','UPRE09',5,11,0.0220,0.0375,559.00,20.00,'P',NULL,NULL,'',0,NULL,NULL),(577,'PORO 250','9557892200748',16,3,0.0670,0.1250,0.00,20.00,'P',NULL,NULL,'Paracétamol 250mg',0,NULL,NULL),(578,'PORO 125','9557892200335',16,3,0.0570,0.1250,100.00,20.00,'P',NULL,NULL,'Paracétamol 125mg',0,NULL,NULL),(579,'PRINCI-B FORT','2027150',5,3,0.1650,0.2125,29.00,10.00,'P',NULL,NULL,'Vitamine B1 B6 B12',0,NULL,NULL),(580,'PANZO 40',NULL,5,3,0.1070,0.1750,5.00,20.00,'P',NULL,NULL,'Pantoprazol 40mg',0,NULL,NULL),(581,'Polydexa',NULL,17,3,3.0500,4.0000,1.00,1.00,'P',NULL,NULL,'Neomycin+Poymycine B+dexa',0,NULL,NULL),(582,'Pariet 20mg',NULL,5,15,15.5000,17.0000,1.00,1.00,'P',NULL,NULL,'rabeprazol sodium',0,NULL,NULL),(583,'vitamin E (VN)',NULL,5,2,0.0600,0.0875,40.00,50.00,'E',NULL,NULL,'',0,NULL,NULL),(584,'Vitaneurine','8848003002179',5,24,0.0375,0.0625,0.00,50.00,'V',NULL,NULL,'',0,NULL,NULL),(585,'Viralgine forte','8848003003152',5,24,0.0700,0.1000,70.00,NULL,'V',NULL,NULL,'',0,NULL,NULL),(586,'UPRO 400','UPRO40098',5,24,0.0300,0.0500,188.00,NULL,'U',NULL,NULL,'',0,NULL,NULL),(587,'Vitamin A-D','8935206096446',5,2,0.0095,0.0250,0.00,NULL,'V',NULL,NULL,'',0,NULL,NULL),(588,'Vitacap','8850769000740',5,6,0.0730,0.0875,280.00,NULL,'V',NULL,NULL,'',0,NULL,NULL),(589,'Vastarel MR','3594455800010',5,15,0.1370,0.1750,175.00,NULL,'V',NULL,NULL,'',0,NULL,NULL),(590,'Vitascorbol','3400933243708',8,13,0.1800,0.2400,-37.00,NULL,'V',NULL,NULL,'',0,NULL,NULL),(591,'Vitamine C ephac','8848004002376',5,26,0.0200,0.0375,554.00,NULL,'V',NULL,NULL,'',0,NULL,NULL),(592,'Vitamine B1 Ephac','8848004002383',5,26,0.0250,0.0375,0.00,NULL,'V',NULL,NULL,'',0,NULL,NULL),(593,'Vitamine B6 Ephac','8848004002390',5,26,0.0250,0.0375,32.00,NULL,'V',NULL,NULL,'',0,NULL,NULL),(594,'Xyzal',NULL,5,15,0.3300,0.4300,42.00,NULL,'X',NULL,NULL,'',0,NULL,NULL),(595,'Uromil','6013742',5,3,0.3500,0.5000,67.00,10.00,'U',NULL,NULL,'',0,NULL,NULL),(596,'UNASYN 375mg',NULL,5,2,0.8200,1.0000,13.00,8.00,'u',NULL,NULL,'',0,NULL,NULL),(597,'Zinnat 250mg',NULL,5,2,0.6300,0.7500,38.00,10.00,'Z',NULL,NULL,'',0,NULL,NULL),(598,'Vita B1B6B12 CPE','8848005002078',5,28,0.0400,0.0500,457.00,NULL,'V',NULL,NULL,'',0,NULL,NULL),(599,'Vometa',NULL,5,2,0.0770,0.1250,57.00,NULL,'V',NULL,NULL,'',0,NULL,NULL),(600,'Zinec',NULL,5,2,0.0430,0.1500,100.00,20.00,'Z',NULL,NULL,'',0,NULL,NULL),(601,'Zyrtec (F)',NULL,5,3,0.3050,0.3750,74.00,20.00,'Z',NULL,NULL,'',0,NULL,NULL),(602,'Zyrtec Syrus (F)','3330198',7,3,2.6500,3.5000,2.00,NULL,'Z',NULL,NULL,'',0,NULL,NULL),(603,'X-COUGH(Syrup)',NULL,7,10,1.4000,1.7500,10.00,3.00,'X',NULL,NULL,'',0,NULL,NULL),(604,'UPRO(syrup)','sirupro127',7,10,2.8000,3.1250,13.00,2.00,'U',NULL,NULL,'Ibuprofène',0,NULL,NULL),(605,'TUSSIPAX','3400932810574',5,3,0.2040,0.2750,59.00,15.00,'T',NULL,NULL,'',0,NULL,NULL),(606,'Taphanil 500mg','8848004002536',5,26,0.0670,0.1250,211.00,20.00,'T',NULL,NULL,'',0,NULL,NULL),(607,'Tanakan','3400932990405',5,2,0.1850,0.2500,47.00,NULL,'T',NULL,NULL,'',0,NULL,NULL),(608,'Trim 100','8806496021749',5,2,0.0700,0.8750,125.00,NULL,'T',NULL,NULL,'',0,NULL,NULL),(609,'Rhinathiol.2%','3582910021810',7,3,1.6000,2.0000,6.00,5.00,'R',NULL,NULL,'CARBOCISTÉINE 2%',0,NULL,NULL),(610,'Rhinathiol.5%','3582910045335',7,3,1.8000,2.2500,2.00,2.00,'R',NULL,NULL,'Carbocistéine.5%',0,NULL,NULL),(611,'Theralene(syrup)',NULL,7,2,0.8500,1.2500,7.00,3.00,'T',NULL,NULL,'Alimemazine0.05%',0,NULL,NULL),(612,'Tusin(syrup)',NULL,7,2,1.4000,1.6250,2.00,2.00,'T',NULL,NULL,'',0,NULL,NULL),(613,'Rhinathiol.promé','3582910020981',7,3,1.3500,2.0000,0.00,3.00,'R',NULL,NULL,'Carbocistéine+prométhazine',0,NULL,NULL),(614,'Tylenol(syrup)','8850583000247',7,3,1.4500,2.0000,1.00,2.00,'T',NULL,NULL,'paracétamol.160mg/5ml',0,NULL,NULL),(615,'Théostat.300','3400932731411',5,3,0.1250,0.1750,120.00,10.00,'T',NULL,NULL,'théophylline.300mg',0,NULL,NULL),(616,'Théostat.200','3400932787531',5,3,0.0770,0.1250,80.00,10.00,'T',NULL,NULL,'Théostat.200mg',0,NULL,NULL),(617,'Théostat.100','3400932691517',5,3,0.0770,0.1250,60.00,15.00,'T',NULL,NULL,'Théophylline.100mg',0,NULL,NULL),(621,'Tramol',NULL,5,7,0.0500,0.0600,0.00,NULL,'T',NULL,NULL,'Tramadol HCL.37.5+para.325',0,NULL,NULL),(622,'Rhumadine(MS)','8848003000670',5,24,0.0550,0.0750,56.00,10.00,'R',NULL,NULL,'',0,NULL,NULL),(623,'Rovamycine.1,5M.u.i','3582910016205',5,3,0.2500,0.3750,7.00,8.00,'R',NULL,NULL,'spiramycine 1.5M.U.I',0,NULL,NULL),(624,'Rovamycine 3M.U.I','3582910016199',5,3,0.4950,0.6250,20.00,10.00,'R',NULL,NULL,'Spiramycine 3M.U.I',0,NULL,NULL),(625,'Tamik .gé','3227141',5,3,0.1200,0.1750,80.00,10.00,'T',NULL,NULL,'Dihydroergotamine 3mg',0,NULL,NULL),(626,'TEARS naturale','5413895053528',17,15,2.1000,3.0000,3.00,2.00,'T',NULL,NULL,'',0,NULL,NULL),(627,'MAXITROL(collyre)','5413895006302',17,15,2.1000,3.0000,4.00,2.00,'M',NULL,NULL,'néomycine,polymycine,dexa',0,NULL,NULL),(628,'Tobrex(collyre)',NULL,17,15,2.1000,3.0000,1.00,2.00,'T',NULL,NULL,'Topramycine 0.3%',0,NULL,NULL),(629,'TROLIP 300',NULL,5,2,0.1900,0.2250,113.00,20.00,'T',NULL,NULL,'Fenofibrate 300',0,NULL,NULL),(630,'TROLIP 100',NULL,5,3,0.0890,0.1500,58.00,20.00,'T',NULL,NULL,'Fenofibrate 100',0,NULL,NULL),(631,'rocgel','3400932167234',6,3,0.2380,0.3000,84.00,10.00,'R',NULL,NULL,'',0,NULL,NULL),(632,'Theralene(c)',NULL,5,2,0.0220,0.0375,87.00,20.00,'T',NULL,NULL,'Alimemazine 5mg',0,NULL,NULL),(633,'Rodogyl','3587080001716',5,3,0.2200,0.3000,118.00,20.00,'R',NULL,NULL,'Spiramycine+métronidazole',0,NULL,NULL),(634,'Remycin 100','5290665002463',5,3,0.0500,0.0750,80.00,20.00,'R',NULL,NULL,'Doxycycline 100mg',0,NULL,NULL),(635,'RULID 150','3582910014522',5,3,0.5450,0.6250,17.00,10.00,'R',NULL,NULL,'Roxitromycin 150',0,NULL,NULL),(636,'Telfast OD',NULL,5,3,0.2550,0.3000,66.00,10.00,'T',NULL,NULL,'Fexofenadine 120mg',0,NULL,NULL),(637,'Telfast HD 180',NULL,5,3,0.3550,0.5000,14.00,10.00,'T',NULL,NULL,'Fexofenadine 180',0,NULL,NULL),(638,'DOMADOL.50','8901315200517',5,3,0.0770,0.1250,53.00,10.00,'D',NULL,NULL,'Tramadol.50mg',0,NULL,NULL),(639,'TEMPACT-250','8906045431477',7,19,0.7500,1.1250,6.00,3.00,'T',NULL,NULL,'Acetaminophen 250mg',0,NULL,NULL),(640,'Rocaltrol','7640128014836',5,3,0.2000,0.2500,110.00,10.00,'R',NULL,NULL,'Calcitriol 0.25mg',0,NULL,NULL),(641,'RHINOGRIP','8848000000369',5,24,0.0250,0.0375,460.00,10.00,'R',NULL,NULL,'PARA+CHLOPHE+C',0,NULL,NULL),(642,'TETRA-MS','8848003000014',5,24,0.0200,0.0375,318.00,20.00,'T',NULL,NULL,'Tetracycline.500',0,NULL,NULL),(643,'Tanganil','2338457300048000',5,3,0.2070,0.2500,320.00,20.00,'T',NULL,NULL,'Acétyl-leucine.500',0,NULL,NULL),(644,'TENORMIN.100','5000455007444',5,15,0.2700,0.3250,46.00,14.00,'T',NULL,NULL,'Atenolol.100mg',0,NULL,NULL),(645,'Tergynan',NULL,16,2,0.4500,0.5500,53.00,10.00,'T',NULL,NULL,'',0,NULL,NULL),(646,'ZECUF(SYRUP)','8902245260015',7,19,1.2500,1.5000,5.00,2.00,'Z',NULL,NULL,'',0,NULL,NULL),(647,'ULCRAFA','8806063030358',6,5,0.2250,0.3500,23.00,10.00,'U',NULL,NULL,'Sucralfate 1g',0,NULL,NULL),(648,'zecuf(lozenge)','8901086260055',14,19,0.2400,0.3750,121.00,5.00,'Z',NULL,NULL,'',0,NULL,NULL),(649,'CYPON(syrup)',NULL,7,18,0.8000,1.1250,141.00,5.00,'C',NULL,NULL,'',0,NULL,NULL),(650,'Procold',NULL,5,15,0.1600,0.2500,217.00,10.00,'P',NULL,NULL,'',0,NULL,NULL),(652,'Vertiganil','8848003003145',5,24,0.0640,0.1250,76.00,10.00,'V',NULL,NULL,'Acétylleucine.500',0,NULL,NULL),(653,'VOMETA(drops)',NULL,7,3,1.6000,2.2500,1.00,2.00,'V',NULL,NULL,'Domperidone 5mg/ml',0,NULL,NULL),(654,'ZESTRIL.5','5000455005228',5,15,0.2630,0.3750,0.00,10.00,'Z',NULL,NULL,'Lisinopril 5mg',0,NULL,NULL),(655,'RHURAPID-50','8848012900763',5,7,0.0840,0.1250,30.00,30.00,'R',NULL,NULL,'',0,NULL,NULL),(656,'ZOCON-150','8902346001371',5,3,0.2600,0.3750,14.00,10.00,'Z',NULL,NULL,'Fluconazole 150mg',0,NULL,NULL),(657,'TIFFYRUB 40g','8851473002648',10,20,2.0000,2.5000,43.00,3.00,'T',NULL,NULL,'',0,NULL,NULL),(658,'Ventasthme',NULL,5,24,0.0100,0.0250,225.00,20.00,'V',NULL,NULL,'Salbutamol 2mg',0,NULL,NULL),(659,'Sara(syrup)','8851473000514',7,20,0.7150,1.0000,18.00,2.00,'S',NULL,NULL,'Paracétamol 120mg',0,NULL,NULL),(660,'SaRa(syrup)','8851473000385',7,20,0.9100,1.1250,13.00,3.00,'S',NULL,NULL,'Paracetamol 125mg/5ml',0,NULL,NULL),(661,'Ventoline Nebule',NULL,15,3,0.5000,0.6250,5.00,3.00,'V',NULL,NULL,'Salbutamol 5mg/2.5ml',0,NULL,NULL),(662,'TIFFYRUB.20g','8851473002655',10,20,1.2350,1.3750,0.00,3.00,'T',NULL,NULL,'',0,NULL,NULL),(663,'Nine Vita-Tabs','8848012901548',5,7,0.5500,1.0000,3.00,2.00,'N',NULL,NULL,'',0,NULL,NULL),(664,'U til 40mg',NULL,5,3,0.4500,0.6250,0.00,7.00,'U',NULL,NULL,'Esomeprazole 40mg',0,NULL,NULL),(665,'ZOTAX-250','UZOT04',5,11,0.2000,0.3750,0.00,10.00,'Z',NULL,NULL,'Azithromycin 250mg',0,NULL,NULL),(666,'ZEPAM 5mg','8848003003602',5,24,0.0173,0.0375,48.00,20.00,'Z',NULL,NULL,'Diazépam 5mg',0,NULL,NULL),(667,'ZEPAM 10','8848003003619',5,24,0.0300,0.0500,159.00,20.00,'Z',NULL,NULL,'Diazépam 10mg',0,NULL,NULL),(668,'Uphamol 250','9557046000545',7,19,1.2000,1.6250,21.00,3.00,'U',NULL,NULL,'Acétaminophen 250',0,NULL,NULL),(669,'VENTAMOL(syrup)','LVEN08',7,11,0.8000,1.2500,1.00,2.00,'V',NULL,NULL,'Salbutamol 2mg',0,NULL,NULL),(670,'Vitatyl','8848012901777',5,7,0.1120,0.1250,200.00,10.00,'V',NULL,NULL,'Multivitamine',0,NULL,NULL),(671,'TG MEDICAL (Glove)',NULL,21,2,0.0600,0.1000,178.00,50.00,'G',NULL,NULL,'GLOVES',0,NULL,NULL),(672,'Number one','9556564315940',23,3,0.2800,0.3750,16.00,24.00,'N',NULL,NULL,'Condom',0,NULL,NULL),(673,'SUTRA 1g',NULL,6,3,0.1950,0.3000,12.00,10.00,'S',NULL,NULL,'Sucralfate 1g',0,NULL,NULL),(674,'Compress',NULL,20,2,0.1800,0.3750,55.00,5.00,'C',NULL,NULL,'Sterilized gauze',0,NULL,NULL),(675,'RHINEX(syrup)','8846000180852',7,13,0.9800,1.1250,10.00,3.00,'R',NULL,NULL,'',0,NULL,NULL),(676,'ZEAGRA.100','8904054610579',5,2,0.3250,0.4500,16.00,3.00,'Z',NULL,NULL,'Sidenafil citrate',0,NULL,NULL),(677,'Roxithromycine','8911872000833',5,11,0.0500,0.0750,55.00,NULL,'R',NULL,NULL,'Roxithromycine.150mg',0,NULL,NULL),(678,'Smecta','3400931923077',6,15,0.1800,0.2250,321.00,60.00,'S',NULL,NULL,'Diosmectite',0,NULL,NULL),(679,'Starcef(syrup)',NULL,7,3,3.3000,3.8750,4.00,2.00,'S',NULL,NULL,'Cefixime.100mg/5ml',0,NULL,NULL),(680,'SPASMO',NULL,5,17,0.0270,0.0625,9.00,30.00,'S',NULL,NULL,'Phloroglucinol.80mg',0,NULL,NULL),(681,'SUPRIM(syrup)','USUP06',7,11,1.0000,1.3750,5.00,2.00,'S',NULL,NULL,'Sulphamethoxazol+Trimethoprim',0,NULL,NULL),(682,'SUPRIM(tablet)','USUP01',5,11,0.0275,0.0500,24.00,20.00,'S',NULL,NULL,'sulphamethoxazole.400+Trimetoprim80',0,NULL,NULL),(683,'STARCEF.200',NULL,5,3,0.5950,0.7000,77.00,10.00,'S',NULL,NULL,'Cefixime 200mg',0,NULL,NULL),(687,'MEDIVON.8','MEDIVON133',5,10,0.0210,0.0300,500.00,50.00,'M',NULL,NULL,'Bromhexine 8mg',0,NULL,NULL),(691,'HEXAMULTI',NULL,5,7,0.0090,0.0250,1068.00,20.00,'H',NULL,NULL,'Multivitamine',0,NULL,NULL),(692,'GANIMAC CPE',NULL,5,28,0.0090,0.0250,445.00,20.00,'G',NULL,NULL,'Sulfaguanidine.500',0,NULL,NULL),(693,'METOLON','LMET03',5,11,0.0240,0.0630,161.00,20.00,'M',NULL,NULL,'Metoclopramide 10',0,NULL,NULL),(694,'Neoplast-S(band)','8850304096641',24,22,0.0110,0.0250,638.00,50.00,'N',NULL,NULL,'Strip plaster',0,NULL,NULL),(695,'Amlorine 10','5290665005655',5,3,0.2600,0.3000,0.00,20.00,'A',NULL,NULL,'Amlodipine 10mg',0,NULL,NULL),(698,'Appeton(pastille)','9556586610054',14,22,0.2200,0.3750,22.00,5.00,'A',NULL,NULL,'Vitamine',0,NULL,NULL),(699,'HORF(pastille)','9557892100482',14,22,0.0650,0.1060,10.00,12.00,'H',NULL,NULL,'Chlorhexidine 5mg',0,NULL,NULL),(700,'Dosmectine','STOMECS152',6,10,0.1700,0.2250,0.00,10.00,'D',NULL,NULL,'',0,NULL,NULL),(701,'Ganidin','8848004002468',5,26,0.0090,0.0250,270.00,20.00,'G',NULL,NULL,'Sulfaguanidine 500',0,NULL,NULL),(702,'GORPILS','8901278003040',14,22,0.0920,0.1875,15.00,12.00,'G',NULL,NULL,'',0,NULL,NULL),(707,'EPHASTATINE',NULL,5,26,0.0750,0.1250,30.00,10.00,'E',NULL,NULL,'Nystatine 500 000UI',0,NULL,NULL),(708,'Neotica',NULL,5,20,0.0350,0.0500,220.00,10.00,'N',NULL,NULL,'Piroxicam 10mg',0,NULL,NULL),(709,'Grovit','8903238500354',5,22,0.0700,0.1000,26.00,20.00,'G',NULL,NULL,'Multivitamin',0,NULL,NULL),(710,'TIFFY.(tablet)','8851473007704',5,20,0.0410,0.2500,47.00,20.00,'T',NULL,NULL,'',0,NULL,NULL),(711,'Cooling pad','1233455687994',24,5,0.3500,0.5000,0.00,3.00,'C',NULL,NULL,'',0,NULL,NULL),(712,'SaRa(tablet)','8851473003898',5,20,0.0240,0.0375,204.00,20.00,'S',NULL,NULL,'Paracetamol 500',0,NULL,NULL),(713,'Optafein','8935076003148',5,22,0.1400,0.2500,559.00,5.00,'O',NULL,NULL,'Acetaminophen+Caffeine',0,NULL,NULL),(717,'DR.COOL','6944009468680',24,8,0.2500,0.5000,395.00,12.00,'D',NULL,NULL,'COOLING GEL PATCH',0,NULL,NULL),(718,'COOL SKIN GEL','9555034400186',24,22,0.4750,0.6250,28.00,12.00,'C',NULL,NULL,'Cooling gel sheet',0,NULL,NULL),(719,'SUPPRIM.960','USUP12',5,11,0.0460,0.0750,68.00,20.00,'S',NULL,NULL,'',0,NULL,NULL),(720,'STARCEF.100',NULL,5,3,0.2600,0.3750,16.00,12.00,'S',NULL,NULL,'Cefixime.100mg',0,NULL,NULL),(721,'FOLEY CATHETER',NULL,22,2,0.4300,0.7500,5.00,2.00,'F',NULL,NULL,'',0,NULL,NULL),(722,'Ventolin( Inhaler)','4800333161456',25,15,4.2000,5.0000,5.00,2.00,'V',NULL,NULL,'Salbutamol inhaler',0,NULL,NULL),(723,'STAMLO 10','8901148202320',5,15,0.1100,0.1500,137.00,60.00,'S',NULL,NULL,'Amlodipine 10mg',0,NULL,NULL),(724,'STAMLO 5','8901148202344',5,15,0.0600,0.0875,289.00,60.00,'S',NULL,NULL,'Amlodipine 5mg',0,NULL,NULL),(725,'Supradyn(effer)',NULL,8,15,0.3500,0.4250,55.00,10.00,'S',NULL,NULL,'Vitamin+Mineral',0,NULL,NULL),(726,'SIMORA CPE','8848005032037',5,28,0.0185,0.0250,108.00,20.00,'S',NULL,NULL,'Silymarine 70mg',0,NULL,NULL),(727,'SUPLEX','8848003000342',5,24,0.0150,0.0250,155.00,20.00,'S',NULL,NULL,'Vitamine Bécomplex',0,NULL,NULL),(728,'Sorbitol',NULL,6,2,0.1050,0.1500,135.00,20.00,'S',NULL,NULL,'sorbitol 5g',0,NULL,NULL),(729,'SINEX PLUS(C)','8904054610890',5,22,0.0375,0.0500,47.00,20.00,'S',NULL,NULL,'',0,NULL,NULL),(730,'SINEX PLUS(syrup)',NULL,7,22,0.8000,1.1250,15.00,3.00,'S',NULL,NULL,'',0,NULL,NULL),(731,'Rhinogrip(S)','8848003004074',6,24,0.1000,0.1750,25.00,10.00,'R',NULL,NULL,'',0,NULL,NULL),(732,'Spasfon','3400930986080',5,13,0.1000,0.1375,94.00,20.00,'S',NULL,NULL,'',0,NULL,NULL),(733,'Spasmocalm','SPASMOC142',5,10,0.0375,0.0625,385.00,20.00,'S',NULL,NULL,'Trimebutine 100mg',0,NULL,NULL),(734,'Solmux','4807788528490',7,3,1.2000,1.5000,10.00,3.00,'S',NULL,NULL,'',0,NULL,NULL),(735,'Trimetabol','8436029300128',7,22,6.4000,7.5000,2.00,1.00,'T',NULL,NULL,'',0,NULL,NULL),(736,'TUSSIPAX','3400931096603',7,13,5.0000,6.0000,1.00,1.00,'T',NULL,NULL,'TOUX SECHE',0,NULL,NULL),(739,'CIME 400(EPHAC)',NULL,5,26,0.0200,0.0375,0.00,20.00,'C',NULL,NULL,'CIMETIDINE 400mg',0,NULL,NULL),(740,'Recare(test)','5055257858015',26,8,0.8000,1.2500,3.00,3.00,'R',NULL,NULL,'pregnancy test',0,NULL,NULL),(741,'Logicin(pastille)','9316626601691',14,22,0.3570,0.4500,92.00,8.00,'L',NULL,NULL,'',0,NULL,NULL),(742,'PIROXICAM-FORT','8848004001232',5,26,0.0200,0.0250,95.00,20.00,'P',NULL,NULL,'Piroxicam 20mg',0,NULL,NULL),(743,' Vitamins 9 (thai)',NULL,5,22,0.0150,0.0225,445.00,50.00,'V',NULL,NULL,'Multivitamins',0,NULL,NULL),(744,'SPEX','8851467004115',25,22,0.3500,0.5000,14.00,2.00,'S',NULL,NULL,'MENTOL INHALER',0,NULL,NULL),(745,'NEO-EPHAC','8848004002499',5,26,0.0185,0.0375,635.00,20.00,'N',NULL,NULL,'',0,NULL,NULL),(746,'Forlax10g',NULL,6,2,0.2500,0.3750,49.00,5.00,'F',NULL,NULL,'Macrogol 10g',0,NULL,NULL),(747,'Gluta B6','8848004002345',5,26,0.0160,0.0375,81.00,20.00,'G',NULL,NULL,'',0,NULL,NULL),(748,'duphalac','3292440',6,22,0.2500,0.3750,27.00,5.00,'D',NULL,NULL,'lactulose 10g',0,NULL,NULL),(749,'Eva(Marvelon.28)',NULL,5,3,2.1000,2.7500,46.00,2.00,'E',NULL,NULL,'Family planning pills',0,NULL,NULL),(750,'Yasmin',NULL,5,15,10.2000,11.0000,8.00,2.00,'Y',NULL,NULL,'Family planning pills',0,NULL,NULL),(751,'Diane 35',NULL,5,15,6.6000,7.0000,12.00,2.00,'D',NULL,NULL,'Family planning pills',0,NULL,NULL),(752,'DI-BUPHAVIC ','8848004001133',5,26,0.0300,0.0625,320.00,20.00,'D',NULL,NULL,'',0,NULL,NULL),(753,'Boska',NULL,5,3,0.0420,0.0625,60.00,20.00,'B',NULL,NULL,'',0,NULL,NULL),(754,'ADIPIN 5','8906007260039',5,2,0.0340,0.0625,0.00,20.00,'A',NULL,NULL,'Amlodipine 5mg',0,NULL,NULL),(755,'ADIPIN 10',NULL,5,2,0.0500,0.1000,80.00,20.00,'A',NULL,NULL,'Amlodipine  10mg',0,NULL,NULL),(756,'ENTROSTOP','8992858658118',5,15,0.0420,0.0625,99.00,20.00,'E',NULL,NULL,'Antidiarrheal',0,NULL,NULL),(757,'Gaviscon','3400933095253',6,22,0.1630,0.2500,72.00,20.00,'G',NULL,NULL,'',0,NULL,NULL),(758,'NOVALCIA','8850737010214',5,22,0.0200,0.0250,251.00,20.00,'N',NULL,NULL,'Paracetamol 500mg',0,NULL,NULL),(759,'Riboflavine','8848004002604',5,26,0.0250,0.0500,0.00,20.00,'R',NULL,NULL,'vitamin B2',0,NULL,NULL),(760,'Relax.tab',NULL,5,2,0.0525,0.0750,139.00,20.00,'R',NULL,NULL,'',0,NULL,NULL),(761,'SHANGSHI(PLASTER)','8806111313587',24,2,1.1000,1.3750,4.00,3.00,'KAO EAK',NULL,NULL,'Mentol plaster',0,NULL,NULL),(762,'EXTRA JOSS','8993058100315',6,15,0.4500,0.6250,8.00,2.00,'E',NULL,NULL,'Energy Dring',0,NULL,NULL),(763,'VITAFLAVINE 10','8848003003015',5,24,0.0240,0.0375,100.00,20.00,'V',NULL,NULL,'VITAMINE B2',0,NULL,NULL),(764,'PENICILLIN V (US)',NULL,5,22,0.0220,0.0420,0.00,24.00,'TOU MUK',NULL,NULL,'',0,NULL,NULL),(765,'COLDACMIN','8936007615287',5,2,0.0250,0.0375,233.00,20.00,'C',NULL,NULL,'Contac',0,NULL,NULL),(766,'Vitamin C(children)','8856513002848',14,22,0.0050,0.0100,1500.00,200.00,'TOU MUK',NULL,NULL,'vitamin c',0,NULL,NULL),(767,'RAMOL-500','8848012900060',5,NULL,0.0052,0.0088,114.00,200.00,'TOU MUK',NULL,NULL,'',0,NULL,NULL),(768,'PAINROXICAM',NULL,5,22,0.0200,0.0250,68.00,20.00,'TOU MUK',NULL,NULL,'',0,NULL,NULL),(769,'SAEBEGIN',NULL,5,22,0.0200,0.0250,236.00,20.00,'TOU MUK',NULL,NULL,'',0,NULL,NULL),(770,'PROMAG','8992858666410',5,15,0.0280,0.0420,102.00,20.00,'TOU MUK',NULL,NULL,'',0,NULL,NULL),(771,'Penicillin-V(China)',NULL,5,22,0.0300,0.0500,307.00,12.00,'TOU MUK',NULL,NULL,'',0,NULL,NULL),(772,'Bephazyme','8848004002369',5,26,0.0205,0.0375,240.00,20.00,'TOU MUK',NULL,NULL,'',0,NULL,NULL),(773,'Ferblack C.M.P','8848012900442',5,7,0.0100,0.0250,230.00,100.00,'TOU MUK',NULL,NULL,'',0,NULL,NULL),(775,'Dexamethasone CPE','8848005006021',5,28,0.0090,0.0125,400.00,100.00,'TOU MUK',NULL,NULL,'',0,NULL,NULL),(776,'Prednisolone CPE','8848005028368',5,28,1.7000,2.0000,520.00,100.00,'TOU MUK',NULL,NULL,'',0,NULL,NULL),(777,'PARACETAMOL.100.CPE','8848005028184',5,28,0.0040,0.0125,200.00,100.00,'TOU MUK',NULL,NULL,'',0,NULL,NULL),(778,'Proméphac 25','8848004002635',5,26,0.0150,0.0250,215.00,20.00,'TOU MUK',NULL,NULL,'',0,NULL,NULL),(781,'Taphanil 500',NULL,5,22,0.0670,0.1000,0.00,20.00,'T',NULL,NULL,'',0,NULL,NULL),(782,'ANPRO 42','8858556000089',7,22,0.4400,0.7500,19.00,5.00,'TOU KROY',NULL,NULL,'',0,NULL,NULL),(783,'EPHAVIT.B','8848004002086',5,26,0.0330,0.0525,79.00,NULL,'E',NULL,NULL,'',0,NULL,NULL),(784,'PARA (ZPC)','3692581478544',5,9,0.5000,0.8750,0.00,100.00,'TOU MUK',NULL,NULL,'',0,NULL,NULL),(785,'PARAMEX','8998667600027',5,15,0.1570,0.2500,31.00,10.00,'TOU MUK',NULL,NULL,'',0,NULL,NULL),(786,'ZEMA Lotion','8858670600417',10,22,0.4200,0.6250,40.00,3.00,'TOU KROY',NULL,NULL,'',0,NULL,NULL),(787,'Vescomycin 250',NULL,5,22,0.0155,0.0250,108.00,20.00,'TOU MUK',NULL,NULL,'',0,NULL,NULL),(788,'WOODS\'  LOZENGES',NULL,14,15,0.2240,0.3750,26.00,5.00,'TOU MUK',NULL,NULL,'',0,NULL,'2014-01-01 21:11:10'),(789,'HERO Transparent','69533955001004',24,3,0.0190,0.0500,0.00,50.00,'TOU MUK',NULL,NULL,'',0,NULL,NULL),(790,'BIOMAN(ORÉO)',NULL,5,22,0.0195,0.0375,733.00,20.00,'TOU MUK',NULL,NULL,'',0,NULL,NULL),(791,'ROYAL -D','8852612000600',6,22,0.1200,0.1750,66.00,20.00,'TOU MUK',NULL,NULL,'',0,NULL,NULL),(792,'TAKA(KAÈB 5)','8852761000063',14,22,0.3850,0.5000,14.00,5.00,'TOU MUK',NULL,NULL,'',0,NULL,NULL),(793,'FLUOCINONIDE(Tracheakam)',NULL,10,2,0.1300,0.1750,33.00,5.00,'TOU MUK',NULL,NULL,'',0,NULL,NULL),(794,'Pat Dex(Tévada)',NULL,6,22,0.2000,0.2500,79.00,5.00,'TOU MUK',NULL,NULL,'',0,NULL,NULL),(795,'Patardium',NULL,5,22,0.0138,0.0250,0.00,20.00,'TOU MUK',NULL,NULL,'',0,NULL,NULL),(796,'CITACIN(Pastille)','8855011000127',14,22,0.1580,0.3750,20.00,5.00,'TOU MUK',NULL,NULL,'',0,NULL,NULL),(797,'UTOSAMIDE','8852746210104',5,22,0.4000,0.5000,5.00,3.00,'TOU MUK',NULL,NULL,'',0,NULL,NULL),(798,'NYDRAGOCIN(Krapeu hors)',NULL,5,22,0.0200,0.0250,0.00,20.00,'TOU MUK',NULL,NULL,'',0,NULL,NULL),(799,'FROSSY',NULL,5,22,0.2000,0.2500,36.00,3.00,'TOU MUK',NULL,NULL,'',0,NULL,NULL),(800,'ZEROGIN',NULL,5,22,0.0200,0.0250,382.00,20.00,'TOU MUK',NULL,NULL,'',0,NULL,NULL),(801,'DIAZINE',NULL,5,22,0.0375,0.0500,0.00,12.00,'TOU MUK',NULL,NULL,'',0,NULL,NULL),(802,'SAMBUK KHMOM',NULL,5,22,0.0200,0.0250,0.00,20.00,'TOU MUK',NULL,NULL,'',0,NULL,NULL),(803,'PARA-MS 500',NULL,5,24,0.0620,0.1250,39.00,10.00,'TOU MUK',NULL,NULL,'',0,NULL,NULL),(804,'IZAC(Pastille)',NULL,14,22,0.2500,0.3750,80.00,5.00,'TOU MUK',NULL,NULL,'',0,NULL,NULL),(805,'Voltarène gel.50g','3400932886975',10,22,5.8500,7.0000,1.00,1.00,'Crème',NULL,NULL,'',0,NULL,NULL),(806,'metrogyl gel','8901086130105',10,22,0.9000,1.7500,0.00,2.00,'Crème',NULL,NULL,'',0,NULL,NULL),(807,'Hydrocortisone cream','9556492000284',10,10,1.0000,1.2500,12.00,2.00,'Crème',NULL,NULL,'',0,NULL,NULL),(808,'Madécassol néo','3064070',10,22,3.3000,3.8750,2.00,1.00,'Crème',NULL,NULL,'',0,NULL,NULL),(809,'Madécassol hydro.','3400930640937',10,22,3.5000,4.0000,1.00,1.00,'Crème',NULL,NULL,'',0,NULL,NULL),(810,'Hiruscar','8851743001951',10,15,5.4000,6.0000,12.00,3.00,'Crème',NULL,NULL,'',0,NULL,NULL),(811,'Hirudoid.cream','8851743000527',10,15,2.3500,3.0000,5.00,2.00,'Crème',NULL,NULL,'',0,NULL,NULL),(812,'SKINEAL.Cream','6921882120072',10,22,0.6200,0.7500,60.00,5.00,'Crème',NULL,NULL,'ketoconazole 5g',0,NULL,NULL),(813,'Genta+Beta+Clotrimazole','8911872002059',10,22,0.3500,0.5000,28.00,3.00,'Crème',NULL,NULL,'',0,NULL,NULL),(814,'GENTRIDERM.cream',NULL,10,22,0.6500,0.8750,26.00,3.00,'Crème',NULL,NULL,'',0,NULL,NULL),(815,'Uniflex-N','9556492000390',10,10,0.9500,1.1250,2.00,2.00,'Crème',NULL,NULL,'',0,NULL,NULL),(816,'Imidil.Cream',NULL,10,2,0.3870,0.6250,12.00,3.00,'Crème',NULL,NULL,'',0,NULL,NULL),(817,'Fobancort.ointment','9556258921778',10,22,3.2000,4.0000,2.00,1.00,'Crème',NULL,NULL,'',0,NULL,NULL),(818,'ECLARAN.10','3400932625222',10,22,3.6500,4.3750,5.00,2.00,'Crème',NULL,NULL,'',0,NULL,NULL),(819,'FLUCORT-N','8904091104109',10,22,0.4000,0.5750,31.00,3.00,'Crème',NULL,NULL,'',0,NULL,NULL),(820,'NIPRO.cathéter',NULL,22,22,0.3100,0.4500,129.00,5.00,'cathétère',NULL,NULL,'',0,NULL,NULL),(821,'FLUCINAR.ointment','5904398410166',10,22,1.6000,2.0000,1.00,1.00,'Crème',NULL,NULL,'',0,NULL,NULL),(822,'Foban.cream','9556258921792',10,22,3.2000,4.0000,1.00,1.00,'Crème',NULL,NULL,'',0,NULL,NULL),(823,'ECLARAN 5','3400932678679',10,15,3.6500,4.3750,17.00,2.00,'Crème',NULL,NULL,'',0,NULL,NULL),(824,'Orrepaste','9556258002606',10,22,1.4200,1.7500,3.00,2.00,'Crème',NULL,NULL,'',0,NULL,NULL),(825,'Fobancort.cream','9556258921693',10,22,3.2000,4.0000,2.00,1.00,'Crème',NULL,NULL,'',0,NULL,NULL),(826,'Erytacné.gel',NULL,10,10,1.4500,1.7500,9.00,2.00,'Crème',NULL,NULL,'',0,NULL,NULL),(827,'DERMATRIT.cream',NULL,10,10,1.8000,2.2500,7.00,2.00,'Crème',NULL,NULL,'',0,NULL,NULL),(828,' T3 Mycin','9556258920191',10,14,4.4700,5.0000,4.00,1.00,'Crème',NULL,NULL,' T3 Mycin',0,NULL,NULL),(829,'Fobancort.ointe.5g','9556258921761',10,22,1.9500,2.2500,6.00,1.00,'Crème',NULL,NULL,'',0,NULL,NULL),(830,'Fobancort.cream.5g','9556258921686',10,22,1.9500,2.2500,5.00,1.00,'Crème',NULL,NULL,'',0,NULL,NULL),(831,'Tinacort.cream','UTIN03',10,22,1.9000,2.1250,16.00,2.00,'Crème',NULL,NULL,'',0,NULL,NULL),(832,'Neo-Betasone.cream','UNEO08',10,11,1.3000,1.5000,0.00,2.00,'Crème',NULL,NULL,'',0,NULL,NULL),(833,'Beprogent.cream','9556258921679',10,14,1.7500,2.1250,4.00,2.00,'Crème',NULL,NULL,'',0,NULL,NULL),(834,'KETOCONAZOL.cream','8911872006729',10,11,0.3150,0.5000,13.00,2.00,'Crème',NULL,NULL,'',0,NULL,NULL),(835,'Nimulid gel','8901168601073',10,22,1.0000,1.5000,2.00,1.00,'Crème',NULL,NULL,'',0,NULL,NULL),(836,'Foban.cream.5g','9556258921785',10,14,1.9500,2.1250,3.00,1.00,'Crème',NULL,NULL,'',0,NULL,NULL),(837,'Nimultid.menthol','8901168604074',10,12,1.0000,1.5000,9.00,1.00,'Crème',NULL,NULL,'',0,NULL,NULL),(838,'NAZOL.cream','8806456017713',10,22,0.7500,1.1250,5.00,1.00,'Crème',NULL,NULL,'',0,NULL,NULL),(839,'Daktarin.oral gel','8850583000353',10,22,3.4000,4.0000,5.00,2.00,'Crème',NULL,NULL,'',0,NULL,NULL),(840,'Betneval 0.1%','4324733300029500',10,3,3.4000,4.5000,2.00,1.00,'Crème',NULL,NULL,'',0,NULL,NULL),(841,'NIZER gel','8901303000174',10,22,1.4200,1.7500,5.00,2.00,'Crème',NULL,NULL,'',0,NULL,NULL),(842,'ECONAZINE.cream','9557892100338',10,22,0.6500,0.8750,1.00,2.00,'Crème',NULL,NULL,'',0,NULL,NULL),(843,'NIKARIN oral gel',NULL,10,20,1.5000,2.0000,10.00,2.00,'Crème',NULL,NULL,'',0,NULL,NULL),(844,'Nizoral cream','8850583000063',10,15,2.0000,2.5000,1.00,2.00,'Crème',NULL,NULL,'',0,NULL,NULL),(845,'Sol touch',NULL,16,22,0.0930,0.1500,0.00,10.00,'TOU MUK',NULL,NULL,'',0,NULL,NULL),(846,'Sol thom',NULL,16,22,0.1055,0.2000,0.00,5.00,'TOU MUK',NULL,NULL,'',0,NULL,NULL),(847,'Nanclovir cream','8848012900848',10,7,0.7500,0.8750,4.00,1.00,'Crème',NULL,NULL,'',0,NULL,NULL),(848,'DEPO-GESTIN',NULL,13,22,0.4100,0.7500,8.00,2.00,'Medecine Injection',NULL,NULL,'',0,NULL,NULL),(849,'Stéril water',NULL,13,2,0.0750,0.1250,15.00,5.00,'medicine inj',NULL,NULL,'',0,NULL,NULL),(850,'Dicynone(Inj)',NULL,13,22,1.2000,1.3750,7.00,2.00,'medicine inj',NULL,NULL,'',0,NULL,NULL),(851,'Dolgesik 100.(inj)',NULL,13,2,0.3000,0.3750,5.00,NULL,'medicine inj',NULL,NULL,'',0,NULL,NULL),(852,'Srèng Kok','8853838001273',10,22,0.2400,0.3750,22.00,2.00,'Crème',NULL,NULL,'',0,NULL,NULL),(853,'Zyloric 300','4322295900034000',5,2,0.1570,0.2150,70.00,14.00,'Z',NULL,NULL,'allopurinol 300mg',0,NULL,NULL),(854,'Zyloric 100','4325983300021100',5,2,0.0930,0.1340,56.00,14.00,'Z',NULL,NULL,'allopurinol 100mg',0,NULL,NULL),(855,'ORAL AID',NULL,10,2,1.0000,1.2500,4.00,1.00,'Crème',NULL,NULL,'',0,NULL,NULL),(856,'M 16','8855011000042',10,22,0.5000,0.6250,-1.00,2.00,'Crème',NULL,NULL,'',0,NULL,NULL),(857,'PH Care 150','4807788410658',27,3,2.4300,3.0000,12.00,2.00,'Crème',NULL,NULL,'Feminine hygiene',0,NULL,NULL),(858,'PH Care 60ml','4807788538499',27,3,1.2300,1.5000,19.00,3.00,'Crème',NULL,NULL,'Feminine hygiene',0,NULL,NULL),(859,'Lactacyd 250','8934638069219',27,3,2.5000,3.0000,0.00,1.00,'Crème',NULL,NULL,'feminine hygiene',0,NULL,NULL),(860,'Lactacyd 60','8934638069318',27,3,0.9200,1.2500,0.00,1.00,'Crème',NULL,NULL,'feminine hygiene',0,NULL,NULL),(861,'Malizia 200','8003510019632',27,16,3.0400,3.7500,1.00,2.00,'Crème',NULL,NULL,'feminine hygiene',0,NULL,NULL),(862,'Calcium Vit.D(Susp)','8936007001691',7,2,2.5000,3.0000,0.00,1.00,'Crème',NULL,NULL,'Calcium+Vit.D',0,NULL,NULL),(863,'Metronidazole. inj','3692581484125',15,9,0.4300,0.6250,2.00,2.00,'Tou Sérum',NULL,NULL,'metronidazole inj',0,NULL,NULL),(864,'Ciprofloxacin inj',NULL,15,9,0.4300,0.6250,3.00,2.00,'Tou sérum',NULL,NULL,'Ciprofloxacin inj',0,NULL,NULL),(865,'Eau oxygené',NULL,28,2,0.1500,0.2000,15.00,5.00,'Crème',NULL,NULL,'eau O2',0,NULL,NULL),(866,'UTO Lincomycin','8852746120229',13,22,0.5000,0.7500,16.00,NULL,'medicine inj',NULL,NULL,'Lincomycin inj',0,NULL,NULL),(867,'K-CORT 80',NULL,13,2,1.4400,1.8000,16.00,3.00,'medicine inj',NULL,NULL,'Triamcinolone 80mg/2ml',0,NULL,NULL),(868,'Vit.B12 .INJ(F)','3400931136385',13,3,0.4900,0.6250,19.00,2.00,'medicine inj',NULL,NULL,'',0,NULL,NULL),(869,'Triamcinolone 80',NULL,13,3,0.9000,1.1000,18.00,3.00,'medicine inj',NULL,NULL,'Triamcinolone 80mg/2ml',0,NULL,NULL),(870,'Valium 5','4311128900017200',5,3,0.3000,0.3500,94.00,10.00,'V',NULL,NULL,'Diazépam',0,NULL,NULL),(871,'Valium 10','4311127200021100',5,3,0.4000,0.5000,99.00,10.00,'V',NULL,NULL,'Diazépam 10mg',0,NULL,NULL),(872,'Pénicilline(inj)',NULL,13,9,0.0660,0.1250,33.00,10.00,'medicine inj',NULL,NULL,'pénicilline 1g',0,NULL,NULL),(873,'Extencilline2.4M.UI','3587080002836',13,3,2.9200,3.5000,3.00,1.00,'medicine inj',NULL,NULL,'',0,NULL,NULL),(874,'Nootropyl 1g',NULL,13,2,0.5500,0.7500,11.00,2.00,'medicine inj',NULL,NULL,'piracetam 1g',0,NULL,NULL),(875,'Laroscorbine 1g',NULL,13,15,0.9000,1.1250,21.00,6.00,'medicine inj',NULL,NULL,'Vitamin C 1g',0,NULL,NULL),(876,'Tanganil.(inj)','3400932722594',13,15,0.6200,0.8750,15.00,3.00,'medicine inj',NULL,NULL,'Acétyl-leucine ',0,NULL,NULL),(877,'Hydrocortisone 100','5465464656562',13,9,0.3190,0.4250,41.00,3.00,'medicine inj',NULL,NULL,'',0,NULL,NULL),(878,'SYNERGON','3400931028017',13,2,3.7000,4.5000,6.00,1.00,'medicine inj',NULL,NULL,'Progestérone',0,NULL,NULL),(879,'LIPANTHYL 200',NULL,5,2,0.3400,0.4500,117.00,15.00,'L',NULL,NULL,'Fenofibrate 200mg',0,NULL,NULL),(880,'LIPANTHYL 300',NULL,5,2,0.3100,0.4250,100.00,10.00,'L',NULL,NULL,'Fenofibrate 300mg',0,NULL,NULL),(881,'LIPANTHYL 100',NULL,5,2,0.1300,0.1660,96.00,10.00,'L',NULL,NULL,'Fenofibrate 100mg',0,NULL,NULL),(882,'ORITAREN. INJ',NULL,13,19,0.1800,0.3750,50.00,3.00,'medicine inj',NULL,NULL,'Diclofenac 75mg',0,NULL,NULL),(883,'METHODEX-G',NULL,13,19,0.3950,0.5000,45.00,3.00,'Medicine inj',NULL,NULL,'',0,NULL,NULL),(884,'MEDIVON INJ','medivon149',13,10,0.2410,0.3500,30.00,5.00,'Medicine inj',NULL,NULL,'Bromhexine',0,NULL,NULL),(885,'BERBENOL INJ',NULL,13,19,0.3950,0.5000,11.00,3.00,'Medicine inj',NULL,NULL,'Berberine HCL',0,NULL,NULL),(886,'VISE INJ',NULL,13,2,0.3600,0.5000,5.00,3.00,'Medicine inj',NULL,NULL,'Caroverine HCL',0,NULL,NULL),(887,'HEPTAMINOL INJ',NULL,13,3,0.3300,0.3750,48.00,3.00,'Medicine inj',NULL,NULL,'',0,NULL,NULL),(888,'Solvant (benzyl alcohol)',NULL,13,13,0.1500,0.2000,121.00,5.00,'Medicine inj',NULL,NULL,'benzyl alcohol',0,NULL,NULL),(889,'DIGITAL THERMO.',NULL,12,2,3.0000,3.7500,0.00,2.00,'Medicine inj',NULL,NULL,'THERMOMETER',0,NULL,NULL),(890,'PROCAINE 4M','3692581478711',13,9,0.2700,0.3750,1.00,3.00,'Medicine inj',NULL,NULL,'Procaine penicilline',0,NULL,NULL),(891,'Tylenol.500','300450444394',5,2,0.0680,0.1250,113.00,20.00,'T',NULL,NULL,'Acetaminophen 500mg',0,NULL,NULL),(892,'Zymafluor 0.25','2319119900019800',5,10,1.7500,2.5000,0.00,1.00,'Z',NULL,NULL,'Fluorure de sodium',0,NULL,NULL),(893,'Zymafluor 0.50','2340894800019800',5,10,1.7500,2.5000,2.00,1.00,'Z',NULL,NULL,'Fluorure de sodium',0,NULL,NULL),(894,'Ethinyl-oestradiol','3400935175311',5,3,0.5400,0.7500,43.00,4.00,'E',NULL,NULL,'ethinylestradiol',0,NULL,NULL),(895,'Tegretol 200',NULL,5,3,0.1600,0.2500,50.00,10.00,'T',NULL,NULL,'Carbamazepin',0,NULL,NULL),(896,'fructine','8934700060410',5,3,0.0100,0.0150,59.00,10.00,'F',NULL,NULL,'picosulfate de sodium',0,NULL,NULL),(897,'Sibelium','8850583001435',5,2,0.3300,0.4500,23.00,5.00,'S',NULL,NULL,'Flunarizine hydrochloride 5mg',0,NULL,NULL),(898,'Voltarène 50mg','4323511700046700',5,3,0.1940,0.2500,18.00,10.00,'V',NULL,NULL,'Diclofénac 50mg',0,NULL,NULL),(899,'EFFERALGAN 150(SUPPO)',NULL,16,2,0.1500,0.2500,30.00,5.00,'E',NULL,NULL,'PARACÉTAMOL 150mg',0,NULL,NULL),(900,'Efferalgan300(suppo)',NULL,16,2,0.1800,0.2500,30.00,5.00,'E',NULL,NULL,'paracétamol 300mg',0,NULL,NULL),(903,'Uromil ',NULL,5,3,0.3500,0.4500,0.00,10.00,'U',NULL,NULL,'busserole+thé vert',0,NULL,NULL),(904,'POLYGYNAX','3400970000968',16,3,0.4600,0.6250,29.00,6.00,'P',NULL,NULL,'',0,NULL,NULL),(905,'ERY 500','4322388700040800',5,3,0.2550,0.3250,20.00,10.00,'E',NULL,NULL,'Erythromycine 500mg',0,NULL,NULL),(906,'Tropicana 100 Sachet','749921001436',12,2,4.0500,5.0000,398.00,2.00,'top',NULL,NULL,'',0,NULL,NULL),(907,'BAO BAO PAI','6924964855107',12,2,1.1000,1.7500,3.00,2.00,'Top',NULL,NULL,'',0,NULL,NULL),(908,' Equal 100sachets','8850186100078',12,NULL,4.0000,5.0000,3.00,1.00,'Top',NULL,NULL,'Top',0,NULL,'2014-01-01 21:11:45'),(909,'Polysilane Gel','3400933657598',6,3,0.4500,0.6250,100.00,NULL,'24',NULL,NULL,'',0,NULL,NULL),(910,'Tot`hema','3400970000999',29,2,0.2950,0.3750,58.00,20.00,'Back',NULL,NULL,'',0,NULL,NULL),(911,'NSS Thai','8851473003379',15,2,1.0600,1.3750,0.00,5.00,'under',NULL,NULL,'',0,NULL,NULL),(912,'D5W Thai','8851473003294',15,2,1.0600,1.3750,22.00,5.00,'Back',NULL,NULL,'',0,NULL,NULL),(913,'LRI thai','8851473003386',15,2,1.1900,1.4500,8.00,5.00,'under',NULL,NULL,'',0,NULL,NULL),(914,'D5S Thai','8851473003300',15,2,1.0600,1.3750,17.00,5.00,'under',NULL,NULL,'',0,NULL,NULL),(915,'D.10W Thai',NULL,15,2,1.1900,1.4500,0.00,5.00,'under',NULL,NULL,'',0,NULL,NULL),(916,'Test pregnancy',NULL,26,2,0.0800,0.2500,0.00,20.00,'TOU MUK',NULL,NULL,'',0,NULL,NULL),(917,'Sérum D5%(Philippine)',NULL,15,22,1.0000,1.1250,0.00,3.00,'TOU KROY',NULL,NULL,'D5%.500ML',0,NULL,NULL),(918,'Lactated Ringer.1L','Philippine',15,22,1.6300,1.8750,2.00,3.00,'TOU KROY',NULL,NULL,'Lactate Ringer 1000ml',0,NULL,NULL),(919,'Lactate Ringer(china)0.5L','China',15,9,0.5500,1.1250,22.00,3.00,'TOU KROY',NULL,NULL,'Lactate Ringer 500ml',0,NULL,NULL),(931,'D 5%(china)',NULL,15,9,0.5100,0.8750,0.00,3.00,'TOU KROY',NULL,NULL,'Dextrose 5%.500ml',0,NULL,NULL),(932,'Listerine.500ml','8850007811237',30,2,3.5000,4.0000,3.00,1.00,'TOU KROY',NULL,NULL,'Mouthwash antiseptic',0,NULL,NULL),(933,'Listerin.250ml','8850007811213',30,2,1.8000,2.0000,3.00,2.00,'TOU KROY',NULL,NULL,'Mouthwash antiseptic',0,NULL,NULL),(934,'Listerin tartar.250ml','8850007811657',30,2,2.0000,2.2500,3.00,3.00,'TOU KROY',NULL,NULL,'Mouthwash antiseptic',0,NULL,NULL),(935,'Pantogen(sérum)',NULL,14,19,2.5000,3.0000,14.00,2.00,'TOU KROY',NULL,NULL,'Pantogen 500ml',0,NULL,NULL),(936,'PAN-AMIN(Sérum)',NULL,15,22,6.5000,7.5000,5.00,2.00,'TOU KROY',NULL,NULL,'PAN-AMIN.500ML',0,NULL,NULL),(937,'AMINOL-S(sérum)',NULL,15,19,4.5000,5.5000,2.00,2.00,'TOU KROY',NULL,NULL,'AMINOL-S.500ML',0,NULL,NULL),(938,'EURO(silk tape)','6944009401625',24,NULL,0.5000,0.8750,14.00,2.00,'TOU KROY',NULL,NULL,'Adhésive(silk tape)',0,NULL,NULL),(939,'URGO(CLOTH TAPE)','8851401001026',24,3,0.8600,1.1250,12.00,2.00,'TOU KROY',NULL,NULL,'URGO(Cloth tape)',0,NULL,NULL),(940,'BANDE DE GAZE',NULL,24,2,0.0125,0.1250,0.00,10.00,'TOU KROY',NULL,NULL,'BANDE DE GAZE',0,NULL,NULL),(942,'Bande adhésive(VN)',NULL,24,2,0.1100,0.1750,0.00,NULL,'TOU KROY',NULL,NULL,'Bande adhésive',0,NULL,NULL),(944,'Cotton wool.500g',NULL,20,2,2.5000,3.0000,0.00,1.00,'TOU KROY',NULL,NULL,'Cotton.500g',0,NULL,NULL),(945,'Thnam romors. china','6920380501369',10,2,1.0000,1.2500,4.00,3.00,'Crème',NULL,NULL,'White cream.china',0,NULL,NULL),(946,'Brulure Cream','6919570900099',10,2,1.2500,1.5000,25.00,2.00,'Crème',NULL,NULL,'Crème inflamatoire',0,NULL,NULL),(947,'Triam+Miconazole.cream','6921793020041',10,2,0.5000,0.7500,102.00,5.00,'Crème',NULL,NULL,'Triam+Miconazol.cream',0,NULL,NULL),(948,'Econazole cream','6920190331033',10,2,1.0000,1.2500,13.00,3.00,'Crème',NULL,NULL,'Econazole cream',0,NULL,NULL),(949,'Urine Bag',NULL,12,2,0.3500,0.7500,9.00,2.00,'TOU KROY',NULL,NULL,'Urine Bag',0,NULL,NULL),(950,'HCG (Blue Cross)',NULL,26,2,0.1600,0.3750,69.00,5.00,'TOU MUK',NULL,NULL,'Pregnancy test',0,NULL,NULL),(951,'HHC Face Mask',NULL,12,2,0.0260,0.0750,149.00,2.00,'TOU KROY',NULL,NULL,'Face Mask',0,NULL,NULL),(952,'Elastic Bandage.4in',NULL,24,2,1.0000,1.1250,-1.00,3.00,'TOU KROY',NULL,NULL,'Elastic Bandage',0,NULL,NULL),(953,'Elastic Bandage.3in',NULL,24,2,0.5000,0.7500,0.00,3.00,'TOU KROY',NULL,NULL,'Elastic Bandage',0,NULL,NULL),(954,'Cotton 25g ',NULL,20,2,0.0940,0.1250,35.00,5.00,'TOU KROY',NULL,NULL,'Cotton',0,NULL,NULL),(955,'Bang yeut(VN)',NULL,20,2,0.2500,0.3750,0.00,3.00,'TOU KROY',NULL,NULL,'Bandage120cm x10cm',0,NULL,NULL),(956,'Bang yeut(VN)',NULL,24,2,0.2000,0.2500,0.00,3.00,'TOU KROY',NULL,NULL,'Bandage120cm x 6cm',0,NULL,NULL),(957,'EXTRA SLIM','6901546654225',5,8,4.0000,4.7000,53.00,30.00,'E',NULL,NULL,'Reduce weight',0,NULL,NULL),(958,'Tummy Firming','8990090500257',5,8,10.0000,12.0000,7.00,30.00,'T',NULL,NULL,'Reduce Weight',0,NULL,NULL),(959,'OK. Condom',NULL,23,2,0.0830,0.2500,395.00,20.00,'TOU KROY',NULL,NULL,'Condom',0,NULL,NULL),(961,'SYRINGE 10cc',NULL,12,2,0.0450,0.0750,311.00,50.00,'TOU KROY',NULL,NULL,'SYRINGE',0,NULL,NULL),(962,'KISS.gluta','8850554362015',12,22,1.5900,2.0000,0.00,6.00,'T',NULL,NULL,'Gluta 200',0,NULL,NULL),(963,'Elastic Bandage.6in',NULL,24,2,1.2500,1.3750,0.00,3.00,'TOU KROY',NULL,NULL,'Elastic Bandage',0,NULL,NULL),(964,'Veta Prune',NULL,12,2,0.9800,1.3750,24.00,5.00,'TOU KROY',NULL,NULL,'Prune Essence',0,NULL,NULL),(965,'SRO',NULL,29,2,0.1000,0.1250,88.00,20.00,'TOU KROY',NULL,NULL,'Oral rehydration',0,NULL,NULL),(966,'Magnapod','3831034517885',24,3,0.1000,0.1250,48.00,NULL,'TOU MUK',NULL,NULL,'Magnetic Bandage',0,NULL,NULL),(967,'SEPTIDERM 10%','8846000182467',28,2,2.0000,2.5000,7.00,1.00,'S',NULL,NULL,'Polyvidone',0,NULL,NULL),(968,'Lizijian Fei','6940680920011',5,2,1.8300,3.0000,14.00,3.00,'TOU MUK',NULL,NULL,'Reduce Weight',0,NULL,NULL),(969,'SUNNY','8853163312457',12,21,0.1500,0.2500,2.00,3.00,'TOU KROY',NULL,NULL,'Interfolded Tissue',0,NULL,NULL),(970,'Tiger plaster','6942535600086',24,21,0.1400,0.2500,76.00,20.00,'TOU MUK',NULL,NULL,'PLASTER',0,NULL,NULL),(971,'Tiger head plaster','6909717000430',24,21,0.2700,0.5000,0.00,20.00,'TOU MUK',NULL,NULL,'Plaster',0,NULL,NULL),(972,'Red chili plaster','6909717000416',24,21,0.2700,0.5000,-4.00,20.00,'TOU MUK',NULL,NULL,'Plaster',0,NULL,NULL),(973,'Men plaster','6909717000263',24,21,0.1400,0.2500,15.00,20.00,'TOU MUK',NULL,NULL,'plaster',0,NULL,NULL),(977,'TIEH TA YAO GIN','6909312460011',28,2,0.5000,0.7500,6.00,2.00,'TOU KROY',NULL,NULL,'Polyvidone',0,NULL,NULL),(978,'HI DINE','8848012901661',28,3,0.2000,0.2500,42.00,3.00,'TOU KROY',NULL,NULL,'Polyvidone',0,NULL,NULL),(979,'Violet giengiane',NULL,28,21,0.0630,0.1250,0.00,5.00,'TOU KROY',NULL,NULL,'Violet giengiane',0,NULL,NULL),(980,'Mercurochrom',NULL,28,21,0.0630,0.1250,0.00,5.00,'TOU KROY',NULL,NULL,'Mercurochrom VN',0,NULL,NULL),(981,'DANZEN','8851963031332',5,22,0.0980,0.1250,45.00,20.00,'D',NULL,NULL,'Anti-inflammatory',0,NULL,NULL),(982,'Laroxyl 25','4305730200044100',5,3,0.0890,0.1250,46.00,10.00,'L',NULL,NULL,'Amitriptyline',0,NULL,NULL),(983,'Digoxine0.25','4334660900026000',5,2,0.1000,0.1500,45.00,10.00,'D',NULL,NULL,'Digoxine 0.25mg',0,NULL,NULL),(984,'LISTERINE 80','8850007811190',30,22,0.9500,1.1250,4.00,3.00,'TOU KROY',NULL,NULL,'Mouthwash',0,NULL,NULL),(985,'Ultracomb cream',NULL,10,2,1.2000,1.5000,6.00,3.00,'Crème',NULL,NULL,'',0,NULL,NULL),(986,'TRIVIT-B','8853533000519',13,22,0.1000,0.1500,34.00,5.00,'Medicine inj',NULL,NULL,'Vit B1 B6 B12',0,NULL,NULL),(989,'Calcium Sandoz',NULL,8,22,0.1730,0.2310,0.00,20.00,'C',NULL,NULL,'Calcium. effervescent',0,NULL,NULL),(990,'Calcium Sandoz','3400930169933',8,22,0.1730,0.2310,66.00,20.00,'C',NULL,NULL,'calcium com.effer',0,NULL,NULL),(991,'Vitamin B6',NULL,13,22,0.0500,0.0625,81.00,NULL,'Medicine inj',NULL,NULL,'Vit.B6(INJ)',0,NULL,NULL),(992,'Dicynone 500','3582910009375',5,22,0.2250,0.3750,8.00,10.00,'D',NULL,NULL,'étamsylate 500',0,NULL,NULL),(993,'Meteospasmyl','33254060000000',5,3,0.1600,0.2000,40.00,10.00,'M',NULL,NULL,'',0,NULL,NULL),(994,'Serc 8',NULL,5,3,0.0850,0.1250,36.00,20.00,'S',NULL,NULL,'Betahistine dihydrochloride 8mg',0,NULL,NULL),(995,'Motilium 10mg','3400932341122',5,2,0.1000,0.1500,150.00,10.00,'M',NULL,NULL,'dompéridone 10mg',0,NULL,NULL),(996,'SILKRON.cream',NULL,10,2,0.9000,1.1250,7.00,3.00,'Crème',NULL,NULL,'Clotrimazole',0,NULL,NULL),(997,'DEXAMETHASONE INJ',NULL,13,9,0.0400,0.0625,196.00,20.00,'Medicine inj',NULL,NULL,'Dexaméthasone inj',0,NULL,NULL),(998,'Paracetamol INJ','8854060000423',13,20,0.0550,0.1250,10.00,10.00,'Medicine inj',NULL,NULL,'PARACETAMOL.INJ',0,NULL,NULL),(999,'OXYTOCIN INJ','3692581478698',13,9,0.0500,0.0750,112.00,20.00,'Medicine inj',NULL,NULL,'Oxytocine 10.UI',0,NULL,NULL),(1000,'Vitamin B1.INJ','8854060408014',13,22,0.0750,0.1250,93.00,NULL,'Medicine inj',NULL,NULL,'Vitamin B1.INJ',0,NULL,NULL),(1001,'Méthycobal 500',NULL,5,3,0.1770,0.2500,68.00,10.00,'M',NULL,NULL,'Mecobalamin 500',0,NULL,NULL),(1002,'Condom 10','6925733310063',23,21,0.6000,0.7500,25.00,3.00,'Condom',NULL,NULL,'Condom',0,NULL,NULL),(1003,'ORACORTIA','8851473006745',10,20,0.3750,0.5000,25.00,5.00,'Crème',NULL,NULL,'Triamcinolone',0,NULL,NULL),(1004,'Myda-B Cream','8856513000219',10,22,0.5000,0.6250,22.00,5.00,'Crème',NULL,NULL,'Clotrimazole 1%',0,NULL,NULL),(1005,'Scalp Vein Set.24',NULL,22,2,0.0650,0.1250,40.00,10.00,'Cathétère',NULL,NULL,'Scalveine',0,NULL,NULL),(1006,'Otrivin.Spray',NULL,18,2,2.2500,3.0000,4.00,1.00,'O',NULL,NULL,'Xylometazoline 0.1%',0,NULL,NULL),(1007,'Imodium 2mg','2318860700033700',5,22,0.1950,0.2500,61.00,10.00,'I',NULL,NULL,'Lopéramide 2mg',0,NULL,NULL),(1008,'Asmacort','8936004135054',5,2,2.5000,3.0000,10.00,1.00,'TOU KROY',NULL,NULL,'',0,NULL,NULL),(1009,'Chlopheniramine(US)',NULL,5,2,1.2000,1.7500,5.00,1.00,'TOU MUK',NULL,NULL,'Chlorpheniramin 4mg',0,NULL,NULL),(1010,'Daonil 5mg','8993237225143',5,3,0.1200,0.1500,70.00,10.00,'D',NULL,NULL,'Glibenclamide 5mg',0,NULL,NULL),(1011,'NIPRO(26GX1/2)',NULL,22,22,0.0200,0.0375,190.00,20.00,'',NULL,NULL,'Needle',0,NULL,NULL),(1012,'Clinical Thermometer',NULL,12,22,0.5000,0.7500,12.00,3.00,'Medicine inj',NULL,NULL,'Thermometer',0,NULL,NULL),(1013,'White Monkey.Balm','8858099000065',31,23,0.5200,0.7500,3.00,3.00,'TOU MUK',NULL,NULL,'BALM',0,NULL,NULL),(1014,'AXE Brand.(Oil).56ml','8888115000113',32,15,3.3000,4.0000,3.00,2.00,'TOU MUK',NULL,NULL,'Medicine oil.56ml',0,NULL,NULL),(1015,'AXE Brand.10ml','8888115000144',32,23,1.5000,1.6250,8.00,2.00,'TOU MUK',NULL,NULL,'Medical oil.10ml',0,NULL,NULL),(1016,'Siang Pure Balm','8850109001314',31,22,0.6100,0.7500,1.00,5.00,'TOU MUK',NULL,NULL,'Baim',0,NULL,NULL),(1017,'AXE Brand(Red oil)','8888115000311',32,22,1.2500,1.6250,5.00,2.00,'TOU MUK',NULL,NULL,'Red Flower Oil',0,NULL,NULL),(1018,'Siang Pure Oil.25cc','8850109001116',32,22,3.0000,4.0000,4.00,2.00,'TOU MUK',NULL,NULL,'Medical oil',0,NULL,NULL),(1019,'Siang Pure (White oil)','8850109002137',32,22,0.5000,0.6250,6.00,2.00,'TOU MUK',NULL,NULL,'Medical oil.3ml',0,NULL,NULL),(1020,'Siang pure oil.3ml','8850109001130',32,22,0.5000,0.6250,24.00,5.00,'TOU MUK',NULL,NULL,'Medicine oil .3ml',0,NULL,NULL),(1021,'Siang pure oil.7cc','8850109001123',32,22,1.1250,1.2500,0.00,3.00,'TOU MUK',NULL,NULL,'Medicine oil.7cc',0,NULL,NULL),(1022,'RICQLÉS(Alcool de Menthe)','3103220032077',32,3,4.0000,5.0000,3.00,1.00,'TOU MUK',NULL,NULL,'Medical oil',0,NULL,NULL),(1023,'AMRUTANJAN.Balm','8901803000117',31,17,0.5000,0.7500,5.00,NULL,'TOU MUK',NULL,NULL,'Balm',0,NULL,NULL),(1024,'EAGLE BRAND.24ML','8888951888791',32,23,3.2500,4.0000,1.00,2.00,'TOU MUK',NULL,NULL,'Medical oil.24ml',0,NULL,NULL),(1025,'EAGLE BRAND.12ML',NULL,32,23,1.8400,2.2500,1.00,2.00,'TOU MUK',NULL,NULL,'Medical oil.12ml',0,NULL,NULL),(1026,'ZANTEL',NULL,5,2,0.6200,0.8750,0.00,3.00,'Z',NULL,NULL,'ALBENDAZOLE.200MG',0,NULL,NULL),(1027,'P57 Hoodia','7301546546421',5,22,3.0000,5.0000,6.00,2.00,'TOU MUK',NULL,NULL,'Slimming capsule',0,NULL,NULL),(1028,'DODECAVIT.INJ',NULL,13,2,0.9500,1.2500,16.00,5.00,'TOU MUK',NULL,NULL,'',0,NULL,NULL),(1029,'TERNOVIT 5000',NULL,13,2,0.9900,1.6250,4.00,NULL,'Medicine inj',NULL,NULL,'Vit B1 B6 B12',0,NULL,NULL),(1030,'MOODS','8904068502006',23,2,1.2500,1.5000,0.00,2.00,'Condom',NULL,NULL,'Condom',0,NULL,NULL),(1031,'Yeah','8938503235013',12,21,1.0000,1.5000,4.00,2.00,'TOU KROY',NULL,NULL,'wet wipes',0,NULL,NULL),(1032,'Kaia(wet wipe)','8938503931083',12,21,0.8000,1.2500,0.00,2.00,'TOU KROY',NULL,NULL,'wet wipes',0,NULL,NULL),(1033,'GELIGA.BALM','8993176812015',31,23,1.2500,1.5000,13.00,3.00,'TOU MUK',NULL,NULL,'BALM',0,NULL,NULL),(1034,'Tiger 5 stars.balm','8853042000352',31,22,1.1400,2.0000,0.00,2.00,'TOU MUK',NULL,NULL,'BALM',0,NULL,NULL),(1035,'KIM CHUONG','8935033301027',32,22,0.5000,0.6250,9.00,2.00,'TOU MUK',NULL,NULL,'Medical oil',0,NULL,NULL),(1036,'AKTIV BALM','8993176120059',31,23,1.0400,1.2500,22.00,5.00,'TOU MUK',NULL,NULL,'BALM',0,NULL,NULL),(1037,'SEXY LOVE','553881040028',10,2,2.0000,2.5000,0.00,NULL,'TOU MUK',NULL,NULL,'',0,NULL,NULL),(1038,'GOLD MEDAL.25ml','8888115000205',32,22,1.8000,2.5000,8.00,2.00,'TOU MUK',NULL,NULL,'Medical oil.25ml',0,NULL,NULL),(1039,'GOLD MEDAL.10ML','8888115000212',32,22,0.9600,1.3750,5.00,2.00,'TOU MUK',NULL,NULL,'Medical oil.10ml',0,NULL,NULL),(1040,'Tiger balm','88822426',31,15,1.0000,1.2500,6.00,2.00,'TOU MUK',NULL,NULL,'Balm',0,NULL,NULL),(1041,'BROMALEX.6MG','8846000182726',5,13,0.1500,0.2000,153.00,10.00,'B',NULL,NULL,'Bromazepam.6mg',0,NULL,NULL),(1042,'Acimax.20mg','9323610002761',5,2,0.2000,0.2500,54.00,NULL,'A',NULL,NULL,'Oméprazole.20mg(F)',0,NULL,NULL),(1043,'555 THOM(Battery)',NULL,12,23,0.2000,0.2500,3.00,6.00,'TOU MUK',NULL,NULL,'Battery',0,NULL,NULL),(1044,'Panasonic. thom',NULL,12,23,0.2420,0.3250,39.00,6.00,'TOU MUK',NULL,NULL,'Battery',0,NULL,NULL),(1045,'555.touch',NULL,12,23,0.1250,0.2000,9.00,6.00,'TOU MUK',NULL,NULL,'Battery',0,NULL,NULL),(1046,'Battery .chrung','6939020400702',12,23,0.2500,0.3750,0.00,6.00,'TOU MUK',NULL,NULL,'Battery',0,NULL,NULL),(1047,'555.kandal',NULL,12,23,0.2000,0.2500,0.00,6.00,'TOU MUK',NULL,NULL,'Battery',0,NULL,NULL),(1048,'Panasonic.touch',NULL,12,23,0.1340,0.2000,32.00,6.00,'TOU MUK',NULL,NULL,'Battery',0,NULL,NULL),(1049,'SANITA.Day',NULL,12,21,0.7500,0.8750,23.00,3.00,'TOU KROY',NULL,NULL,'Sanitary pads',0,NULL,NULL),(1050,'Sanita.Night','8850461090162',12,21,0.8750,1.0000,5.00,2.00,'TOU KROY',NULL,NULL,'Sanitary pads',0,NULL,NULL),(1051,'Diana.day','8934755010019',12,21,0.5000,0.6250,2.00,3.00,'TOU KROY',NULL,NULL,'Sanitary pads',0,NULL,NULL),(1052,'SOFY','8851111300013',20,21,0.3000,0.5000,4.00,3.00,'TOU KROY',NULL,NULL,'SANITARY PADS',0,NULL,NULL),(1053,'ABC(cotton Tips)',NULL,20,21,0.0240,0.1250,50.00,10.00,'Cotton',NULL,NULL,'Cotton Tips',0,NULL,NULL),(1054,'LADY','8846000122234',20,21,0.5000,0.6250,1.00,3.00,'Cotton',NULL,NULL,'Sanitary pads',0,NULL,NULL),(1055,'SOFY','8851111141036',20,21,0.7100,0.8750,17.00,3.00,'Cotton',NULL,NULL,'Sanitary pads',0,NULL,NULL),(1056,'77777.THIN','6998877777818',20,21,0.5000,0.7500,6.00,3.00,'Cotton',NULL,NULL,'Sanitary pads',0,NULL,NULL),(1057,'Berrie','8850006270888',20,21,0.8750,1.1250,3.00,2.00,'Cotton',NULL,NULL,'Cotton pads',0,NULL,NULL),(1058,'SOFY.night','8851111161065',20,21,1.0000,1.2500,11.00,3.00,'Cotton',NULL,NULL,'Sanitary pads',0,NULL,NULL),(1059,'THE BEAR','8936055560041',20,21,0.5000,0.6250,7.00,3.00,'Cotton',NULL,NULL,'Cotton buds',0,NULL,NULL),(1060,'Hello','8493824751104',20,21,0.2500,0.5000,-2.00,3.00,'Cotton',NULL,NULL,'Cotton buds',0,NULL,NULL),(1061,'77777','6998867777798',20,21,0.5000,0.6250,6.00,3.00,'Cotton',NULL,NULL,'Sanitary pads',0,NULL,NULL),(1062,'77777','6925550688888',20,21,0.5900,0.7500,10.00,3.00,'Cotton',NULL,NULL,'Sanitary pads',0,NULL,NULL),(1063,'Green Coffee 800','856782002059',12,23,4.0000,5.0000,0.00,NULL,'TOU MUK',NULL,NULL,'Weight Loss',0,NULL,NULL),(1064,'Black Plum','6949102622618',12,22,4.0000,5.0000,3.00,2.00,'TOU MUK',NULL,NULL,'Weight Loss',0,NULL,NULL),(1065,'INDOMEDROL',NULL,13,2,0.0500,0.1000,0.00,NULL,'TOU MUK',NULL,NULL,'Medicin inj',0,NULL,NULL),(1066,'SANITA(soft liner)','8850461600316',20,21,0.7500,0.8750,5.00,2.00,'Cotton',NULL,NULL,'Sanitary pads',0,NULL,NULL),(1067,'MiMi','6922253710441',20,21,0.5000,0.6250,12.00,3.00,'Cotton',NULL,NULL,'Sanitary pads',0,NULL,NULL),(1068,'Be One',NULL,20,21,0.5000,0.6250,9.00,3.00,'Cotton',NULL,NULL,'Santary pads',0,NULL,NULL),(1069,'Comfy','8849300401382',12,21,0.8750,1.2500,0.00,2.00,'Cotton',NULL,NULL,'MC Tissue',0,NULL,NULL),(1070,'Cellox','8850046500109',12,21,0.7250,0.8750,7.00,3.00,'Cotton',NULL,NULL,'Towels Tissue',0,NULL,NULL),(1071,'Dopalipax','8934618972669',5,2,0.0800,0.1250,0.00,20.00,'D',NULL,NULL,'Meprobamate100mg',0,NULL,NULL),(1072,'CHANTILLY','046447094196',11,27,20.0000,23.0000,7.00,NULL,'Cosmétic',NULL,NULL,'Perfum',0,NULL,NULL),(1073,'CHANTILLY(Small)','046447094141',11,26,12.0000,15.0000,2.00,NULL,'Tou Cosmetic',NULL,NULL,'Perfum',0,NULL,NULL),(1074,'Beyoncé Heat','3607344635508',11,27,26.0000,30.0000,4.00,NULL,'Tou Cosmetic',NULL,NULL,'Perfum',0,NULL,NULL),(1075,'EMERAUDE','031655437620',11,27,18.0000,20.0000,1.00,NULL,'Tou Cosmetic',NULL,NULL,'Perfum',0,NULL,NULL),(1076,'DARE ME','3607344648898',11,27,21.0000,25.0000,1.00,NULL,'Tou Cosmetic',NULL,NULL,'PERFUM',0,NULL,NULL),(1077,'CIARA (REVLON)','309975772517',11,27,17.0000,20.0000,2.00,NULL,'Tou Cosmetic',NULL,NULL,'PERFUM',0,NULL,NULL),(1078,'GLOW (Jennifer Lopez)','3607342145764',11,27,30.0000,35.0000,2.00,NULL,'Tou Cosmetic',NULL,NULL,'PERFUM',0,NULL,NULL),(1079,'PHOENIX','832208002681',11,29,15.0000,20.0000,1.00,NULL,'Tou Cosmetic',NULL,NULL,'PERFUM',0,NULL,NULL),(1080,'PHOENIX','832208002698',11,29,20.0000,25.0000,1.00,NULL,'Tou Cosmetic',NULL,NULL,'PERFUM',0,NULL,NULL),(1081,'McGRAW','3607344961485',11,29,16.0000,20.0000,1.00,NULL,'Tou Cosmetic',NULL,NULL,'PERFUM',0,NULL,NULL),(1082,'McGRAW','3607344961256',11,29,11.0000,12.0000,1.00,NULL,'Tou Cosmetic',NULL,NULL,'PERFUM',0,NULL,NULL),(1083,'ODYSSEY',NULL,11,29,17.0000,20.0000,1.00,NULL,'Tou Cosmetic',NULL,NULL,'PERFUM',0,NULL,NULL),(1084,'JORDACHE.women','729986126206',11,29,12.0000,15.0000,1.00,NULL,'Tou Cosmetic',NULL,NULL,'PERFUM',0,NULL,NULL),(1085,'Glow (Dream Angels)','667530172005',11,29,45.0000,50.0000,0.00,NULL,'Tou Cosmetic',NULL,NULL,'PERFUM',0,NULL,NULL),(1086,'IDOL','9555250021158',33,29,12.0000,15.0000,0.00,NULL,'Tou Cosmetic',NULL,NULL,'PERFUM',0,NULL,NULL),(1087,'Jean Naté (REVLON)',NULL,34,29,8.0000,10.0000,6.00,NULL,'Tou Cosmetic',NULL,NULL,'Splash Mist',0,NULL,NULL),(1088,'Jean Naté (REVLON)',NULL,2,29,7.0000,8.0000,6.00,NULL,'Tou Cosmetic',NULL,NULL,'Body Lotion',0,NULL,NULL),(1089,'Regenerist (OLAY)','075609052972',2,29,30.0000,35.0000,2.00,NULL,'Tou Cosmetic',NULL,NULL,'Micro-Sculpting Cream',0,NULL,NULL),(1090,'Victoria\'s Secret (body mist)','667530352711',11,29,7.5000,10.0000,2.00,2.00,'Tou Cosmetic',NULL,NULL,'Body Mist',0,NULL,NULL),(1091,'L\'ORÉAL (Cream)','8992304024467',3,29,17.0000,20.0000,0.00,NULL,'Tou Cosmetic',NULL,NULL,'Whitening Cream',0,NULL,NULL),(1092,'Love Impact',NULL,2,29,13.0000,15.0000,1.00,NULL,'Tou Cosmetic',NULL,NULL,'Brightening Serum',0,NULL,NULL),(1093,'TABU.Powder',NULL,3,29,6.0000,8.0000,2.00,NULL,'Tou Cosmetic',NULL,NULL,'Powder',0,NULL,NULL),(1094,'Select Spa(body splash)','077443502088',11,29,4.0000,6.0000,1.00,NULL,'Tou Cosmetic',NULL,NULL,'Body Mist',0,NULL,NULL),(1095,'Old Spice','012044342503',3,29,5.0000,6.0000,0.00,NULL,'Tou Cosmetic',NULL,NULL,'Deodorant',0,NULL,NULL),(1096,'FRESH SORBETS','667531763455',2,29,8.5000,12.0000,1.00,NULL,'Tou Cosmetic',NULL,NULL,'Body Lotion',0,NULL,NULL),(1097,'Dove(déodorant)','079400507204',3,23,2.8000,4.0000,0.00,2.00,'Tou Cosmetic',NULL,NULL,'Déodorant',0,NULL,NULL),(1098,'Victoria\'s Secret.60ml',NULL,2,29,2.5000,4.0000,10.00,2.00,'Tou Cosmetic',NULL,NULL,'Body Lotion.60ml',0,NULL,NULL),(1099,'BRUT','827755070054',3,29,4.0000,5.0000,2.00,2.00,'Tou Cosmetic',NULL,NULL,'DEODORANT',0,NULL,NULL),(1100,'DOVE.gofresh','079400330598',3,29,4.0000,5.0000,5.00,2.00,'Tou Cosmetic',NULL,NULL,'DEODORANT',0,NULL,NULL),(1101,'Secret (clear gel)','037000589754',3,29,4.0000,5.0000,4.00,2.00,'Tou Cosmetic',NULL,NULL,'DEODORANT',0,NULL,NULL),(1102,'Johnson.1Litre','3574660262841',3,29,8.0000,10.0000,2.00,2.00,'Tou Cosmetic',NULL,NULL,'Body Wash',0,NULL,NULL),(1103,'NEXXUS','605592090196',3,29,22.0000,25.0000,1.00,NULL,'Tou Cosmetic',NULL,NULL,'Shampoo',0,NULL,NULL),(1104,'TRESEMMÉ','022400651620',3,29,8.0000,10.0000,1.00,2.00,'Tou Cosmetic',NULL,NULL,'Samphoo',0,NULL,NULL),(1105,'TRESEMMÉ','022400624198',3,29,8.0000,10.0000,0.00,2.00,'Tou Cosmetic',NULL,NULL,'Conditioner',0,NULL,NULL),(1106,'VO5','022400341071',3,29,3.0000,5.0000,1.00,1.00,'Tou Cosmetic',NULL,NULL,'Conditioner',0,NULL,NULL),(1107,'VO5','816559011189',3,29,3.0000,5.0000,0.00,1.00,'Tou Cosmetic',NULL,NULL,'Conditioner',0,NULL,NULL),(1108,'VO5','816559010984',3,29,3.0000,5.0000,2.00,1.00,'Tou Cosmetic',NULL,NULL,'Conditioner',0,NULL,NULL),(1109,'VO5','816559011165',3,29,3.0000,5.0000,2.00,1.00,'Tou Cosmetic',NULL,NULL,'Conditioner',0,NULL,NULL),(1110,'VO5','816559011349',3,29,3.0000,5.0000,3.00,1.00,'Tou Cosmetic',NULL,NULL,'Conditioner',0,NULL,NULL),(1111,'VO5','816559011042',3,29,3.0000,5.0000,2.00,1.00,'Tou Cosmetic',NULL,NULL,'Conditioner',0,NULL,NULL),(1112,'TRESemmé','022400640457',3,29,5.0000,7.0000,3.00,NULL,'Tou Cosmetic',NULL,NULL,'HAIR SPRAY',0,NULL,NULL),(1113,'SUAVE','079400181558',3,29,5.0000,7.0000,3.00,NULL,'Tou Cosmetic',NULL,NULL,'Haire Spray',0,NULL,NULL),(1114,'TRESemmé','022400005218',3,29,5.0000,7.0000,3.00,NULL,'Tou Cosmetic',NULL,NULL,'Haire Spray',0,NULL,NULL),(1115,'TRESemmé','022400005225',3,29,5.0000,7.0000,2.00,NULL,'Tou Cosmetic',NULL,NULL,'Haire Spray',0,NULL,NULL),(1116,'TRESemmé','022400643168',3,29,5.0000,7.0000,3.00,NULL,'Tou Cosmetic',NULL,NULL,'Mousse',0,NULL,NULL),(1117,'TRESemmé','022400623665',3,29,5.0000,7.0000,1.00,NULL,'Tou Cosmetic',NULL,NULL,'MOUSSE',0,NULL,NULL),(1118,'ORLANDO PITA','855784002524',3,29,25.0000,30.0000,1.00,NULL,'Tou Cosmetic',NULL,NULL,'Shampoo/Condition',0,NULL,NULL),(1119,'VO5','816559010991',3,29,3.0000,5.0000,1.00,NULL,'Tou Cosmetic',NULL,NULL,'Shampoo',0,NULL,NULL),(1120,'VO5','816559011035',3,29,3.0000,5.0000,2.00,NULL,'Tou Cosmetic',NULL,NULL,'Shampoo',0,NULL,NULL),(1121,'VO5','022400192734',3,29,3.0000,5.0000,1.00,NULL,'Tou Cosmetic',NULL,NULL,'Shampoo',0,NULL,NULL),(1122,'VO5','816559011066',3,29,3.0000,5.0000,0.00,NULL,'Tou Cosmetic',NULL,NULL,'Shampoo',0,NULL,NULL),(1123,'VO5','022400191669',3,29,3.0000,5.0000,0.00,NULL,'Tou Cosmetic',NULL,NULL,'Shampoo',0,NULL,NULL),(1124,'VO5','022400000305',3,29,3.0000,5.0000,1.00,NULL,'Tou Cosmetic',NULL,NULL,'Shampoo',0,NULL,NULL),(1125,'OLAY.body wash','037000605171',3,29,8.0000,10.0000,3.00,NULL,'Tou Cosmetic',NULL,NULL,'Shampoo',0,NULL,NULL),(1126,'SUAVE','079400716101',3,29,5.0000,7.0000,3.00,NULL,'Tou Cosmetic',NULL,NULL,'Shampoo',0,NULL,NULL),(1127,'DOVE.Men care','079400266545',3,29,7.0000,9.0000,1.00,NULL,'Tou Cosmetic',NULL,NULL,'Shampoo',0,NULL,NULL),(1128,'DOVE.Men care','079400266514',3,29,7.0000,9.0000,3.00,NULL,'Tou Cosmetic',NULL,NULL,'Shampoo',0,NULL,NULL),(1129,'DOVE','079400206589',3,29,7.0000,9.0000,3.00,NULL,'Tou Cosmetic',NULL,NULL,'Shampoo',0,NULL,NULL),(1130,'DOVE.Men care','079400266552',3,29,7.0000,9.0000,1.00,NULL,'Tou Cosmetic',NULL,NULL,'Shampoo',0,NULL,NULL),(1131,'SUAVE','079400066619',3,29,4.0000,5.0000,3.00,NULL,'Tou Cosmetic',NULL,NULL,'Shampoo',0,NULL,NULL),(1132,'SUAVE','079400700100',3,29,4.0000,5.0000,4.00,NULL,'Tou Cosmetic',NULL,NULL,'Shampoo',0,NULL,NULL),(1133,'Fructis.Garnier','7509552900910',3,29,12.0000,15.0000,0.00,NULL,'Tou Cosmetic',NULL,NULL,'Shampoo',0,NULL,NULL),(1134,'Fructis.Garnier','7509552900903',3,29,12.0000,15.0000,2.00,NULL,'Tou Cosmetic',NULL,NULL,'Shampoo',0,NULL,NULL),(1135,'Fructis.Garnier','7509552900873',3,29,12.0000,15.0000,0.00,NULL,'Tou Cosmetic',NULL,NULL,'Shampoo',0,NULL,NULL),(1136,'Aquafresh.extrem clean',NULL,3,23,3.0000,4.0000,2.00,3.00,'Tou Cosmetic',NULL,NULL,'Toothpaste triple protection',0,NULL,NULL),(1137,'Colgate.Sensitive+White',NULL,3,29,4.0000,6.0000,17.00,5.00,'Tou Cosmetic',NULL,NULL,'Toothpaste for sensitive teeth',0,NULL,NULL),(1138,'Pro Complete.KIRKLAND',NULL,3,23,3.0000,4.0000,4.00,2.00,'Tou Cosmetic',NULL,NULL,'Toothpaste USA',0,NULL,NULL),(1139,'SUAVE','079400193735',3,29,4.0000,5.0000,3.00,NULL,'Tou Cosmetic',NULL,NULL,'Shampoo',0,NULL,NULL),(1140,'SUAVE','079400920706',3,29,4.0000,5.0000,4.00,NULL,'Tou Cosmetic',NULL,NULL,'Conditioner',0,NULL,NULL),(1141,'CALAR.NAIL COLOR',NULL,3,29,2.0000,2.5000,4.00,NULL,'Tou Cosmetic',NULL,NULL,'Nail color',0,NULL,NULL),(1142,'VERNIS','847747055418',3,29,2.0000,2.5000,3.00,NULL,'Tou Cosmetic',NULL,NULL,'Nail color.US',0,NULL,NULL),(1143,'VERNIS','847747055487',3,29,2.0000,2.5000,1.00,NULL,'Tou Cosmetic',NULL,NULL,'Nail Color',0,NULL,NULL),(1144,'VERNIS','847747055661',3,29,2.0000,2.5000,2.00,NULL,'Tou Cosmetic',NULL,NULL,'Nail Color',0,NULL,NULL),(1145,'VERNIS','847747056101',3,29,2.0000,2.5000,3.00,NULL,'Tou Cosmetic',NULL,NULL,'Nail Color',0,NULL,NULL),(1146,'SANTEE','849609002103',3,29,2.0000,2.5000,2.00,NULL,'Tou Cosmetic',NULL,NULL,'Nail Color',0,NULL,NULL),(1147,'SANTEE','849609001465',3,29,2.0000,2.5000,1.00,NULL,'Tou Cosmetic',NULL,NULL,'Nail Color',0,NULL,NULL),(1148,'VERNIS','847747055166',3,29,2.0000,2.5000,1.00,NULL,'Tou Cosmetic',NULL,NULL,'Nail Color',0,NULL,NULL),(1149,'SANTEE','849609001342',3,29,2.0000,2.5000,3.00,NULL,'Tou Cosmetic',NULL,NULL,'Nail Color',0,NULL,NULL),(1150,'SANTEE','849609001939',3,29,2.0000,2.5000,3.00,NULL,'Tou Cosmetic',NULL,NULL,'Nail Color',0,NULL,NULL),(1151,'SANTEE','885005950778',3,29,2.0000,2.5000,2.00,NULL,'Tou Cosmetic',NULL,NULL,'Nail Color',0,NULL,NULL),(1156,'SANTEE','849609001731',3,29,2.0000,2.5000,3.00,NULL,'Tou Cosmetic',NULL,NULL,'Nail Color',0,NULL,NULL),(1157,'Lappa color nail',NULL,3,29,2.0000,2.5000,2.00,NULL,'Tou Cosmetic',NULL,NULL,'Nail Color.',0,NULL,NULL),(1158,'DTN.nail color',NULL,3,29,2.0000,2.5000,1.00,NULL,'Tou Cosmetic',NULL,NULL,'Nail Color',0,NULL,NULL),(1159,'SANTEE','849609001724',2,29,2.0000,2.5000,1.00,NULL,'Tou Cosmetic',NULL,NULL,'Nail Color',0,NULL,NULL),(1160,'SANTEE','849609001335',3,29,2.0000,2.5000,1.00,NULL,'Tou Cosmetic',NULL,NULL,'Nail Color',0,NULL,NULL),(1161,'LIP SHINER',NULL,3,29,2.0000,2.5000,21.00,NULL,'Tou Cosmetic',NULL,NULL,'LIP GLOSS',0,NULL,NULL),(1162,'CANDY',NULL,3,29,2.0000,2.5000,1.00,NULL,'Tou Cosmetic',NULL,NULL,'LIP GLOSS',0,NULL,NULL),(1163,'HONEY GLOSS','836558003077',3,29,2.0000,2.5000,6.00,NULL,'Tou Cosmetic',NULL,NULL,'LIP GLOSS',0,NULL,NULL),(1164,'DOVE.Deep Moisture','011111089778',3,29,8.0000,10.0000,3.00,NULL,'Tou Cosmetic',NULL,NULL,'Body Wash',0,NULL,NULL),(1165,'PANTENE','080878042692',3,29,10.0000,12.0000,2.00,NULL,'Tou Cosmetic',NULL,NULL,'Conditioner',0,NULL,NULL),(1166,'PANTENE.USA','080878000616',3,29,10.0000,12.0000,0.00,NULL,'Tou Cosmetic',NULL,NULL,'Conditioner',0,NULL,NULL),(1167,'PANTENE.USA','080878042555',3,29,10.0000,12.0000,2.00,NULL,'Tou Cosmetic',NULL,NULL,'Shampoo',0,NULL,NULL),(1168,'PANTENE.USA','080878005505',3,29,10.0000,12.0000,2.00,NULL,'Tou Cosmetic',NULL,NULL,'Shampoo',0,NULL,NULL),(1169,'Caress','011111774124',3,29,5.0000,7.0000,1.00,NULL,'Tou Cosmetic',NULL,NULL,'Body Wash',0,NULL,NULL),(1170,'Caress.beauty bar',NULL,3,29,1.5000,2.0000,8.00,NULL,'Tou Cosmetic',NULL,NULL,'Soap',0,NULL,NULL),(1171,'KIRKLAND.USA','067153943479',3,29,12.0000,15.0000,2.00,NULL,'Tou Cosmetic',NULL,NULL,'Body Wash',0,NULL,NULL),(1172,'DOVE .Essentials','4800888178404',3,29,8.0000,10.0000,1.00,NULL,'Tou Cosmetic',NULL,NULL,'Shampoo+Bar',0,NULL,NULL),(1173,'White Spa','8855629363676',2,30,3.0000,4.0000,7.00,NULL,'Tou Cosmetic',NULL,NULL,'UV.WHITE.LOTION',0,NULL,NULL),(1174,'White Spa','8851427007927',2,30,2.5000,3.5000,0.00,NULL,'Tou Cosmetic',NULL,NULL,'UV.White lotion',0,NULL,NULL),(1175,'CITRA+LUX','8851932304634',3,30,2.5000,3.0000,2.00,NULL,'Tou Cosmetic',NULL,NULL,'Lotion+body wash',0,NULL,NULL),(1176,'L\'ORÉAL.SPF 50','8991380222552',2,30,11.0000,14.0000,4.00,4.00,'Tou Cosmetic',NULL,NULL,'SPF50/PA+++ (Cream)',0,NULL,NULL),(1177,'L\'ORÉAL  (BB Cream)','8992304022890',2,30,12.0000,15.0000,1.00,NULL,'Tou Cosmetic',NULL,NULL,'UV Perfect.Cream',0,NULL,NULL),(1178,'KA UV.Whitening','8850822190029',2,30,2.4750,5.0000,30.00,NULL,'Tou Cosmetic',NULL,NULL,'UV.Whitening.cream',0,NULL,NULL),(1179,'TaTa','8850822910115',2,30,1.6700,2.5000,13.00,2.00,'Tou Cosmetic',NULL,NULL,'Mosquitoes.Lotion',0,NULL,NULL),(1180,'KA White Foam','8850822184035',3,30,1.6500,3.0000,4.00,3.00,'Tou Cosmetic',NULL,NULL,'Foam',0,NULL,NULL),(1181,'KA UV.Whitening','8850822111024',2,30,2.4750,5.0000,16.00,3.00,'Tou Cosmetic',NULL,NULL,'UV Whitening SPF50',0,NULL,NULL),(1182,'L\'ORÉAL.milky foam','8991380232261',3,30,2.5000,3.5000,1.00,2.00,'Tou Cosmetic',NULL,NULL,'Foam',0,NULL,NULL),(1183,'KA .Night Serum','8850822186046',3,30,2.4000,5.0000,29.00,3.00,'Tou Cosmetic',NULL,NULL,'Night Serum.35g',0,NULL,NULL),(1184,'KA .Night Serum','8850822186022',3,30,2.0000,3.0000,7.00,3.00,'Tou Cosmetic',NULL,NULL,'Night Serum.25g',0,NULL,NULL),(1185,'KA .White.cream','8850822182024',3,30,2.0000,3.0000,9.00,3.00,'Tou Cosmetic',NULL,NULL,'White clear cream 25g',0,NULL,NULL),(1186,'KOK LIANG','8850602022021',3,30,1.8500,3.0000,10.00,3.00,'Tou Cosmetic',NULL,NULL,'Anti Hairloss shampoo',0,NULL,NULL),(1187,'Beauty green tea','8853322000072',3,30,3.6000,5.0000,13.00,2.00,'Tou Cosmetic',NULL,NULL,'Health&Beauty',0,NULL,NULL),(1188,'Beauty Rose','8853322000065',3,30,3.6000,5.0000,9.00,2.00,'Tou Cosmetic',NULL,NULL,'Health&Beauty',0,NULL,NULL),(1189,'Skin Hair.bleaching cream','8851427001048',3,30,3.0000,4.0000,4.00,2.00,'Tou Cosmetic',NULL,NULL,'Bleaching Cream',0,NULL,NULL),(1190,'Vaseline.B3.600ML','8851932283953',2,23,6.0000,7.0000,0.00,2.00,'Tou Cosmetic',NULL,NULL,'UV Lightening',0,NULL,NULL),(1191,'Vaseline.total moisture','8851932143370',2,23,6.0000,7.0000,2.00,2.00,'Tou Cosmetic',NULL,NULL,'Nourishing.600ml',0,NULL,NULL),(1192,'Vaseline.US.600','305213087009',2,23,4.4000,6.0000,2.00,2.00,'Tou Cosmetic',NULL,NULL,'Repairing moisture',0,NULL,NULL),(1193,'Vaseline. total moisture','305213079004',2,23,4.4000,6.0000,2.00,2.00,'Tou Cosmetic',NULL,NULL,'Totale moisture.600ml',0,NULL,NULL),(1194,'L\'evinia.vogue.2x','8886459200244',2,23,4.0000,5.0000,4.00,2.00,'Tou Cosmetic',NULL,NULL,'Whiten&Moisturise.400g',0,NULL,NULL),(1195,'L\'evinia.Ritz.2X','8886459200220',2,23,4.0000,5.0000,2.00,2.00,'Tou Cosmetic',NULL,NULL,'Whitens&Moisturises',0,NULL,NULL),(1196,'Citra.Pearly white','8851932221207',2,23,4.3000,5.0000,0.00,2.00,'Tou Cosmetic',NULL,NULL,'Pearly white UV.600ML',0,NULL,NULL),(1197,'Pannamas.Breast cream','8858927505793',3,23,3.0000,5.0000,0.00,2.00,'Tou Cosmetic',NULL,NULL,'Breast Cream',0,NULL,NULL),(1199,'Citra.Bangkok.600ML','0080160820089300',2,30,6.0000,8.0000,0.00,2.00,'Tou Cosmetic',NULL,NULL,'Pearly white.UV',0,NULL,NULL),(1200,'Citra.Bangkok.600ml','8851932221283',2,30,6.0000,8.0000,0.00,2.00,'Tou Cosmetic',NULL,NULL,'PEARLY WHITE UV.Extra',0,NULL,NULL),(1201,'Vaseline.SPF24.Bangkok','8851932283779',2,30,7.0000,9.0000,1.00,2.00,'Tou Cosmetic',NULL,NULL,'Vaseline 24.350ml',0,NULL,NULL),(1202,'NIVEA.Bangkok','4005808626243',2,30,5.5000,7.0000,0.00,NULL,'Tou Cosmetic',NULL,NULL,'Express Moisture.400ml',0,NULL,NULL),(1203,'NIVEA.Bangkok.400+Serum','4005808355877',2,30,6.0000,8.0000,3.00,2.00,'Tou Cosmetic',NULL,NULL,'UV Whitening+Serum',0,NULL,NULL),(1204,'NIVEA.Bangkok.20%.','4005808703685',2,30,6.0000,7.5000,2.00,2.00,'Tou Cosmetic',NULL,NULL,'Intensive moisture serum.240ml',0,NULL,NULL),(1205,'Mistine BB.Lip','8855629111819',3,30,1.0800,2.0000,15.00,3.00,'Tou Cosmetic',NULL,NULL,'LIP STICK',0,NULL,NULL),(1206,'KA .Magic lip','8850822070222',3,30,2.0000,2.5000,8.00,2.00,'Tou Cosmetic',NULL,NULL,'Double Moisturizer',0,NULL,NULL),(1207,'meis. Eye Shadow','6920865400057',3,30,1.0000,2.0000,0.00,NULL,'Tou Cosmetic',NULL,NULL,'Eye shadow',0,NULL,NULL),(1208,'ANGEL.Bangkok','8855629135082',3,30,5.0000,6.0000,2.00,2.00,'Tou Cosmetic',NULL,NULL,'Powder SPF25+++',0,NULL,NULL),(1209,'OLAY.7.Bangkok','4902430359764',3,30,13.0000,15.0000,15.00,2.00,'Tou Cosmetic',NULL,NULL,'Total effects 7.(50g)',0,NULL,NULL),(1210,'OLAY.7.gentle.Bangkok','4902430359733',3,30,13.0000,15.0000,4.00,2.00,'Tou Cosmetic',NULL,NULL,'Total effects.50g',0,NULL,NULL),(1211,'NIVEA.Sun.SPF50','8850029000312',3,30,3.0000,4.0000,1.00,2.00,'Tou Cosmetic',NULL,NULL,'SUN WHITENING.21G',0,NULL,NULL),(1212,'Rexona.spray','8851932266468',3,30,2.0000,2.5000,0.00,NULL,'Tou Cosmetic',NULL,NULL,'Deodorant spray',0,NULL,NULL),(1213,'B.B Cream','6947268601751',3,23,2.0000,5.0000,3.00,NULL,'Tou Cosmetic',NULL,NULL,'SPF 25 PA+++',0,NULL,NULL),(1214,'Sariayu .Acne care','8990090310092',3,8,1.9000,5.0000,24.00,2.00,'Tou Cosmetic',NULL,NULL,'Intensive Acne care',0,NULL,NULL),(1215,'PUTIH LANGSAT','8990090311501',3,8,0.7500,3.7500,11.00,2.00,'Tou Cosmetic',NULL,NULL,'Facial Foam',0,NULL,NULL),(1216,'MAWAR','8990090310115',3,8,4.0000,5.0000,1.00,2.00,'Tou Cosmetic',NULL,NULL,'Facial Mask',0,NULL,NULL),(1217,'KREM MALAM','8990090311068',3,8,1.5000,4.0000,5.00,2.00,'Tou Cosmetic',NULL,NULL,'Whitening night cream',0,NULL,NULL),(1218,'MAWAR.Sariayu','8990090300642',3,8,4.0000,5.0000,1.00,2.00,'Tou Cosmetic',NULL,NULL,'Facial Mask.150ml',0,NULL,NULL),(1219,'Natural Milk','6940891891971',3,23,3.0000,4.0000,-1.00,2.00,'Tou Cosmetic',NULL,NULL,'Milk liquid soap',0,NULL,NULL),(1220,'MEILIN .UV60.GOLD','8853491000996',3,30,6.0000,7.0000,1.00,NULL,'Tou Cosmetic',NULL,NULL,'White UV Body gold',0,NULL,NULL),(1221,'PASSION UV.Powder','8850723600887',3,23,5.0000,7.0000,2.00,1.00,'Tou Cosmetic',NULL,NULL,'UV PROTECTION',0,NULL,NULL),(1222,'BODY LOTION','8852522182410',3,30,1.7500,2.0000,1.00,NULL,'Tou Cosmetic',NULL,NULL,'Body lotion+Shower',0,NULL,NULL),(1223,'Kojie.san .soap',NULL,3,8,2.5000,3.0000,15.00,2.00,'Tou Cosmetic',NULL,NULL,'Skin Lightening Soap',0,NULL,NULL),(1224,'Vaseline.Bangkok.40g','8851932269315',3,30,6.0000,8.0000,4.00,2.00,'Tou Cosmetic',NULL,NULL,'Men face.whitening',0,NULL,NULL),(1225,'NIVEA.Bangkok.for men','4005808650781',3,30,16.0000,18.0000,1.00,2.00,'Tou Cosmetic',NULL,NULL,'Total anti acne',0,NULL,NULL),(1226,'NIVEA.Bangkok','4005808888672',3,30,8.0000,10.0000,0.00,2.00,'Tou Cosmetic',NULL,NULL,'NIVEA Foam +Cream',0,NULL,NULL),(1227,'NIVEA.Bangkok','4005808644001',3,30,4.0000,5.0000,0.00,2.00,'Tou Cosmetic',NULL,NULL,'Foam.8 Effect',0,NULL,NULL),(1228,'NIVEA Bangkok','4005808888689',3,30,1.8000,2.5000,2.00,2.00,'Tou Cosmetic',NULL,NULL,'Foam for Men',0,NULL,NULL),(1229,'NIVEA.Bangkok','8850029213439',3,30,7.5000,9.0000,0.00,2.00,'Tou Cosmetic',NULL,NULL,'Foam+Cream',0,NULL,NULL),(1230,'NIVEA Bangkok','4005808888696',3,30,4.0000,5.0000,6.00,2.00,'Tou Cosmetic',NULL,NULL,'Foam 10 in 1',0,NULL,NULL),(1231,'DOVE.Bangkok','8851932227469',3,30,5.0000,6.0000,0.00,2.00,'Tou Cosmetic',NULL,NULL,'Hair therapy(conditioner)',0,NULL,NULL),(1232,'DOVE Bangkok','8851932268240',3,30,5.0000,6.0000,1.00,2.00,'Tou Cosmetic',NULL,NULL,'Hair therapy(conditioner)',0,NULL,NULL),(1233,'DOVE khmer',NULL,3,30,2.5000,3.0000,1.00,2.00,'Tou Cosmetic',NULL,NULL,'Hair therapy(conditioner)',0,NULL,NULL),(1234,'PANTENE Bangkok','4902430400619',3,30,4.0000,5.0000,1.00,2.00,'Tou Cosmetic',NULL,NULL,'Shampoo 340ml',0,NULL,NULL),(1235,'PANTENE Bangkok','4902430399357',3,30,4.0000,5.0000,2.00,2.00,'Tou Cosmetic',NULL,NULL,'Shampoo 340ml',0,NULL,NULL),(1236,'SUNSILK Bangkok','8851932239653',3,30,4.0000,5.0000,1.00,2.00,'Tou Cosmetic',NULL,NULL,'Shampoo 350mg',0,NULL,NULL),(1237,'SUNSILK.Bangkok','8851932264129',3,30,4.0000,5.0000,1.00,2.00,'Tou Cosmetic',NULL,NULL,'Shampoo 350ml',0,NULL,NULL),(1238,'SUNSILK Bangkok','8851932273664',3,30,4.0000,5.0000,1.00,2.00,'Tou Cosmetic',NULL,NULL,'Shampoo 350ml',0,NULL,NULL),(1239,'Herbal Essences.Bangkok','4902430163811',3,30,5.0000,6.0000,0.00,2.00,'Tou Cosmetic',NULL,NULL,'Shampoo 300ml',0,NULL,NULL),(1240,'DOVE.Bangkok','8851932227865',3,30,5.0000,6.0000,6.00,2.00,'Tou Cosmetic',NULL,NULL,'Shampoo 350ml',0,NULL,NULL),(1241,'DOVE Bangkok','8851932227841',3,30,5.0000,6.0000,4.00,2.00,'Tou Cosmetic',NULL,NULL,'Shampoo 340ml',0,NULL,NULL),(1242,'DOVE.Bangkok','8851932274814',3,30,5.0000,6.0000,0.00,2.00,'Tou Cosmetic',NULL,NULL,'Conditioner',0,NULL,NULL),(1243,'CLEAR Bangkok','8851932262194',3,30,5.0000,6.0000,2.00,2.00,'Tou Cosmetic',NULL,NULL,'Conditioner 320ml',0,NULL,NULL),(1244,'Protex.Bangkok.500ml','8850006602737',3,30,4.0000,5.0000,1.00,2.00,'Tou Cosmetic',NULL,NULL,'Shower cream 500ml',0,NULL,NULL),(1245,'Head&Shoulders.Bangkok','4902430397827',3,30,5.0000,6.0000,3.00,2.00,'Tou Cosmetic',NULL,NULL,'Shampoo 350ml',0,NULL,NULL),(1246,'CLEAR.Bangkok','8851932263450',3,30,5.0000,6.0000,2.00,2.00,'Tou Cosmetic',NULL,NULL,'Shampoo 340ml',0,NULL,NULL),(1247,'CLEAR.Bangkok','8851932262019',3,30,5.0000,6.0000,1.00,2.00,'Tou Cosmetic',NULL,NULL,'Conditioner 320ml',0,NULL,NULL),(1248,'DENTISTE.Bangkok','9300807032992',3,30,4.0000,5.5000,0.00,2.00,'Tou Cosmetic',NULL,NULL,'Toothpaste.100g',0,NULL,NULL),(1249,'Colgate salt.Bangkok',NULL,3,30,2.0000,2.5000,5.00,2.00,'Tou Cosmetic',NULL,NULL,'Toothpaste',0,NULL,NULL),(1250,'COLGATE.12H.Bangkok','8850006325636',3,30,3.0000,4.0000,1.00,2.00,'Tou Cosmetic',NULL,NULL,'Toothpaste 160g',0,NULL,NULL),(1251,'kok liang.Bangkok.Soap','8850602019021',3,30,1.5000,1.7500,6.00,2.00,'Tou Cosmetic',NULL,NULL,'Herbal Soap.90g',0,NULL,NULL),(1252,'KOK LIANG.Bangkok','8850602011537',3,30,2.0000,2.5000,2.00,2.00,'Tou Cosmetic',NULL,NULL,'HERBAL SOAP.150G',0,NULL,NULL),(1253,'FITNÉ HERBAL TEA','8850369014277',3,30,2.6400,3.2500,5.00,2.00,'Tou Cosmetic',NULL,NULL,'Green Tea.15s',0,NULL,NULL),(1254,'FITNÉ. herbal tea','8850369012259',12,22,2.6400,3.2500,3.00,2.00,'Tou Cosmetic',NULL,NULL,'Herbal Tea.15s',0,NULL,NULL),(1255,'FITNÉ.Herbal Tea','8850369012082',12,23,2.0000,2.2500,3.00,2.00,'Tou Cosmetic',NULL,NULL,'Herbal Tea.8 sachets',0,NULL,NULL),(1256,'FITNÉ.Coffee','8850369260025',12,23,3.5400,4.5000,3.00,2.00,'Tou Cosmetic',NULL,NULL,'COFFEE.10sachets',0,NULL,NULL),(1257,'I+PRICE','4560135630375',12,30,0.7000,1.2500,5.00,NULL,'Tou Cosmetic',NULL,NULL,'Tangue cleaner',0,NULL,NULL),(1258,'KODOMO.400ML','8850002019690',3,23,2.5000,3.2500,3.00,2.00,'Tou Cosmetic',NULL,NULL,'Shampoo baby',0,NULL,NULL),(1259,'KODOMO.200ML','8850002016958',3,23,1.2100,1.7500,16.00,2.00,'Tou Cosmetic',NULL,NULL,'Baby shampoo',0,NULL,NULL),(1260,'KODOMO.100ML','8850002016934',3,23,0.7400,1.0000,12.00,2.00,'Tou Cosmetic',NULL,NULL,'Baby shampoo',0,NULL,NULL),(1261,'Baby mild.400ml','8851123343091',3,23,2.7000,3.7500,0.00,2.00,'Tou Cosmetic',NULL,NULL,'Baby shampoo',0,NULL,NULL),(1262,'Baby mild+powder','8851123343084',3,23,1.8000,2.5000,1.00,2.00,'Tou Cosmetic',NULL,NULL,'Baby shampoo',0,NULL,NULL),(1263,'NARAK.90ML','8850094277145',3,23,0.5000,0.7500,5.00,2.00,'Tou Cosmetic',NULL,NULL,'Baby shampoo',0,NULL,NULL),(1264,'NARAK 90ML','8850094077141',3,23,0.5000,0.7500,4.00,2.00,'Tou Cosmetic',NULL,NULL,'Baby shampoo',0,NULL,NULL),(1265,'NIVEA.UV Whitenng','4005808353200',3,23,3.2000,4.0000,3.00,2.00,'Tou Cosmetic',NULL,NULL,'Body lotion.400ml',0,NULL,NULL),(1266,'Vaseline.total moisture','8851932143363',2,23,4.2000,5.0000,3.00,2.00,'Tou Cosmetic',NULL,NULL,'Body lotion 400ml',0,NULL,NULL),(1267,'Vaseline.B3','8851932283939',2,23,4.6600,5.5000,0.00,2.00,'Tou Cosmetic',NULL,NULL,'Body lotion.400ml',0,NULL,NULL),(1268,'SUNSILK.','8851932300407',3,23,2.5000,3.0000,1.00,2.00,'Tou Cosmetic',NULL,NULL,'Shampoo 320ml',0,NULL,NULL),(1269,'SUNSILK','8851932264136',3,23,2.5000,3.0000,1.00,2.00,'Tou Cosmetic',NULL,NULL,'Shampoo 350ml',0,NULL,NULL),(1270,'CLEAR MEN','8851932292528',3,23,2.9000,3.5000,3.00,2.00,'Tou Cosmetic',NULL,NULL,'Shampoo 340ml',0,NULL,NULL),(1273,'CLEAR ICE COOL',NULL,3,23,2.9000,3.5000,-1.00,2.00,'Tou Cosmetic',NULL,NULL,'Shampoo 340ml',0,NULL,NULL),(1274,'head&shoulder','4902430411776',3,23,3.5000,4.0000,2.00,2.00,'Tou Cosmetic',NULL,NULL,'Shampoo.350ml',0,NULL,NULL),(1275,'Rejoice.70ml','4902430429405',3,23,0.5000,0.6250,4.00,2.00,'Tou Cosmetic',NULL,NULL,'Shampoo.70ml',0,NULL,NULL),(1276,'Rejoice.70ml','4902430432245',3,23,0.5000,0.6250,1.00,2.00,'Tou Cosmetic',NULL,NULL,'Shampoo 70ml',0,NULL,NULL),(1277,'SUNSILK.70ML','8851932299879',3,23,0.5000,0.7500,6.00,2.00,'Tou Cosmetic',NULL,NULL,'Shampoo 70ml',0,NULL,NULL),(1278,'SUNSILK 70ML','8851932300469',3,23,0.5000,0.7500,4.00,2.00,'Tou Cosmetic',NULL,NULL,'Shampoo 70ml',0,NULL,NULL),(1279,'CLEAR MEN 70ML','8851932296304',3,23,0.7500,0.8750,1.00,2.00,'Tou Cosmetic',NULL,NULL,'Shampoo 70ml',0,NULL,NULL),(1280,'BHAESAJ.150ML','8850233260236',3,23,0.7200,0.8750,8.00,2.00,'Tou Cosmetic',NULL,NULL,'Body lotion',0,NULL,NULL),(1281,'BHAESAJ.150ML','8850233260069',3,23,0.6200,0.8750,10.00,2.00,'Tou Cosmetic',NULL,NULL,'Body lotion',0,NULL,NULL),(1282,'Rejoice.320ml','4902430450355',3,23,2.3000,3.0000,1.00,2.00,'Tou Cosmetic',NULL,NULL,'Shampoo 320ml',0,NULL,NULL),(1283,'Rejoice.320ml','4902430458726',3,23,2.3000,3.0000,1.00,2.00,'Tou Cosmetic',NULL,NULL,'Shampoo 320ml',0,NULL,NULL),(1284,'PANTENE.lasting care','4902430500418',3,23,3.3000,4.2500,1.00,2.00,'Tou Cosmetic',NULL,NULL,'Shampoo.460ml',0,NULL,NULL),(1285,'PANTENE.total damage care','4902430412964',3,23,3.3000,4.2500,0.00,2.00,'Tou Cosmetic',NULL,NULL,'Shampoo 480ml',0,NULL,NULL),(1286,'PANTENE.long black','4902430414937',3,23,2.6000,3.2500,1.00,2.00,'Tou Cosmetic',NULL,NULL,'Shampoo 340ml',0,NULL,NULL),(1287,'PANTENE.340ml','4902430400992',3,23,2.6000,3.2500,1.00,2.00,'Tou Cosmetic',NULL,NULL,'Shampoo Hair Fall Control',0,NULL,NULL),(1288,'PANTENE.340ml','4902430401005',2,23,2.6000,3.2500,0.00,2.00,'Tou Cosmetic',NULL,NULL,'Shampoo nature care',0,NULL,NULL),(1289,'DOVE.480ml','8851932227537',3,23,3.3000,4.0000,0.00,2.00,'Tou Cosmetic',NULL,NULL,'Shampoo hair fall rescue',0,NULL,NULL),(1292,'DOVE.350ml',NULL,3,23,2.5000,3.0000,0.00,2.00,'Tou Cosmetic',NULL,NULL,'Shampoo intense repair',0,NULL,NULL),(1294,'DOVE.330ml.hair therapy',NULL,3,23,2.0000,3.0000,0.00,2.00,'Tou Cosmetic',NULL,NULL,'Conditioner',0,NULL,NULL),(1295,'L\'ORÉAL.FALL REPAIR','6946537047450',3,23,3.0000,4.0000,1.00,2.00,'Tou Cosmetic',NULL,NULL,'Shampoo.350ml',0,NULL,NULL),(1296,'PANTENE.70ml','4902430413176',3,23,0.6250,0.8750,4.00,2.00,'Tou Cosmetic',NULL,NULL,'Shampoo.hair fall control',0,NULL,NULL),(1297,'Floré.shower cream','8850002021792',3,23,1.5000,2.0000,1.00,2.00,'Tou Cosmetic',NULL,NULL,'Shower Cream.220ml',0,NULL,NULL),(1298,'Floré Shower cream','8850002021839',3,23,1.5000,2.0000,3.00,2.00,'Tou Cosmetic',NULL,NULL,'Shower cream.220ml',0,NULL,NULL),(1299,'REVLON.Milk Bath','4893419006956',3,23,4.0000,5.0000,1.00,2.00,'Tou Cosmetic',NULL,NULL,'Milk Bath.700ml',0,NULL,NULL),(1300,'Shokubutsu.body foam','8888300810701',3,23,1.7500,2.1250,1.00,2.00,'Tou Cosmetic',NULL,NULL,'Body Foam.250ml',0,NULL,NULL),(1301,'Shokubutsu.body foam','8888300810749',3,23,5.8000,6.5000,3.00,2.00,'Tou Cosmetic',NULL,NULL,'Body Foam.950ml',0,NULL,NULL),(1302,'Shokubutsu.body foam','8888300810725',3,23,5.8000,6.5000,2.00,2.00,'Tou Cosmetic',NULL,NULL,'Body Foam.950ml',0,NULL,NULL),(1303,'LUX.Magical Spell','8851932232968',3,23,3.5000,4.2500,2.00,2.00,'Tou Cosmetic',NULL,NULL,'Body Wash.550ml',0,NULL,NULL),(1304,'LUX.whitening','8851932232951',3,23,3.5000,4.2500,1.00,2.00,'Tou Cosmetic',NULL,NULL,'Body Wash.550ml',0,NULL,NULL),(1305,'LUX.Soft Touch','8851932232944',3,23,3.5000,4.2500,1.00,2.00,'Tou Cosmetic',NULL,NULL,'Body Wash.550ml',0,NULL,NULL),(1306,'LUX.White impress','8851932213219',3,23,1.4200,1.8750,1.00,2.00,'Tou Cosmetic',NULL,NULL,'Body Wash.200ml',0,NULL,NULL),(1307,'LUX.magical Spell','8851932188227',3,23,1.4200,1.8750,7.00,2.00,'Tou Cosmetic',NULL,NULL,'Body Wash.200ml',0,NULL,NULL),(1308,'Feira.White 3X','9555419000277',3,23,3.2500,4.0000,0.00,2.00,'Tou Cosmetic',NULL,NULL,'Shower Cream.1150ml',0,NULL,NULL),(1309,'Lovea.3X','9555206505107',3,23,1.1000,1.5000,1.00,2.00,'Tou Cosmetic',NULL,NULL,'Shower Cream.300ml',0,NULL,NULL),(1310,'NE TA TOP','8851427003646',3,23,1.0000,1.5000,3.00,2.00,'Tou Cosmetic',NULL,NULL,'body lotion',0,NULL,NULL),(1311,'Rongyu','6940220101078',12,23,0.1750,0.2500,8.00,3.00,'Tou Cosmetic',NULL,NULL,'Tooth brush',0,NULL,NULL),(1312,'Herbal.40g','8850348104012',3,23,0.3380,0.5000,2.00,3.00,'Tou Cosmetic',NULL,NULL,'Toothpaste 40g',0,NULL,NULL),(1313,'Colgate.Salt.40g','8850006322512',12,23,0.3000,0.3750,10.00,3.00,'Tou Cosmetic',NULL,NULL,'Toothpaste.40g',0,NULL,NULL),(1314,'KODOMO.BABY.40G','8850002015203',12,23,0.5000,0.8750,1.00,2.00,'Tou Cosmetic',NULL,NULL,'Baby toothpast',0,NULL,NULL),(1315,'KODOMO.BABY.40G','8850002008663',12,23,0.5000,0.8750,1.00,2.00,'Tou Cosmetic',NULL,NULL,'Baby toothpaste',0,NULL,NULL),(1316,'Twin Lotus.150g','8850348118019',12,23,1.1920,1.3750,0.00,2.00,'Tou Cosmetic',NULL,NULL,'Herbal Toothpaste',0,NULL,NULL),(1317,'DARLIE.225G','4891338007962',12,23,1.6000,1.8750,0.00,2.00,'Tou Cosmetic',NULL,NULL,'Toothpaste 225g',0,NULL,NULL),(1318,'Colgate.40g','8850006274019',12,23,0.2920,0.3750,3.00,3.00,'Tou Cosmetic',NULL,NULL,'Toothpaste.40g',0,NULL,NULL),(1319,'DARLIE.50G','8851228000240',12,23,0.2920,0.3750,3.00,3.00,'Tou Cosmetic',NULL,NULL,'Toothpaste.50g',0,NULL,NULL),(1320,'Colgate.160G','8850006272015',12,23,1.0340,1.2500,0.00,2.00,'Tou Cosmetic',NULL,NULL,'Toothpaste.160g',0,NULL,NULL),(1321,'Close Up.160g','8934839106270',12,23,1.0000,1.2500,5.00,2.00,'Tou Cosmetic',NULL,NULL,'Toothpaste.160g',0,NULL,NULL),(1322,'POND\'S Black.','4800888154941',12,23,0.2420,0.3000,14.00,3.00,'Tou Cosmetic',NULL,NULL,'Foam.10g',0,NULL,NULL),(1323,'POND\'S.White.10g',NULL,12,23,0.2420,0.3000,0.00,3.00,'Tou Cosmetic',NULL,NULL,'Foam.10g',0,NULL,NULL),(1324,'POND\'S .10G','4800888143891',12,23,0.2420,0.3000,10.00,3.00,'Tou Cosmetic',NULL,NULL,'Foam.10g',0,NULL,NULL),(1325,'POND\'S .10G','4800888958464',12,23,0.2420,0.3000,0.00,3.00,'Tou Cosmetic',NULL,NULL,'Foam.10g',0,NULL,NULL),(1326,'POND\'S .10G','4800888958471',12,23,0.2420,0.3000,0.00,3.00,'Tou Cosmetic',NULL,NULL,'Foam.10g',0,NULL,NULL),(1327,'Raiya.75g','9556714303421',12,23,1.0000,1.2500,0.00,2.00,'Tou Cosmetic',NULL,NULL,'Baby toothpaste',0,NULL,NULL),(1328,'Raiya.75g','9556714306422',12,23,1.0000,1.2500,-1.00,2.00,'Tou Cosmetic',NULL,NULL,'Baby toothpaste',0,NULL,NULL),(1329,'Raiya.75g','9556714305425',12,23,1.0000,1.2500,4.00,2.00,'Tou Cosmetic',NULL,NULL,'Baby toothpaste',0,NULL,NULL),(1330,'POND\'S.50G','8851932179652',3,23,1.4000,1.7500,1.00,2.00,'Tou Cosmetic',NULL,NULL,'Foam.50g',0,NULL,NULL),(1331,'POND\'S.100G','8851932179614',3,23,2.4000,3.0000,1.00,2.00,'Tou Cosmetic',NULL,NULL,'Foam.100g',0,NULL,NULL),(1332,'POND\'S.100G','8851932273435',3,23,2.4000,3.0000,1.00,2.00,'Tou Cosmetic',NULL,NULL,'FOAM.100G',0,NULL,NULL),(1333,'POND\'S.100G','8851932221542',3,23,2.4000,3.0000,4.00,2.00,'Tou Cosmetic',NULL,NULL,'FOAM.100G',0,NULL,NULL),(1334,'POND\'S .100G','8851932172264',3,23,3.0000,3.7500,2.00,2.00,'Tou Cosmetic',NULL,NULL,'FOAM.100G',0,NULL,NULL),(1335,'OLAY.100G','4902430377843',3,23,2.5000,3.0000,1.00,2.00,'Tou Cosmetic',NULL,NULL,'FOAM.100G',0,NULL,NULL),(1336,'OLAY.100G','4902430403931',3,23,2.5000,3.0000,1.00,2.00,'Tou Cosmetic',NULL,NULL,'FOAM.100G',0,NULL,NULL),(1337,'OLAY.100','4902430067522',3,23,2.5000,3.0000,1.00,2.00,'Tou Cosmetic',NULL,NULL,'FOAM.100G',0,NULL,NULL),(1338,'POND\'S.50G','8851932179591',3,23,1.4000,1.7500,2.00,2.00,'Tou Cosmetic',NULL,NULL,'FOAM.50G',0,NULL,NULL),(1339,'POND\'S .20G','8851932179577',3,23,0.5000,0.6250,11.00,2.00,'Tou Cosmetic',NULL,NULL,'FOAM.20G',0,NULL,NULL),(1340,'POND\'S .20G','8851932221566',3,23,0.5000,0.6250,10.00,2.00,'Tou Cosmetic',NULL,NULL,'FOAM.20G',0,NULL,NULL),(1341,'NIVEA.50G','4005808888351',3,23,1.3000,1.6250,0.00,2.00,'Tou Cosmetic',NULL,NULL,'FOAM.50G',0,NULL,NULL),(1342,'NIVEA.50G','8850029000602',3,23,1.3000,1.6250,1.00,2.00,'Tou Cosmetic',NULL,NULL,'FOAM.50G',0,NULL,NULL),(1343,'Vaseline.Men face.20g','8851932213691',3,23,0.5000,0.7500,7.00,3.00,'Tou Cosmetic',NULL,NULL,'FOAM.20G',0,NULL,NULL),(1344,'NIVEA.SACHET','8850029210117',3,23,0.3750,0.5000,5.00,NULL,'Tou Cosmetic',NULL,NULL,'FOAM+CREAM',0,NULL,NULL),(1345,'SMOOTH .E .FOAM','9300807032411',3,23,2.7500,3.2500,2.00,2.00,'Tou Cosmetic',NULL,NULL,'FOAM 1.2FL.OZ',0,NULL,NULL),(1346,'Vaseline.Men face.50g','8851932202428',3,23,1.6000,1.8750,2.00,2.00,'Tou Cosmetic',NULL,NULL,'FOAM.50G',0,NULL,NULL),(1347,'Shokubutsu.100g','8888300820038',3,23,1.8600,3.0000,1.00,2.00,'Tou Cosmetic',NULL,NULL,'Foam.100g',0,NULL,NULL),(1348,'Shokubutsu.100g','8888300820045',3,23,1.8600,3.0000,8.00,2.00,'Tou Cosmetic',NULL,NULL,'Foam 100g',0,NULL,NULL),(1349,'Shokubutsu.50g','8888300820106',3,23,1.2200,1.5000,0.00,2.00,'Tou Cosmetic',NULL,NULL,'Foam 50g',0,NULL,NULL),(1350,'Shokubutsu.50g','8888300820113',3,23,1.2200,1.5000,5.00,2.00,'Tou Cosmetic',NULL,NULL,'Foam.50g',0,NULL,NULL),(1351,'KODOMO.Baby powder.','8850002006638',3,23,1.5500,1.8750,2.00,2.00,'Tou Cosmetic',NULL,NULL,'Baby powder.450g',0,NULL,NULL),(1352,'KODOMO.Baby Powder','8850002006577',3,23,1.5500,1.8750,2.00,2.00,'Tou Cosmetic',NULL,NULL,'Baby powder.450g',0,NULL,NULL),(1353,'Babi mild.baby powder','8851123705813',3,23,1.4000,1.8750,4.00,2.00,'Tou Cosmetic',NULL,NULL,'BABY POWDER.450G',0,NULL,NULL),(1354,'Babi mild .baby powder','8851123341059',3,23,1.4000,1.8750,0.00,2.00,'Tou Cosmetic',NULL,NULL,'Baby powder.450g',0,NULL,NULL),(1355,'Babi mild.baby powder','8851123703505',3,23,1.4000,1.8750,4.00,2.00,'Tou Cosmetic',NULL,NULL,'Baby powder.450g',0,NULL,NULL),(1356,'Bhaesaj.powder','8850233210057',3,23,1.0100,1.3750,0.00,2.00,'Tou Cosmetic',NULL,NULL,'Cooling Powder.200g',0,NULL,NULL),(1357,'Bhaesaj.powder','8850233210071',3,23,0.2530,0.3750,14.00,2.00,'Tou Cosmetic',NULL,NULL,'Cooling powder.35g',0,NULL,NULL),(1358,'TABU.perfumed talc','8850195710015',3,23,2.7000,3.2500,0.00,1.00,'Tou Cosmetic',NULL,NULL,'Perfumed Talc',0,NULL,NULL),(1359,'KODOMO.Baby powder','8850002006553',3,23,0.7900,1.1250,0.00,2.00,'Tou Cosmetic',NULL,NULL,'Baby powder.200g',0,NULL,NULL),(1360,'KODOMO.Baby powder','8850002006614',3,23,0.7900,1.1250,0.00,2.00,'Tou Cosmetic',NULL,NULL,'Baby powder.200g',0,NULL,NULL),(1361,'Enchanteur.perfumed talc','8888202005076',3,23,2.8000,3.5000,0.00,2.00,'Tou Cosmetic',NULL,NULL,'Perfumed talc',0,NULL,NULL),(1362,'LOLANE.Hair Coat','8850460999497',3,23,2.0000,2.2500,2.00,2.00,'Tou Cosmetic',NULL,NULL,'Shiny hair Coat.30ml',0,NULL,NULL),(1363,'LOLANE.Hair Coat','8850460999480',3,23,3.2000,4.0000,4.00,2.00,'Tou Cosmetic',NULL,NULL,'Shiny hair coat.85ml',0,NULL,NULL),(1364,'PERFECT CARE','8846001011681',3,23,5.0000,6.0000,2.00,2.00,'Tou Cosmetic',NULL,NULL,'Hair dessing.8.3fl.oz',0,NULL,NULL),(1365,'NIVEA.roll on','42184706',3,23,1.0000,1.2500,6.00,2.00,'Tou Cosmetic',NULL,NULL,'Roll On.25ml',0,NULL,NULL),(1366,'NIVEA.roll on','42217459',3,23,1.0000,1.2500,5.00,2.00,'Tou Cosmetic',NULL,NULL,'Roll On.25ml',0,NULL,NULL),(1367,'NIVEA.roll on','8850029816579',3,23,1.0000,1.2500,-1.00,2.00,'Tou Cosmetic',NULL,NULL,'Roll On.25ml',0,NULL,NULL),(1368,'NIVEA.roll on','42131946',3,23,1.0000,1.2500,4.00,2.00,'Tou Cosmetic',NULL,NULL,'Roll on.25ml',0,NULL,NULL),(1369,'NIVEA.roll on','4005808643363',3,23,1.0000,1.2500,4.00,2.00,'Tou Cosmetic',NULL,NULL,'Roll on 25ml',0,NULL,NULL),(1370,'NIVEA.roll on','8850029816104',2,23,1.7500,2.1250,3.00,2.00,'Tou Cosmetic',NULL,NULL,'Roll on .50ml',0,NULL,NULL),(1371,'NIVEA.roll on','4005808606634',3,23,1.7500,2.1250,0.00,2.00,'Tou Cosmetic',NULL,NULL,'ROLL ON .50ML',0,NULL,NULL),(1372,'NIVEA.roll on','8850029816449',3,23,1.6000,2.0000,5.00,2.00,'Tou Cosmetic',NULL,NULL,'ROLL ON .50ML',0,NULL,NULL),(1373,'12 PLUS. ROLL ON','8851123383103',3,23,0.8400,1.1250,3.00,2.00,'Tou Cosmetic',NULL,NULL,'ROLL ON .25ML',0,NULL,'2014-01-01 21:11:45'),(1374,'12 PLUS. ROLL ON','8851123789004',3,23,0.8400,1.1250,3.00,2.00,'Tou Cosmetic',NULL,NULL,'ROLL ON .25ML',0,NULL,NULL),(1375,'TOP COUNTRY.ROLL ON','8855629000021',3,23,0.7400,1.0000,0.00,2.00,'Tou Cosmetic',NULL,NULL,'ROLL ON .60ML',0,NULL,NULL),(1376,'NIVEA. FOAM','8850029204697',3,23,2.3000,3.0000,5.00,2.00,'Tou Cosmetic',NULL,NULL,'FOAM.100G',0,NULL,NULL),(1377,'NIVEA.FOAM','8850029867243',3,23,2.5000,3.5000,2.00,2.00,'Tou Cosmetic',NULL,NULL,'FOAM.130G',0,NULL,NULL),(1380,'NIVEA.FOAM',NULL,3,23,2.3000,3.0000,0.00,2.00,'Tou Cosmetic',NULL,NULL,'FOAM .100G',0,NULL,NULL),(1382,'NIVEA.FOAM',NULL,3,23,2.3000,3.0000,0.00,2.00,'Tou Cosmetic',NULL,NULL,'FOAM.MEN.100G',0,NULL,NULL),(1383,'NIVEA.DRY ','42096276',3,23,2.8700,3.5000,3.00,2.00,'Tou Cosmetic',NULL,NULL,'DRY.anti-perspirant.40g',0,NULL,NULL),(1384,'NIVEA DRY MEN','42184720',3,23,2.8700,3.5000,1.00,2.00,'Tou Cosmetic',NULL,NULL,'DRY anti - perspirant.40g',0,NULL,NULL),(1385,'PERFECT CARE','4897029471234',3,23,2.7000,3.5000,1.00,2.00,'Tou Cosmetic',NULL,NULL,'Conditioning spray.260ml',0,NULL,NULL),(1386,'PERFECT CARE.SHAMPOO','8846001015115',3,23,2.0000,2.5000,0.00,NULL,'Tou Cosmetic',NULL,NULL,'SHAMPOO 248ML',0,NULL,NULL),(1387,'LOLANE.COLOUR HAIR','8850460997004',3,23,0.8400,1.1250,0.00,2.00,'Tou Cosmetic',NULL,NULL,'HAIR COLOUR',0,NULL,NULL),(1388,'GW-TOV.hair colour','6941300600092',3,23,0.3200,0.6250,2.00,2.00,'Tou Cosmetic',NULL,NULL,'Hair colour',0,NULL,NULL),(1389,'NIVEA.men foam','4005808888368',3,23,2.3000,3.0000,0.00,2.00,'Tou Cosmetic',NULL,NULL,'FOAM.100G',0,NULL,NULL),(1390,'NIVEA.SACHET','8850029205724',3,23,0.2000,0.2500,10.00,NULL,'Tou Cosmetic',NULL,NULL,'FOAM.6G',0,NULL,NULL),(1391,'TABU .TALC',NULL,3,23,0.7500,1.0000,0.00,NULL,'Tou Cosmetic',NULL,NULL,'PERFUM TALC.20G',0,NULL,NULL),(1392,'NE TA TOP.HAIR GEL',NULL,3,23,0.7000,1.0000,4.00,2.00,'Tou Cosmetic',NULL,NULL,'HAIR GEL.150G',0,NULL,NULL),(1393,'LOVILLEA.Gelly Cologne','8992222110136',3,23,0.8750,1.1250,0.00,2.00,'Tou Cosmetic',NULL,NULL,'Gelly Cologne.100ml',0,NULL,NULL),(1398,'DOVE.anti-perspirant',NULL,3,23,2.8000,3.5000,0.00,2.00,'Tou Cosmetic',NULL,NULL,'ANTI-PERSPIRANT.74G',0,NULL,NULL),(1399,'POND\'S .Magic Powder','8851932278393',3,23,0.0610,0.8750,5.00,2.00,'Tou Cosmetic',NULL,NULL,'powder .50g',0,NULL,NULL),(1400,'Bhaesaj.teen powder','8850233210279',3,23,0.3000,0.5000,3.00,2.00,'Tou Cosmetic',NULL,NULL,'powder.50g',0,NULL,NULL),(1401,'Colgate brush.baby','4808888200033',12,23,0.3750,0.5000,8.00,2.00,'Tou Cosmetic',NULL,NULL,'toothbrush.',0,NULL,NULL),(1402,'COLGATE. EXTRA CLEAN','8850006330937',12,23,1.0000,1.2500,6.00,2.00,'Tou Cosmetic',NULL,NULL,'Toothbrush+paste',0,NULL,NULL),(1403,'Victory Slima','8851938902216',12,23,0.5000,0.7500,14.00,2.00,'Tou Cosmetic',NULL,NULL,'toothbrush',0,NULL,NULL),(1405,'COLGATE.baby brush',NULL,12,23,0.3500,0.5000,0.00,2.00,'Tou Cosmetic',NULL,NULL,'baby toothbrush',0,NULL,NULL),(1406,'WG.NE TA TOP',NULL,3,23,0.1700,0.3000,10.00,2.00,'Tou Cosmetic',NULL,NULL,'Hair Gel.65g',0,NULL,NULL),(1407,'Rexona.mini stick','4800888142320',3,23,0.5000,0.6250,5.00,2.00,'Tou Cosmetic',NULL,NULL,'mini stick.8g',0,NULL,NULL),(1408,'GATSBY.sachet','8992222050197',3,23,0.0375,0.0500,9.00,NULL,'Tou Cosmetic',NULL,NULL,'Hair Gel.6g',0,NULL,NULL),(1409,'DÉGAZÉ GIRL.Sachet','8857079061010',3,23,0.2500,0.3000,23.00,NULL,'Tou Cosmetic',NULL,NULL,'Whitening Cream10g',0,NULL,NULL),(1410,'Floré. Soap','8850002019720',3,23,0.3840,0.4750,9.00,2.00,'Tou Cosmetic',NULL,NULL,'Herbal Soap.75g',0,NULL,NULL),(1411,'Classic White.soap','8993286421206',3,23,0.3700,0.6250,4.00,2.00,'Tou Cosmetic',NULL,NULL,'Whitening soap.85g',0,NULL,NULL),(1412,'NUAL ANONG.SOAP','8850703480027',3,23,0.9750,1.1250,0.00,2.00,'Tou Cosmetic',NULL,NULL,'Milk Soap100g',0,NULL,NULL),(1413,'Protex.soap','8850006901182',3,23,0.3500,0.4500,0.00,2.00,'Tou Cosmetic',NULL,NULL,'Soap.75g',0,NULL,NULL),(1414,'NUAL ANONG.SOAP','8850703110092',3,23,0.9750,1.1250,5.00,2.00,'Tou Cosmetic',NULL,NULL,'Herbal Soap.100g',0,NULL,NULL),(1415,'White speed.','8851144262043',3,23,1.0750,1.6250,5.00,2.00,'Tou Cosmetic',NULL,NULL,'Bleaching cream',0,NULL,NULL),(1416,'TABU .SOAP','8850195710046',3,23,1.5500,1.7500,5.00,2.00,'Tou Cosmetic',NULL,NULL,'Perfum soap.90g',0,NULL,NULL),(1417,'NUAL ANONG.SOAP','8850703900082',3,23,0.8200,1.1250,1.00,2.00,'Tou Cosmetic',NULL,NULL,'Herbal soap.100g',0,NULL,NULL),(1418,'TAMARIND.SOAP','8858709037191',3,23,0.3000,0.6250,8.00,2.00,'Tou Cosmetic',NULL,NULL,'TAMARIND .SOAP.120G',0,NULL,NULL),(1419,'NUAL ANONG.SOAP','8850703490019',3,23,0.8200,1.1250,0.00,NULL,'Tou Cosmetic',NULL,NULL,'ALOVERA SOAP.',0,NULL,NULL),(1420,'NUAL ANONG.SOAP','8850703490026',3,23,0.8200,1.1250,2.00,2.00,'Tou Cosmetic',NULL,NULL,'Honey Soap.80g',0,NULL,NULL),(1421,'ACTIMED.SOAP','8993042222825',3,23,0.3500,0.6250,15.00,2.00,'Tou Cosmetic',NULL,NULL,'Antiseptic soap.80g',0,NULL,NULL),(1422,'LUX.SOAP','8851932213141',3,23,0.3000,0.3750,0.00,2.00,'Tou Cosmetic',NULL,NULL,'SOAP.80G',0,NULL,NULL),(1423,'LUX .SOAP','8851932296502',3,23,0.3000,0.3750,3.00,2.00,'Tou Cosmetic',NULL,NULL,'SOAP.80G',0,NULL,NULL),(1424,'LUX.SOAP','8851932296540',3,23,0.3000,0.3750,5.00,2.00,'Tou Cosmetic',NULL,NULL,'SOAP.80G',0,NULL,NULL),(1425,'Ice Whitening soap',NULL,3,23,0.5000,0.7500,3.00,2.00,'Tou Cosmetic',NULL,NULL,'Whitening soap',0,NULL,NULL),(1426,'TABU.perfum','8410137054227',3,23,8.5000,11.0000,1.00,1.00,'Tou Cosmetic',NULL,NULL,'EAU DE PARFUM',0,NULL,NULL),(1427,'Rève d\'or .parfum','3369180695527',3,23,8.5000,11.0000,1.00,1.00,'Tou Cosmetic',NULL,NULL,'Eau de parfum.139ml',0,NULL,NULL),(1428,'Adidas.parfum','3607345397344',3,23,6.0000,7.0000,1.00,1.00,'Tou Cosmetic',NULL,NULL,'Eau de toilette.100ml',0,NULL,NULL),(1429,'Adidas. perfum','3607345397498',3,23,6.0000,7.0000,1.00,1.00,'Tou Cosmetic',NULL,NULL,'Eau de Toilette.100ml',0,NULL,NULL),(1430,'LATINO.For Men','8936029330069',3,23,1.5500,2.2500,2.00,2.00,'Tou Cosmetic',NULL,NULL,'Eau de Parfum',0,NULL,NULL),(1431,'Charlie.Eau de toilette','5000386147745',3,23,7.0000,8.0000,1.00,2.00,'Tou Cosmetic',NULL,NULL,'Eau de Toilette.100ml',0,NULL,NULL),(1432,'Cindy.eau de parfum','8934662102029',3,23,3.1000,4.0000,1.00,2.00,'Tou Cosmetic',NULL,NULL,'Eau de parfum.100ml',0,NULL,NULL),(1433,'Admiration.perfum','6928075663699',3,23,3.6000,5.0000,0.00,1.00,'Tou Cosmetic',NULL,NULL,'Eau de parfum.100ml',0,NULL,NULL),(1434,'Admiration.perfum','6928075663682',3,23,3.6000,5.0000,1.00,1.00,'Tou Cosmetic',NULL,NULL,'Eau de parfum.100ml',0,NULL,NULL),(1435,'AXE.Body spray.50ml','4800888163837',3,23,1.8000,2.2500,4.00,2.00,'Tou Cosmetic',NULL,NULL,'Deodorant body spray',0,NULL,NULL),(1436,'Familiar.100ml','8935020001015',3,23,0.7500,0.8750,3.00,2.00,'Tou Cosmetic',NULL,NULL,'perfum body spray',0,NULL,NULL),(1439,'Familia.perfum',NULL,3,23,0.7500,0.8750,0.00,2.00,'Tou Cosmetic',NULL,NULL,'perfum body spray',0,NULL,NULL),(1440,'DÉGAZÉ GIRL.cologne','8857079034564',3,23,1.8750,2.1250,0.00,2.00,'Tou Cosmetic',NULL,NULL,'Eau de cologne.80ml',0,NULL,NULL),(1441,'12 PLUS.Cologne spray','8851123382113',3,23,1.6400,2.1250,3.00,2.00,'Tou Cosmetic',NULL,NULL,'Eau de cologne.120ml',0,NULL,'2014-01-01 21:11:45'),(1442,'AXE.Body spray','8851932241687',3,23,2.0000,2.5000,1.00,2.00,'Tou Cosmetic',NULL,NULL,'BODY SPRAY.50ML',0,NULL,NULL),(1443,'PARIS.parfum.22ml','8853709000084',3,23,0.7500,1.0000,3.00,2.00,'Tou Cosmetic',NULL,NULL,'Eau de parfum.22ml',0,NULL,NULL),(1444,'Cong Cord. perfum',NULL,3,23,1.2500,1.5000,0.00,2.00,'Tou Cosmetic',NULL,NULL,'Perfum.',0,NULL,NULL),(1445,'August .Eau de toilette','8853955005253',3,23,0.5000,0.6250,2.00,2.00,'Tou Cosmetic',NULL,NULL,'Eau de toilette',0,NULL,NULL),(1446,'SKY BLUE.eau de toilette','8853955005376',3,23,0.5000,0.6250,2.00,2.00,'Tou Cosmetic',NULL,NULL,'Eau de toilette.15ml',0,NULL,NULL),(1447,'Starry.eau de toilette','8853955005345',3,23,0.5000,0.6250,1.00,2.00,'Tou Cosmetic',NULL,NULL,'Eau de toilette.15ml',0,NULL,NULL),(1448,'Glint.eau de toilettw','8853955005307',3,23,0.5000,0.6250,1.00,2.00,'Tou Cosmetic',NULL,NULL,'Eau de toilette',0,NULL,NULL),(1449,'Acnes. gel.9g','8935006100107',3,23,1.4000,2.0000,5.00,2.00,'Tou Cosmetic',NULL,NULL,'Acnes sealing gel',0,NULL,NULL),(1450,'POND\'S. NIGHT CREAM','8851932171427',3,23,5.7000,7.0000,1.00,1.00,'Tou Cosmetic',NULL,NULL,'Brightening night cream',0,NULL,NULL),(1451,'PICASO.powder','8602101150855',3,23,0.6000,0.8750,4.00,2.00,'Tou Cosmetic',NULL,NULL,'Pressed Powder 13g',0,NULL,NULL),(1452,'ZENDORI .POWDER','8853204102054',3,23,1.5000,1.7500,3.00,1.00,'Tou Cosmetic',NULL,NULL,'Powder',0,NULL,NULL),(1453,'Kezoral.cream.15g','9557046001887',10,19,1.6000,2.0000,26.00,2.00,'K',NULL,NULL,'Antifungal cream.15g',0,NULL,NULL),(1454,'NIVEA.SACHET.MEN','8850029211633',3,23,0.2500,0.3250,12.00,2.00,'Tou Cosmetic',NULL,NULL,'Extra whitening12g',0,NULL,NULL),(1455,'NIVEA.SACHET.men','8850029206424',3,23,0.2500,0.3250,0.00,2.00,'Tou Cosmetic',NULL,NULL,'Whitening cream12g',0,NULL,NULL),(1456,'POND\'S .sachet.8g','8851932214278',3,23,0.2500,0.3750,17.00,2.00,'Tou Cosmetic',NULL,NULL,'Lightening day cream',0,NULL,NULL),(1457,'OLAY.total effects 7 in 1','4902430360111',3,23,9.2000,10.0000,4.00,2.00,'Tou Cosmetic',NULL,NULL,'Day Cream.50g',0,NULL,NULL),(1458,'OLAY.total effect 7in 1','4902430360906',3,23,4.1000,5.0000,8.00,2.00,'Tou Cosmetic',NULL,NULL,'Day Cream.20g',0,NULL,NULL),(1459,'Vaseline.Men face.8g','8851932269346',3,23,0.3000,0.3750,0.00,2.00,'Tou Cosmetic',NULL,NULL,'Antispot whitening',0,NULL,NULL),(1460,'nafurgo','6935051405280',3,23,0.1750,0.2500,19.00,2.00,'Tou Cosmetic',NULL,NULL,'Fine toiletry.12g',0,NULL,NULL),(1461,'OLAY.sachet.7.5g','4902430408417',3,23,0.3000,0.3750,0.00,2.00,'Tou Cosmetic',NULL,NULL,'Faireness cream',0,NULL,NULL),(1462,'OLAY. sachet.10g','4902430999168',3,23,0.2100,0.3250,1.00,2.00,'Tou Cosmetic',NULL,NULL,'total white.10g',0,NULL,NULL),(1463,'POND\'S .20g','8999999717506',3,23,2.0000,2.2500,1.00,1.00,'Tou Cosmetic',NULL,NULL,'Day cream.20g',0,NULL,NULL),(1464,'A BONNÉ.Bath Salt.350g','8857087000148',3,23,0.7600,1.2500,1.00,1.00,'Tou Cosmetic',NULL,NULL,'Spa milk salt',0,NULL,NULL),(1465,'POND\'S .BB Cream','8999999031879',3,23,5.0000,6.0000,2.00,1.00,'Tou Cosmetic',NULL,NULL,'BB CREAM.25G',0,NULL,NULL),(1466,'Sanaxone-1000','8906011510021',13,19,0.7500,1.0000,24.00,2.00,'Medicine inj',NULL,NULL,'Ceftriaxone 1g',0,NULL,NULL),(1467,'SPA.Mineral bath salt','8855492000234',3,23,0.5000,0.7500,1.00,1.00,'Tou Cosmetic',NULL,NULL,'Bath Salt.',0,NULL,NULL),(1468,'ORIKO. Hair Tonik',NULL,3,23,0.2530,0.3750,21.00,2.00,'Tou Cosmetic',NULL,NULL,'Hair Tonik.',0,NULL,NULL),(1469,'POP. Hair Tonik','8853318000840',3,23,0.2500,0.3750,1.00,1.00,'Tou Cosmetic',NULL,NULL,'Hair Tonik',0,NULL,NULL),(1470,'mena .melasma cream','8850233999136',3,23,0.2410,0.3250,45.00,5.00,'Tou Cosmetic',NULL,NULL,'Acne melasma cream',0,NULL,NULL),(1471,'Herbal Lightening cream',NULL,3,23,0.6250,0.7500,5.00,2.00,'Tou Cosmetic',NULL,NULL,'Herbal lightening cream',0,NULL,NULL),(1472,'BL .Cream','6922748503015',3,23,0.3300,0.4250,47.00,3.00,'Tou Cosmetic',NULL,NULL,'BL CREAM',0,NULL,NULL),(1473,'White new',NULL,3,23,0.3000,0.5000,10.00,2.00,'Tou Cosmetic',NULL,NULL,'whitening cream',0,NULL,NULL),(1474,'BATHMILK .20G',NULL,3,23,0.5000,0.6250,11.00,2.00,'Tou Cosmetic',NULL,NULL,'Bath milk.20g',0,NULL,NULL),(1475,'BIC.chrome platinum','070330701502',12,23,0.0600,0.0900,15.00,5.00,'Tou Cosmetic',NULL,NULL,'Double edge blades',0,NULL,NULL),(1476,'HANMIAO. Facial Mask','6936547289520',3,23,0.2500,0.3650,14.00,5.00,'Tou Cosmetic',NULL,NULL,'Facial Mask',0,NULL,NULL),(1477,'Scacare. Cream.7g','8850255001633',3,23,1.3000,1.7500,4.00,2.00,'Tou Cosmetic',NULL,NULL,'Treatment cream.7g',0,NULL,NULL),(1478,'Scacare .cream 15g','8850255001657',3,23,1.8000,2.5000,11.00,2.00,'Tou Cosmetic',NULL,NULL,'Treatment cream.15g',0,NULL,NULL),(1479,'Vaseline.Men face.20g','8851932269353',3,23,2.4000,3.0000,2.00,2.00,'Tou Cosmetic',NULL,NULL,'Antispot whitening cream',0,NULL,NULL),(1480,'OLAY.30ML','4902430046046',3,23,2.1000,3.0000,0.00,2.00,'Tou Cosmetic',NULL,NULL,'UV whitening lotion',0,NULL,NULL),(1481,'502 adhésive glue','8935065000202',12,23,0.1500,0.2500,6.00,3.00,'Tou Cosmetic',NULL,NULL,'Adhesive glue',0,NULL,NULL),(1482,'Shieldtox. mosquitoes kills','8850360091048',12,23,2.1250,2.3750,5.00,2.00,'Tou Cosmetic',NULL,NULL,'Flying insect killer',0,NULL,NULL),(1483,'Shieldtox','8850360091154',12,23,2.1250,2.3750,6.00,2.00,'Tou Cosmetic',NULL,NULL,'Multi insect killer',0,NULL,NULL),(1484,'Raid .600ml','8850175060727',12,23,2.5000,2.7500,1.00,2.00,'Tou Cosmetic',NULL,NULL,'Multi insect killer',0,NULL,NULL),(1485,'POP.20g','8853318000796',3,23,0.7100,0.8750,28.00,3.00,'Tou Cosmetic',NULL,NULL,'Facial cream.20g',0,NULL,NULL),(1486,'POP. 4g','8853318000833',3,23,0.2420,0.3250,19.00,3.00,'Tou Cosmetic',NULL,NULL,'Facial Cream.4g',0,NULL,NULL),(1487,'ENJOY.pearl cream','1889999111015',3,23,0.2500,0.3250,32.00,3.00,'Tou Cosmetic',NULL,NULL,'Pearl Cream.4g',0,NULL,NULL),(1488,'ENJOY.pearl cream','1889999111022',3,23,0.2500,0.3250,35.00,3.00,'Tou Cosmetic',NULL,NULL,'Pearl Cream 4g',0,NULL,NULL),(1489,'C Young.cream.4g',NULL,3,23,0.2410,0.3250,13.00,3.00,'Tou Cosmetic',NULL,NULL,'Melasma cream.4g',0,NULL,NULL),(1490,'Raid .Anti-mosquitose coil','8850175065227',12,23,0.3750,0.5000,19.00,3.00,'Tou Cosmetic',NULL,NULL,'Anti mosquitose coil',0,NULL,NULL),(1491,'Chinese Cream','6923662600170',3,23,640.0000,0.8750,5.00,2.00,'Tou Cosmetic',NULL,NULL,'MELASMA CREAM',0,NULL,NULL),(1492,'win world.cream','8854541000195',3,23,0.1970,0.2500,25.00,3.00,'Tou Cosmetic',NULL,NULL,'Facial cream',0,NULL,NULL),(1493,'ARCHE .cream.','8850252030049',3,23,0.3000,0.3750,12.00,3.00,'Tou Cosmetic',NULL,NULL,'Pearl cream.',0,NULL,NULL),(1494,'ZALE. cream','8851356000266',3,23,0.2500,0.3250,59.00,3.00,'Tou Cosmetic',NULL,NULL,'Facial cream',0,NULL,NULL),(1495,'Thanh Hien .cream',NULL,3,23,0.0910,0.1500,86.00,3.00,'Tou Cosmetic',NULL,NULL,'Msao chou.VN',0,NULL,NULL),(1496,'Mamy poko pants.M','8851111418077',12,21,4.5000,5.5000,7.00,2.00,'Tou Cosmetic',NULL,NULL,'Pants Type.20.M',0,NULL,NULL),(1497,'Mamy poko Pants.L','8851111419081',12,21,4.5000,5.5000,7.00,2.00,'Tou Cosmetic',NULL,NULL,'Pants Type.L.16',0,NULL,NULL),(1498,'NANFOMYCIN.250','8848012900466',5,7,0.4000,0.5000,30.00,24.00,'TOU MUK',NULL,NULL,'Chloramphénicol 250mg',0,NULL,NULL),(1499,'D5-1/2D Thai','8851473003317',15,2,1.0600,1.3750,0.00,5.00,'under',NULL,NULL,'',0,NULL,NULL),(1500,'Cabo.thai.',NULL,5,22,0.0081,0.0175,161.00,100.00,'TOU MUK',NULL,NULL,'Bicobon.',0,NULL,NULL),(1501,'Contac.thai',NULL,5,22,0.0075,0.0175,128.00,100.00,'TOU MUK',NULL,NULL,'CHLORDON.4MG',0,NULL,NULL),(1502,'ORACORTIA. sachet','8851473002983',6,22,1.1250,1.3750,0.00,5.00,'Crème',NULL,NULL,'Triamcinolone 0.1%',0,NULL,NULL),(1503,'BROMHEXINE.8MG','8848004002048',5,26,0.7500,1.0000,7.00,2.00,'TOU MUK',NULL,NULL,'Bromhexine 8mg',0,NULL,NULL),(1504,'Montiget.4mg',NULL,5,2,0.1700,0.2500,14.00,14.00,'M',NULL,NULL,'montelukast sodium',0,NULL,NULL),(1505,'Furosemide CPE.','8848005010011',5,28,0.0140,0.0250,300.00,20.00,'TOU MUK',NULL,NULL,'Furosemide 40mg',0,NULL,NULL),(1506,'TETANUS ANTITOXIN','6953295500028',13,22,0.4000,0.6250,35.00,5.00,'TOU MUK',NULL,NULL,'Antitoxin 1500.UI/AMP',0,NULL,NULL),(1507,'Ketoconazol .STADA','8936007001073',5,22,0.1000,0.1250,150.00,20.00,'K',NULL,NULL,'Ketoconazol.200mg',0,NULL,NULL),(1508,'Kezora .200mg',NULL,5,19,0.0165,0.1000,290.00,20.00,'K',NULL,NULL,'ketoconazole 200mg',0,NULL,NULL),(1509,'OK plus.condom',NULL,23,2,0.2500,0.3750,15.00,5.00,'TOU KROY',NULL,NULL,'Condom',0,NULL,NULL),(1510,'OK Condom',NULL,23,3,0.2000,0.2500,0.00,5.00,'TOU KROY',NULL,NULL,'Condom',0,NULL,NULL),(1511,'BEARANTEL.125',NULL,5,19,0.1000,0.1250,131.00,20.00,'TOU MUK',NULL,NULL,'Pyrantel 125mg',0,NULL,NULL),(1512,'Mentopas ',NULL,24,22,0.3000,0.3750,5.00,5.00,'TOU MUK',NULL,NULL,'Menthol plaster',0,NULL,NULL),(1513,'HCG STRIP',NULL,26,2,0.0800,0.2500,79.00,20.00,'TOU MUK',NULL,NULL,'Pregnancy test',0,NULL,NULL),(1514,'floré.whitening','8850002018464',3,23,1.7500,2.0000,3.00,2.00,'Tou Cosmetic',NULL,NULL,'shower cream.220',0,NULL,NULL),(1515,'KODOMO Lotion','8850002019614',3,23,3.0000,3.5000,11.00,2.00,'Tou Cosmetic',NULL,NULL,'baby lotion 200ml',0,NULL,NULL),(1516,'Mayfair cool cream','8850723717905',3,23,3.5000,5.0000,4.00,2.00,'Tou Cosmetic',NULL,NULL,'anti cellulite cream ',0,NULL,NULL),(1517,'VIP good color','6918101062459',3,23,0.5000,0.6250,0.00,2.00,'Tou Cosmetic',NULL,NULL,'hair color',0,NULL,NULL),(1518,'Pond`s Magic powder','8851932111805',3,23,0.5000,0.8750,2.00,2.00,'Tou Cosmetic',NULL,NULL,'powder\r\n',0,NULL,NULL),(1519,'Nivea Extra 48h','4005808837472',3,23,1.7500,2.0000,0.00,2.00,'Tou Cosmetic',NULL,NULL,'Nivea roll on',0,NULL,NULL),(1520,'B.B Cream.KOREA','6922840589719',3,23,2.0000,4.0000,4.00,2.00,'Tou Cosmetic',NULL,NULL,'B.B Cream.60ml',0,NULL,NULL),(1521,'Smooth É.Foam.2.fl.oz','9300807032428',3,23,4.0000,4.5000,1.00,2.00,'Tou Cosmetic',NULL,NULL,'Facial Foam',0,NULL,NULL),(1522,'Shokubutsu.men','8888300820212',3,23,2.5000,3.0000,1.00,1.00,'Tou Cosmetic',NULL,NULL,'Facial faom.100g',0,NULL,NULL),(1523,'POND\'S. CLEAR SOLUTION','4800888143631',3,23,0.2500,0.3000,18.00,5.00,'Tou Cosmetic',NULL,NULL,'',0,NULL,NULL),(1524,'POND\'S .WHITE BEAUTY',NULL,3,23,0.2500,0.3000,5.00,3.00,'Tou Cosmetic',NULL,NULL,'',0,NULL,NULL),(1525,'POND\'S OIL CONTROL','4800888143730',3,23,0.2500,0.3000,25.00,5.00,'Tou Cosmetic',NULL,NULL,'',0,NULL,NULL),(1526,'COME BABY',NULL,3,23,0.2500,0.3750,1.00,NULL,'Tou Cosmetic',NULL,NULL,'',0,NULL,NULL),(1527,'Vaseline.Men face.8g','8851932269339',3,23,0.3000,0.3750,23.00,2.00,'Tou Cosmetic',NULL,NULL,'ANTISPOT WHITENING',0,NULL,NULL),(1528,'OLAY Natural white','4902430408097',3,23,0.3000,0.3750,17.00,2.00,'Tou Cosmetic',NULL,NULL,'',0,NULL,NULL),(1529,'Long lord perfume',NULL,3,23,1.1200,1.5000,1.00,1.00,'Tou Cosmetic',NULL,NULL,'',0,NULL,NULL),(1530,'Dove bankok','8851932227445',3,23,4.0000,6.0000,1.00,2.00,'TOU KROY',NULL,NULL,'hair therapy',0,NULL,NULL),(1531,'FITNÉ. herbal Infusion','8850369010095',3,23,2.6400,3.2500,1.00,2.00,'Tou Cosmetic',NULL,NULL,'',0,NULL,NULL),(1532,'NIVEA for man.Bangkok','4005808888399',3,23,8.0000,10.0000,1.00,2.00,'Tou Cosmetic',NULL,NULL,'Nivea for man extra whitening',0,NULL,NULL),(1533,'CITRA+LUX','8851932305143',3,23,2.5000,3.0000,2.00,2.00,'Tou Cosmetic',NULL,NULL,'',0,NULL,NULL),(1534,'Polka cream','8850822140307',3,23,4.0000,4.5000,0.00,1.00,'Tou Cosmetic',NULL,NULL,'for healthy heel',0,NULL,NULL),(1535,'Missly body cream','8854661000105',3,23,4.5000,6.0000,6.00,2.00,'Tou Cosmetic',NULL,NULL,'Mix fruit body cream scrub',0,NULL,NULL),(1536,'ADPORE',NULL,3,23,6.0000,7.0000,7.00,2.00,'Tou Cosmetic',NULL,NULL,'BODY LOTION\r\n',0,NULL,NULL),(1537,'NIVEA UV WHITE Bangkok',NULL,3,23,6.5000,8.0000,1.00,2.00,'Tou Cosmetic',NULL,NULL,'UV Whitening+serum',0,NULL,NULL),(1538,'POND\'S FLAWLESS BK','8851932171403',3,23,13.0000,15.0000,1.00,NULL,'Tou Cosmetic',NULL,NULL,'',0,NULL,NULL),(1539,'vO5 SERIES SHAMPOO','816559011332',3,23,3.5000,5.0000,2.00,2.00,'Tou Cosmetic',NULL,NULL,'',0,NULL,NULL),(1540,'VO5','816559011158',3,23,4.0000,5.0000,3.00,NULL,'Tou Cosmetic',NULL,NULL,'VO5 SPLIT ENDS',0,NULL,NULL),(1541,'Victoia\'s Secret.pretty','667532700848',3,29,7.5000,10.0000,1.00,2.00,'Tou Cosmetic',NULL,NULL,'body mist.250ml',0,NULL,NULL),(1542,'Select spa.pear blossom','077443508080',3,29,4.0000,6.0000,1.00,2.00,'Tou Cosmetic',NULL,NULL,'body splash.236ml',0,NULL,NULL),(1543,'Johnson\'s body wash','3574660326901',3,29,8.0000,10.0000,2.00,2.00,'Tou Cosmetic',NULL,NULL,'sensation gel.1000ml',0,NULL,NULL),(1544,'Johnson\'s body care','3574660326864',3,29,8.0000,10.0000,0.00,2.00,'Tou Cosmetic',NULL,NULL,'Delicate.1000ml',0,NULL,NULL),(1545,'Hello Darling.','667530212275',3,29,2.5000,4.0000,1.00,2.00,'Tou Cosmetic',NULL,NULL,'body lotion.60ml',0,NULL,NULL),(1546,'Tresemmé.anti-quiebre','022400651644',3,29,8.0000,10.0000,1.00,2.00,'Tou Cosmetic',NULL,NULL,'shampoo.946ml',0,NULL,NULL),(1547,'Tresemmé.purify & replenish','022400641003',3,29,8.0000,10.0000,1.00,2.00,'Tou Cosmetic',NULL,NULL,'Shampoo.946ml',0,NULL,NULL),(1548,'Tresemmé.color revitalize','022400641126',3,29,8.0000,10.0000,1.00,2.00,'Tou Cosmetic',NULL,NULL,'Shampoo.946ml',0,NULL,NULL),(1549,'Hiruscar.post acné','8851743001241',10,3,4.5000,5.8000,10.00,2.00,'Crème',NULL,NULL,'Gel for acné.5g',0,NULL,NULL),(1550,'Ampicilline 1g','3692581478728',13,3,0.1800,0.3250,30.00,5.00,'Medicine inj',NULL,NULL,'Ampicilline 1g',0,NULL,NULL),(1551,'Tummy Rub','5060102600169',3,29,8.0000,10.0000,0.00,1.00,'Tou Cosmetic',NULL,NULL,'stretch marks.',0,NULL,NULL),(1552,'Arginotri-B','3006345',5,2,0.2000,0.2500,68.00,12.00,'A',NULL,NULL,'Arginine.thiamine.pyridoxine',0,NULL,NULL),(1553,'AZITH500','8904054611521',5,2,0.4100,0.5500,20.00,10.00,'A',NULL,NULL,'Azithromycine.500mg',0,NULL,NULL),(1554,'Alphachymoral','8848005000036',5,13,0.0500,0.0625,30.00,20.00,'A',NULL,NULL,'Alphachymotrypsine 4.2mg',0,NULL,NULL),(1555,'AMPILIN.250MG(Lyka)',NULL,5,2,0.0185,0.0350,52.00,20.00,'A',NULL,NULL,'AMPICILLIN.250.LYKA',0,NULL,NULL),(1556,'AMOXILLINE.500.Glenmark','8904091121946',5,2,0.0400,0.0500,10.00,20.00,'A',NULL,NULL,'AMOXILLINE.500MG',0,NULL,NULL),(1557,'EPHAC.500','8848004002031',5,26,0.0300,0.0375,60.00,30.00,'A',NULL,NULL,'ASPIRIN.500MG',0,NULL,NULL),(1558,'LERGY.4','8848003003749',5,24,0.0150,0.0185,185.00,50.00,'A',NULL,NULL,'CHLORPHENIRAMINE.4MG',0,NULL,NULL),(1559,'ALLERGYL.Syrup','8846000180012',7,13,0.5000,0.8750,10.00,5.00,'A',NULL,NULL,'prométhazine.syrup',0,NULL,NULL),(1560,'MOXICLAV.1G','5290931004344',5,3,0.8600,1.1250,1.00,7.00,'A',NULL,NULL,'Amoxiclav.1g',0,NULL,NULL),(1561,'ANALGIQUE CPE','8848005000067',5,28,0.0250,0.0325,647.00,30.00,'A',NULL,NULL,'Métamizole.500mg',0,NULL,NULL),(1562,'Bactrim.480mg(Roche)','4300106900030600',5,3,0.2000,0.2500,47.00,20.00,'B',NULL,NULL,'Sulfaméthoxazol+tri.480',0,NULL,NULL),(1563,'ALCOBUSE',NULL,5,22,0.3000,0.3750,53.00,20.00,'A',NULL,NULL,'DISULFIRAM.500MG',0,NULL,NULL),(1564,'BIOFIX.200MG',NULL,5,2,0.3000,0.3750,7.00,20.00,'B',NULL,NULL,'Cefixim.200mg',0,NULL,NULL),(1565,'Bétadin Gynéco.',NULL,28,13,2.5000,3.0000,1.00,1.00,'B',NULL,NULL,'Solution vaginale',0,NULL,NULL),(1566,'BRO-DEXTRO.Syrup',NULL,7,7,0.8000,1.0000,0.00,1.00,'B',NULL,NULL,'bromhexin+dextro',0,NULL,NULL),(1567,'CORAMIN(F)',NULL,14,2,0.4500,0.5000,13.00,8.00,'C',NULL,NULL,'Nicéthamide.0.125g',0,NULL,NULL),(1568,'BISLAN.','9557892102837',5,2,0.0200,0.0250,50.00,20.00,'B',NULL,NULL,'Bromhexine 8mg',0,NULL,NULL),(1569,'DOXYCYCLINE(F)',NULL,5,2,0.0625,0.0875,240.00,20.00,'D',NULL,NULL,'DOXYCYCLINE.100MG',0,NULL,NULL),(1570,'PREGNACARE PLUS','5021265221523',5,3,20.0000,21.5000,2.00,1.00,'P',NULL,NULL,'PREGNANCY FEEDING',0,NULL,NULL),(1571,'OSPEN 1000',NULL,5,3,0.0550,0.0875,303.00,100.00,'O',NULL,NULL,'OSPEN SANDOZ',0,NULL,NULL),(1572,'MEDIXON 4mg',NULL,5,3,0.0320,0.1000,98.00,20.00,'M',NULL,NULL,'METHYLPREDNISOLONE',0,NULL,NULL),(1573,'PARA-MS 500mg',NULL,5,3,0.0750,0.1250,52.00,100.00,'P',NULL,NULL,'',0,NULL,NULL),(1574,'KIM TIEN THAO','8935206004175',5,2,3.0000,3.7500,2.00,2.00,'K',NULL,NULL,'VN',0,NULL,NULL),(1575,'Doliprane100Sachet','3499833',6,3,0.1250,0.2000,7.00,24.00,'D',NULL,NULL,'',0,NULL,NULL),(1576,'CHLOR OPH','8854927000832',17,2,1.0000,1.1250,5.00,3.00,'C',NULL,NULL,'',0,NULL,NULL),(1577,'E Animate','6933268300268',5,2,0.0060,0.0175,214.00,90.00,'E',NULL,NULL,'facial oil',0,NULL,NULL),(1578,'Promethazine CPE',NULL,7,2,0.7500,0.8750,3.00,3.00,'P',NULL,NULL,'',0,NULL,NULL),(1579,'LEON',NULL,5,2,0.6250,0.8750,10.00,10.00,'L',NULL,NULL,'Levofloxacin 500mg',0,NULL,NULL),(1580,'Glosim-ZO','8906007260503',5,2,0.2500,0.3750,40.00,10.00,'G',NULL,NULL,'Simvastatin',0,NULL,NULL),(1581,'Lutenyl',NULL,5,2,0.3750,0.5000,6.00,1.00,'L',NULL,NULL,'',0,NULL,NULL),(1582,'DIARYL 200mg','8846000180364',5,13,0.0500,0.0625,257.00,10.00,'d',NULL,NULL,'PPM',0,NULL,NULL),(1583,'Medi Tears','MEDITEA202',17,10,1.5000,1.7500,7.00,2.00,'M',NULL,NULL,'',0,NULL,NULL),(1584,'DANEURON',NULL,5,2,0.0500,0.0625,50.00,10.00,'D',NULL,NULL,'VITAMIN B1B6B12',0,NULL,NULL),(1585,'Secondax Fort 1gm',NULL,5,2,2.0000,3.0000,1.00,1.00,'S',NULL,NULL,'secnidazole',0,NULL,NULL),(1586,'MIRALGINE MS',NULL,5,24,0.1250,0.2000,125.00,12.00,'M',NULL,NULL,'',0,NULL,NULL),(1587,'NEOTICA BALM 60g','8851473000156',10,20,2.0000,2.2500,9.00,3.00,'N',NULL,NULL,'',0,NULL,NULL),(1588,'Flgentyl.500mg','3582910013709',5,3,4.0000,5.0000,1.00,1.00,'F',NULL,NULL,'Secnidazole',0,NULL,NULL),(1589,'Flagyl.250mg(F+VN)',NULL,5,2,0.1720,0.4500,15.00,20.00,'F',NULL,NULL,'Métronidazole.250',0,NULL,NULL),(1590,'Tobradex.collyre',NULL,17,15,2.5000,3.2500,3.00,3.00,'T',NULL,NULL,'tobramycine+dexa',0,NULL,NULL),(1591,'Uvimag B6.Buvable',NULL,7,3,0.3350,0.4500,26.00,20.00,'U',NULL,NULL,'oral solution',0,NULL,NULL),(1592,'Util 40mg',NULL,5,2,0.4500,0.6250,20.00,20.00,'U',NULL,NULL,'Esomeprazole.40mg',0,NULL,NULL),(1593,'Zinnat.500mg',NULL,5,15,1.2500,1.5000,0.00,10.00,'Z',NULL,NULL,'Cefuroxime',0,NULL,NULL),(1594,'Vifex.syrup',NULL,7,2,1.0000,1.2500,4.00,2.00,'v',NULL,NULL,'Bronchodilatateur',0,NULL,NULL),(1595,'WOOD\'S PLUS.syrup','8992858589511',7,15,1.5000,1.8750,3.00,3.00,'W',NULL,NULL,'Plus antihistamine',0,NULL,NULL),(1596,'Ginsomin','8850769001563',5,15,0.1270,0.1550,150.00,20.00,'G',NULL,NULL,'Multivitamins',0,NULL,NULL),(1597,'oracortia.5g','8851473002990',10,20,1.1250,1.3750,0.00,2.00,'Crème',NULL,NULL,'Triamcinolone.0.1%',0,NULL,NULL),(1598,'Gastropin.100c',NULL,5,2,0.5000,0.8750,5.00,2.00,'G',NULL,NULL,'Anti acide',0,NULL,NULL),(1600,'Triamcinolone(Flamingo)',NULL,5,19,0.0250,0.0375,50.00,20.00,'T',NULL,NULL,'Triamcinolone.4mg',0,NULL,NULL),(1601,'SAFI-CREAM.10G',NULL,10,2,1.0000,1.2500,5.00,2.00,'Crème',NULL,NULL,'Triam+Eco+Genta',0,NULL,NULL),(1602,'Vicéphagine forte','8848004002895',5,26,0.0750,0.1200,98.00,20.00,'V',NULL,NULL,'Vicé.EPHAC',0,NULL,NULL),(1603,'Lexomil.(F)',NULL,5,3,0.2600,0.3750,189.00,30.00,'L',NULL,NULL,'Bromazepam 6mg',0,NULL,NULL),(1604,'TRIAMCINOLONE(PPM)','8846000181705',5,13,0.0375,0.0500,155.00,20.00,'T',NULL,NULL,'TRIAMCINOLONE.4MG',0,NULL,NULL),(1605,'M.16','8855011000059',28,20,0.5000,0.6250,4.00,2.00,'M',NULL,NULL,'For toothache',0,NULL,NULL),(1606,'DISPAN.INJ','DISCOPN23',13,10,0.3000,0.3500,27.00,5.00,'Medicine inj',NULL,NULL,'N-BUTYL HYOSCINE',0,NULL,NULL),(1607,'Gentamicine.Fl',NULL,13,9,0.1000,0.1500,25.00,10.00,'Medicine inj',NULL,NULL,'Genta.flacon',0,NULL,NULL),(1608,'Beprosone.cream','9556258921594',10,3,1.8000,2.0000,7.00,2.00,'Crème',NULL,NULL,'cream',0,NULL,NULL),(1609,'Beprosone.ointment','9556258921600',10,2,1.8000,2.0000,5.00,2.00,'Crème',NULL,NULL,'Ointment',0,NULL,NULL),(1610,'Beprosalic.ointment','9556258920184',10,2,2.0000,2.2500,8.00,2.00,'Crème',NULL,NULL,'ointment.15g',0,NULL,NULL),(1611,'Dermagen.cream.',NULL,10,2,0.8000,1.0000,2.00,2.00,'Crème',NULL,NULL,'Cream.10g',0,NULL,NULL),(1612,'TIFFY(Syrus)','8851473000071',7,20,0.5000,0.7500,75.00,12.00,'T',NULL,NULL,'',0,NULL,NULL),(1613,'NEO-CODION(Syrus)Adult',NULL,7,2,3.0000,3.7000,1.00,2.00,'N',NULL,NULL,'Neo-codion Syrup adult',0,NULL,NULL),(1614,'NIPRO(25GX1)',NULL,35,2,0.0200,0.0375,189.00,20.00,'under',NULL,NULL,'',0,NULL,NULL),(1615,'NIPRO(18GX1)',NULL,35,2,0.0200,0.0375,34.00,20.00,'under',NULL,NULL,'',0,NULL,NULL),(1616,'NIPRO(21GX1)',NULL,35,2,0.0200,0.3750,418.00,20.00,'under',NULL,NULL,'',0,NULL,NULL),(1617,'NIPRO(24GX1)',NULL,35,2,0.0200,0.0375,198.00,20.00,'under',NULL,NULL,'',0,NULL,NULL),(1618,'NIPRO(18GX1.1/2)',NULL,35,2,0.0200,0.3750,10.00,20.00,'under',NULL,NULL,'',0,NULL,NULL),(1619,'Vitamine D3',NULL,13,2,1.9500,2.5000,5.00,2.00,'',NULL,NULL,'D3  200000ui/ml',0,NULL,NULL),(1620,'Nirlife water Inj',NULL,13,2,0.0750,0.1250,64.00,10.00,'',NULL,NULL,'water for inj\r\n',0,NULL,NULL),(1621,'Paramol Inj',NULL,13,20,0.0750,0.1250,17.00,2.00,'',NULL,NULL,'Paramol Inj thai',0,NULL,NULL),(1622,'Vitamine D3.B.O.N','4311321300021500',13,3,2.0000,2.5000,1.00,1.00,'Medicine inj',NULL,NULL,'Cholécalciférol.1ML',0,NULL,NULL),(1623,'Calcium corvite.2000',NULL,29,3,0.1580,0.2250,77.00,24.00,'C',NULL,NULL,'Calcium buvable',0,NULL,NULL),(1624,'Clovir-cream.10g',NULL,10,3,1.2000,1.3750,1.00,2.00,'Crème',NULL,NULL,'Anti-viral cream',0,NULL,NULL),(1625,'Declovir.cream.5g','9556258921860',10,2,1.4250,1.6250,4.00,2.00,'Crème',NULL,NULL,'Anti-viral cream',0,NULL,NULL),(1626,'MET-SIL.INJ','8853533000373',13,20,0.2000,0.2500,6.00,5.00,'Medicine inj',NULL,NULL,'metoclopramide.10mg',0,NULL,NULL),(1627,'ALCOOL BENZYLIQUE.3%.(F)',NULL,13,10,0.3000,0.3750,2.00,5.00,'Medicine inj',NULL,NULL,'EAU DISTILLÉ',0,NULL,NULL),(1628,'SURGICAL BLADES',NULL,12,2,0.0750,0.1250,82.00,5.00,'',NULL,NULL,'STERILE R ',0,NULL,NULL),(1629,'ALPHA CHYMOTRIPSIN(Inj)',NULL,13,13,0.8750,1.1250,4.00,5.00,'',NULL,NULL,'ALPHA INJ',0,NULL,NULL),(1630,'VASOFIX BRAUNULE',NULL,12,NULL,0.2500,0.3750,6.00,NULL,'',NULL,NULL,'CATHETER',0,NULL,NULL),(1631,'NAN-TAVIC','8848012901159',5,7,0.0500,0.0625,151.00,20.00,'N',NULL,NULL,'PARA+DEXTRO\r\n',0,NULL,NULL),(1632,'AMLOPIN 5mg','8903238500330',5,2,0.0340,0.0650,260.00,30.00,'',NULL,NULL,'',0,NULL,NULL),(1633,'CIMETIDINE(ZPC)',NULL,5,2,0.0250,0.0375,59.00,20.00,'C',NULL,NULL,'400MG',0,NULL,NULL),(1634,'ORS',NULL,19,NULL,0.0750,0.1250,99.00,5.00,'BACK',NULL,NULL,'',0,NULL,NULL),(1635,'FLAVOSPAS','8901611400833',5,2,0.1000,0.1250,39.00,NULL,'',NULL,NULL,'',0,NULL,NULL),(1636,'SIOMIN',NULL,5,2,0.2500,0.3750,0.00,10.00,'',NULL,NULL,'',0,NULL,NULL),(1637,'B.D.FANGAN 500mg',NULL,5,2,0.2500,0.3750,205.00,NULL,'',NULL,NULL,'',0,NULL,NULL),(1638,'Salbutamol 2mg',NULL,5,2,0.0150,0.0250,235.00,10.00,'FRONT',NULL,NULL,'salbutamol',0,NULL,NULL),(1639,'Dafalgan(syrup)','3400935197023',7,3,2.4000,3.0000,17.00,2.00,'back',NULL,NULL,'Paracetamol 3g',0,NULL,NULL),(1640,'Diamond lady(ok)',NULL,5,2,0.2500,0.4500,0.00,30.00,'Box',NULL,NULL,'ok 21pcs',0,NULL,NULL),(1641,'ZENTEL',NULL,5,2,0.6300,0.8750,14.00,4.00,'Box',NULL,NULL,'Albendazole 200mg',0,NULL,NULL),(1642,'Tiger head plaster','6909717000447',24,2,0.4000,0.5000,26.00,5.00,'TOU MUK',NULL,NULL,'plaster.kao eak',0,NULL,NULL),(1643,'Red pepper.(kao eak)','6909717000423',24,20,0.4000,0.5000,23.00,5.00,'TOU MUK',NULL,NULL,'Kao eak',0,NULL,NULL),(1644,'TAKAHI HOT','8993338000304',24,9,0.5500,0.7500,6.00,3.00,'TOU MUK',NULL,NULL,'Medicated plaster',0,NULL,NULL),(1645,'LAXING','8998777140093',5,20,0.2500,0.3750,10.00,5.00,'L',NULL,NULL,'Relief of contipation',0,NULL,NULL),(1646,'T.R.P(Sambokmom)',NULL,5,22,0.0200,0.0250,76.00,20.00,'TOU MUK',NULL,NULL,'Acetylsalicylic acid 325mg',0,NULL,NULL),(1647,'MIXAGRIP','20318857',5,22,0.1080,0.2000,13.00,5.00,'TOU MUK',NULL,NULL,'COLD CAPLET',0,NULL,NULL),(1648,'NITROPIN(Flying crocodile)',NULL,5,22,0.0200,0.0250,130.00,20.00,'TOU MUK',NULL,NULL,'flying crocodile',0,NULL,NULL),(1649,' Detazofol(VN)',NULL,5,2,0.2500,0.3800,6.00,20.00,'Ta1',NULL,NULL,'COLD CAPLET',0,NULL,'2014-01-03 13:26:02'),(1650,'Glucosamine.1500mg','096619249374',5,29,0.1000,0.1500,185.00,20.00,'TOU KROY',NULL,NULL,'glucosamine.1500mg',0,NULL,NULL),(1651,'Para. 500mg(F)Winthrop',NULL,5,2,0.0200,0.0250,699.00,50.00,'TOU MUK',NULL,NULL,'Para.500mg.10c',0,NULL,NULL),(1652,'Vitamin A(thai).25000iu',NULL,5,2,0.0250,0.0375,162.00,20.00,'TOU KROY',NULL,NULL,'vit.A.25000',0,NULL,NULL),(1653,'Direxiod','8934638067017',5,3,0.0500,0.0750,81.00,20.00,'D',NULL,NULL,'(F +VN)',0,NULL,NULL),(1654,'Dextrose 10%','DEXTROSE 10%.MALAYSIA',15,3,1.0000,1.1250,3.00,5.00,'TOU KROY',NULL,NULL,'D10%.MALAYSIA',0,NULL,NULL),(1655,'Dextrose 10%(Thai)',NULL,15,22,1.3000,1.5000,27.00,5.00,'TOU KROY',NULL,NULL,'D10%.Thai',0,NULL,NULL),(1656,'5% Dextrose 0.5L(Philippine) ',NULL,15,22,1.0000,1.1250,21.00,5.00,'TOU KROY',NULL,NULL,'D5%.Philippine 0.5L',0,NULL,NULL),(1657,'GLUCOSE INFUSION 5%','6905127114026',15,2,0.5100,0.8750,38.00,32.00,'BACK',NULL,NULL,'D 5% CHINA',0,NULL,NULL),(1658,'HMC BANDAGE7.5X4.5M',NULL,12,NULL,0.0500,0.1250,12.00,2.00,'',NULL,NULL,'7.5CMX4.5M',0,NULL,NULL),(1659,'CREPE BANDAGE',NULL,12,NULL,0.5000,0.6250,1.00,1.00,'',NULL,NULL,'8CMX4CM',0,NULL,NULL),(1660,'GAUZE BANDAGE7.5X10',NULL,12,2,0.0200,0.1250,121.00,3.00,'',NULL,NULL,'',0,NULL,NULL),(1661,'BAND THUN120X6CM',NULL,12,2,0.2000,0.2500,10.00,5.00,'',NULL,NULL,'',0,NULL,NULL),(1662,'BANG THUN120X10CM',NULL,12,2,0.2500,0.3750,3.00,3.00,'',NULL,NULL,'',0,NULL,NULL),(1663,'QM ELASTIC BANDA 6in',NULL,12,2,1.0000,1.3750,9.00,2.00,'',NULL,NULL,'',0,NULL,NULL),(1664,'HMC BANDAGE7.5X5YARD',NULL,12,NULL,0.0500,0.1250,0.00,2.00,'',NULL,NULL,'COTTON\r\n',0,NULL,NULL),(1665,'WIMMER COTON 500G',NULL,12,2,2.5000,3.0000,2.00,1.00,'',NULL,NULL,'',0,NULL,NULL),(1666,'ALTECO 110',NULL,12,23,0.2000,0.2500,9.00,2.00,'',NULL,NULL,'SUPER GLUE',0,NULL,NULL),(1667,'POVIDONE-IODINE',NULL,12,2,2.0000,2.5000,1.00,1.00,'',NULL,NULL,'',0,NULL,NULL),(1668,'QM ELASTIC BANDA 4in',NULL,NULL,NULL,1.0000,1.1250,5.00,NULL,'',NULL,NULL,'',0,NULL,NULL),(1669,'MEDTHROCIN125 mg','8852746130013',19,25,1.0000,1.2500,1.00,20.00,'',NULL,NULL,'ERYTHROMYCIN\r\n',0,NULL,NULL),(1670,'METFORMINE TEVA','4361612100025800',NULL,NULL,0.0750,0.1000,59.00,NULL,'',NULL,NULL,'',0,NULL,NULL),(1671,'ceftriaxone china',NULL,12,2,0.5750,0.6750,8.00,2.00,'',NULL,NULL,'',0,NULL,NULL),(1672,'ALTECO 110','8888299758183',12,23,0.2000,0.2500,9.00,2.00,'Tou Cosmetic',NULL,NULL,'SUPER GLUE',0,NULL,NULL),(1673,'LIPSTICK','6922946000552',12,NULL,0.4000,0.5000,7.00,2.00,'Tou Cosmetic',NULL,NULL,'LIPSTICK',0,NULL,NULL),(1676,'MEDTHROCIN.60ML',NULL,19,25,1.0000,1.1250,11.00,2.00,'Medicine inj',NULL,NULL,'ERYTHROMYCIN',0,NULL,NULL),(1677,'UTOCILLIN POWDER','8852746210012',19,20,0.7500,0.8750,17.00,3.00,'Medicine inj',NULL,NULL,'AMPICILLIN 125MG',0,NULL,NULL),(1678,'Pai Yog.25g',NULL,31,25,1.0000,1.2500,14.00,2.00,'TOU MUK',NULL,NULL,'balm.25g',0,NULL,NULL),(1679,'SUN AAA 1.5V',NULL,12,23,0.1000,0.1250,20.00,8.00,'TOU MUK',NULL,NULL,'Battery smalles',0,NULL,NULL),(1680,'DP BATTERY',NULL,12,23,0.3000,0.3750,8.00,5.00,'TOU MUK',NULL,NULL,'BATTERY',0,NULL,NULL),(1681,'HYGIENELIFE','6926973060152',12,8,0.8000,1.0000,16.00,5.00,'Tou Cosmetic',NULL,NULL,'Disposable paper',0,NULL,NULL),(1682,'URGO Transparent','8851401002030',24,22,0.0250,0.0500,181.00,20.00,'TOU MUK',NULL,NULL,'transparent band',0,NULL,NULL),(1683,'POVADINE 10ML','8852914201422',28,22,0.5000,0.6250,6.00,5.00,'TOU KROY',NULL,NULL,'POVIDINE 10ML',0,NULL,NULL),(1684,'Cough Drops',NULL,14,29,0.5000,0.7500,38.00,10.00,'TOU MUK',NULL,NULL,'pastille',0,NULL,NULL),(1685,'SOFT CLEAN.cotton buds',NULL,12,NULL,0.5000,0.6250,11.00,2.00,'',NULL,NULL,'cotton buds',0,NULL,NULL),(1686,'Khun Luang (Inhaler)','8851473008176',25,22,0.5000,0.7500,6.00,5.00,'TOU MUK',NULL,NULL,'Inhaler',0,NULL,NULL),(1687,'biolactyl(sachet)','8934700060342',6,22,0.2500,0.3750,6.00,5.00,'B',NULL,NULL,'lyophilsé',0,NULL,NULL),(1688,'nibiol 100mg',NULL,5,2,0.1500,0.1750,9.00,20.00,'N',NULL,NULL,'nitroxoline',0,NULL,NULL),(1689,'NifeHEXAL retard',NULL,5,2,0.0500,0.0750,44.00,20.00,'N',NULL,NULL,'',0,NULL,NULL),(1690,'Polacanmin 6mg',NULL,5,2,0.0375,0.0500,20.00,20.00,'P',NULL,NULL,'dexchlorpheniramine',0,NULL,NULL),(1691,'mustela bébé','3504108011601',2,29,5.0000,6.0000,2.00,1.00,'Tou Cosmetic',NULL,NULL,'physiobébé',0,NULL,NULL),(1692,'ANB infusion set',NULL,12,22,0.2000,0.2500,25.00,10.00,'TOU MUK',NULL,NULL,'trousse sérum',0,NULL,NULL),(1693,'MUON THUO',NULL,3,23,0.1000,0.1500,33.00,5.00,'Tou Cosmetic',NULL,NULL,'MASAO CHU',0,NULL,NULL),(1694,'ADORE SHOWER CREAM',NULL,3,23,4.0000,5.0000,11.00,1.00,'Tou Cosmetic',NULL,NULL,'',0,NULL,NULL),(1695,'KEAM BOUY','kEAM bOUY ',12,NULL,0.2000,0.2500,27.00,10.00,'FRONT',NULL,NULL,'',0,NULL,NULL),(1696,'MILKITA CANDY','mILKITA cANDY',12,NULL,0.0875,0.1250,253.00,10.00,'',NULL,NULL,'',0,NULL,NULL),(1697,'DOUBLEMINT',NULL,12,NULL,0.1125,0.1750,38.00,10.00,'',NULL,NULL,'CHEWING GUM',0,NULL,NULL),(1698,'COOL AIR','8936045080221',12,NULL,0.2420,0.2500,23.00,5.00,'',NULL,NULL,'mentol',0,NULL,NULL),(1699,'MENTOS XYLI ICE','8935001720690',12,NULL,0.2000,0.2500,79.00,1.00,'',NULL,NULL,'',0,NULL,NULL),(1700,'MENTOS AIR','8935001711063',12,NULL,0.0200,0.0250,46.00,20.00,'',NULL,NULL,'AIR ACTION',0,NULL,NULL),(1701,'REVLON NEW COMPLEXION','309972154156',3,23,0.2500,0.3000,11.00,2.00,'Tou Cosmetic',NULL,NULL,'WHITENING FOAMING CLEANSER',0,NULL,NULL),(1702,'THUOC DO 1%','tHNAM KOHORM',10,2,0.0750,0.1250,13.00,5.00,'',NULL,NULL,'',0,NULL,NULL),(1704,'TYLENOL','7896212409457',7,2,1.6500,2.0000,4.00,1.00,'Top',NULL,NULL,'TYLENOL 160mg/5ml',0,NULL,NULL),(1705,'ADORÉ WHITENING BODY',NULL,2,8,4.5000,7.0000,10.00,2.00,'Tou Cosmetic',NULL,NULL,'BODY LOTION',0,NULL,NULL),(1706,'BAND VN 2500',NULL,24,2,0.5000,0.6250,4.00,5.00,'TOU KROY',NULL,NULL,'BAND ADHÉSIVE',0,NULL,NULL),(1707,'BAND VN 700',NULL,24,NULL,0.1000,0.1750,49.00,10.00,'TOU KROY',NULL,NULL,'BAND VN',0,NULL,NULL),(1708,'HENG TANGLIM',NULL,2,2,0.1970,0.2500,6.00,5.00,'Tou Cosmetic',NULL,NULL,'MILK CREAM',0,NULL,NULL),(1709,'COTTON 3500','COTTON',20,21,0.7500,0.8750,8.00,5.00,'TOU KROY',NULL,NULL,'COTTON 100G',0,NULL,NULL),(1710,'COTTON 2500',NULL,20,21,0.5000,0.6250,17.00,5.00,'TOU KROY',NULL,NULL,'COTTON 50G',0,NULL,NULL),(1711,'SPASFON INJ',NULL,13,3,0.8000,0.8750,6.00,5.00,'Medicine inj',NULL,NULL,'MEDICINE INJ',0,NULL,NULL),(1712,'THNAM LEAP CHOMM 5$',NULL,2,8,4.0000,5.0000,10.00,5.00,'Tou Cosmetic',NULL,NULL,'THNAM CHOMM',0,NULL,NULL),(1713,'THNAM CHOMM 3$',NULL,2,8,2.5000,3.0000,9.00,5.00,'Tou Cosmetic',NULL,NULL,'THNAM CHOMM',0,NULL,NULL),(1715,'SYRINGE 5cc',NULL,12,3,0.0150,0.0500,527.00,100.00,'TOU KROY',NULL,NULL,'SYRINGE 5CC',0,NULL,NULL),(1716,'SYRINGE 3cc',NULL,12,2,0.0150,0.0500,138.00,100.00,'TOU KROY',NULL,NULL,'SYRINGE 3ML',0,NULL,NULL),(1717,'SYRINGE 1cc',NULL,12,2,0.0375,0.0500,203.00,100.00,'TOU KROY',NULL,NULL,'SYRINGE 1ML',0,NULL,NULL),(1718,'SYRINGE 20cc',NULL,12,3,0.2000,0.2500,61.00,20.00,'TOU KROY',NULL,NULL,'SYRINGE 20ML',0,NULL,NULL),(1719,'SYRINGE 50cc',NULL,12,3,0.3000,0.3750,6.00,5.00,'TOU KROY',NULL,NULL,'SYRINGE 50ML',0,NULL,NULL),(1720,'PATAR ENEMA (TOUCH)',NULL,12,22,0.1250,0.1500,55.00,20.00,'TOU KROY',NULL,NULL,'LAXATIVE',0,NULL,NULL),(1721,'PATAR ENEMA(THOM)',NULL,12,22,0.1500,0.2000,51.00,20.00,'TOU KROY',NULL,NULL,'LAXATIVE',0,NULL,NULL),(1724,'HERO SILK TAPE',NULL,24,20,0.8400,1.0000,15.00,5.00,'TOU KROY',NULL,NULL,'BAND',0,NULL,NULL),(1727,'THNAM KOHORM',NULL,12,3,0.0630,0.1250,33.00,10.00,'TOU KROY',NULL,NULL,'MERCUROCHROM',0,NULL,NULL),(1728,'BABY KING','094606105320',12,29,0.5000,1.0000,45.00,5.00,'Tou Cosmetic',NULL,NULL,'BABY DIAPERS',0,NULL,NULL),(1729,'THNAM CHRANG',NULL,12,3,0.0630,0.1250,9.00,5.00,'TOU KROY',NULL,NULL,'ANTISEPTIQUE',0,NULL,NULL),(1730,'AVEENO BABY','381371158997',2,29,15.0000,20.0000,1.00,1.00,'Tou Cosmetic',NULL,NULL,'BABY LOTION+SHAMPOO',0,NULL,NULL),(1731,'HHC BAND 4000','6953395501031',24,5,0.6400,1.0000,6.00,2.00,'TOU KROY',NULL,NULL,'BAND USA',0,NULL,NULL),(1732,'ZAP GOODBYE','5060102600220',2,29,5.0000,10.0000,0.00,1.00,'Tou Cosmetic',NULL,NULL,'MAMA MIO 100ML',0,NULL,NULL),(1733,'ZAP SHRINK TO FIT','5060102600237',2,29,5.0000,10.0000,0.00,1.00,'Tou Cosmetic',NULL,NULL,'MAMA MIO 100ML',0,NULL,NULL),(1734,'kERT MUN',NULL,3,8,1.5000,2.0000,17.00,5.00,'Tou Cosmetic',NULL,NULL,'ACNE MEDICINE',0,NULL,NULL),(1735,'FUROSEMIDE(THAI)','8850678234212',5,20,0.0300,0.0375,88.00,20.00,'TOU MUK',NULL,NULL,'FUROSEMIDE 40MG',0,NULL,NULL),(1742,'MYMOL(THAI)100C','8851467011045',5,20,0.5000,0.8750,6.00,200.00,'TOU MUK',NULL,NULL,'PARACETAMOL 500MG',0,NULL,NULL),(1743,'PROMET-400','8855459000741',5,2,0.0300,0.0375,816.00,200.00,'TOU MUK',NULL,NULL,'CIMETIDINE 400MG',0,NULL,NULL),(1744,'ACETAMINOPHEN(KIRKLAND)','096619939015',5,29,0.0400,0.0500,202.00,20.00,'TOU MUK',NULL,NULL,'PARACETAMOL 500MG',0,NULL,NULL),(1745,'THELMIN 125','lthe01',5,11,0.1150,0.1250,285.00,20.00,'TOU MUK',NULL,NULL,'PYRENTEL 125MG',0,NULL,NULL),(1746,'PARADAU 325MG',NULL,5,2,0.0250,0.0500,135.00,50.00,'TOU MUK',NULL,NULL,'PARACETAMOL 325',0,NULL,NULL),(1747,'CHLOPHENIRAMIN 4MG','8934700040436',5,2,0.0125,0.0250,49.00,50.00,'TOU MUK',NULL,NULL,'ALLERGY 4MG',0,NULL,NULL),(1748,'DUPLUS(STADEXMIN)',NULL,5,2,0.0110,0.1250,238.00,50.00,'TOU MUK',NULL,NULL,'STADEXMIN',0,NULL,NULL),(1749,'VITA-C(GRAPE)','8857121535490',5,20,0.0058,0.0100,500.00,200.00,'TOU MUK',NULL,NULL,'VITAMIN C 25MG',0,NULL,NULL),(1750,'VITA-C(PINEAPPLE)','8857121535506',5,20,0.0058,0.0100,1594.00,200.00,'TOU MUK',NULL,NULL,'VITAMIN C 25MG',0,NULL,NULL),(1751,'ASCORB','8855459003483',5,20,0.0058,0.0100,610.00,200.00,'TOU MUK',NULL,NULL,'VITAMIN C 25MG',0,NULL,NULL),(1752,'DIFLUCAN(FLUCONAZOLE)','60096777',5,2,0.3000,0.3750,55.00,20.00,'TOU MUK',NULL,NULL,'FLUCONAZOLE 200MG',0,NULL,NULL),(1753,'GENTRIDA(STADA)','8936007001523',10,12,0.4600,0.7500,2.00,2.00,'Crème',NULL,NULL,'CREAM',0,NULL,NULL),(1754,'ALLERGY ( C )4MG US',NULL,5,2,0.0200,0.0250,230.00,20.00,'TOU MUK',NULL,NULL,'ALLERGY 4MG(US)',0,NULL,NULL),(1755,'COOL\'SKIN GEL(RED)','9555034400278',12,13,0.5750,0.6250,7.00,20.00,'TOU MUK',NULL,NULL,'COOLING SHEET',0,NULL,NULL),(1756,'MENTOS MINT','8935001707165',12,3,0.2000,0.2500,20.00,5.00,'TOU MUK',NULL,NULL,'CANDY',0,NULL,NULL),(1757,'MENTOS FRUIT','8935001707172',12,20,0.2000,0.2500,14.00,5.00,'TOU MUK',NULL,NULL,'CANDY',0,NULL,NULL),(1758,'MENTOS GRAPE','8935001708391',12,20,0.2000,0.2500,1.00,5.00,'TOU MUK',NULL,NULL,'CANDY',0,NULL,NULL),(1759,'GOLIA (ACTIV PLUS)','8935001702528',12,20,0.2000,0.2500,16.00,5.00,'TOU MUK',NULL,NULL,'CANDY',0,NULL,NULL),(1760,'CELLCARD 1$',NULL,12,2,0.9000,1.0000,28.00,5.00,'TOU MUK',NULL,NULL,'PHONE CARD',0,NULL,NULL),(1761,'CELLCARD 2$',NULL,12,2,1.9500,2.0000,7.00,5.00,'TOU MUK',NULL,NULL,'PHONE CARD',0,NULL,NULL),(1762,'CELLCARD 5$',NULL,12,2,4.9000,5.0000,11.00,2.00,'TOU MUK',NULL,NULL,'PHONE CARD',0,NULL,NULL),(1763,'CELLCARD 10$',NULL,12,2,9.8000,10.0000,6.00,2.00,'TOU MUK',NULL,NULL,'PHONE DARD',0,NULL,NULL),(1764,'METFONE 1$',NULL,12,2,0.9500,1.0000,7.00,5.00,'TOU MUK',NULL,NULL,'PHONE CARD',0,NULL,NULL),(1765,'METFONE 2$',NULL,12,2,1.9500,2.0000,31.00,5.00,'TOU MUK',NULL,NULL,'PHONE CARD',0,NULL,NULL),(1766,'METFONE 5$',NULL,12,2,4.9000,5.0000,17.00,5.00,'TOU MUK',NULL,NULL,'PHONE CARD',0,NULL,NULL),(1767,'METFONE 10$',NULL,12,2,9.8000,10.0000,9.00,2.00,'TOU MUK',NULL,NULL,'PHONE CARD',0,NULL,NULL),(1768,'SMART+HELLO 1$',NULL,12,2,0.9500,1.0000,33.00,5.00,'TOU MUK',NULL,NULL,'PHONE CARD',0,NULL,NULL),(1769,'SMART+HELLO 2$',NULL,12,2,1.9500,2.0000,8.00,5.00,'TOU MUK',NULL,NULL,'PHONE CARD',0,NULL,NULL),(1770,'SMART+HELLO 5$',NULL,12,2,4.9500,5.0000,7.00,5.00,'TOU MUK',NULL,NULL,'PHONE CARD',0,NULL,NULL),(1771,'SMART+HELLO 10$',NULL,12,2,9.8000,10.0000,5.00,2.00,'TOU MUK',NULL,NULL,'PHONE CARD',0,NULL,NULL),(1772,'BEELINE 1$',NULL,12,2,0.9500,1.0000,24.00,5.00,'TOU MUK',NULL,NULL,'PHONE CARD',0,NULL,NULL),(1773,'BEELINE 2$',NULL,12,2,1.9500,2.0000,4.00,5.00,'TOU MUK',NULL,NULL,'PHONE CARD',0,NULL,NULL),(1774,'LIERAC PHYTOLASTIL',NULL,2,29,18.0000,20.0000,1.00,1.00,'Tou Cosmetic',NULL,NULL,'PREVENTION DES VERGETURE',0,NULL,NULL),(1775,'MAMA BEE','792850010314',2,29,18.0000,20.0000,1.00,1.00,'Tou Cosmetic',NULL,NULL,'BELLY BUTTER',0,NULL,NULL),(1776,'GLUCOSE 50%(THAI)','8854060000379',13,20,0.1200,0.1500,43.00,20.00,'Medicine inj',NULL,NULL,'GLUCOSE 50%',0,NULL,NULL),(1777,'LIP STICK(NYC)','074170252286',2,29,7.0000,8.0000,3.00,1.00,'Tou Cosmetic',NULL,NULL,'LIP STICK USA',0,NULL,NULL),(1778,'LIP STICK(NYC)','074170384451',2,29,7.0000,8.0000,2.00,1.00,'Tou Cosmetic',NULL,NULL,'LIP STICK USA',0,NULL,NULL),(1779,'LIP STICK(NYC)411','411',3,29,7.0000,8.0000,1.00,1.00,'Tou Cosmetic',NULL,NULL,'LIP STICK USA',0,NULL,NULL),(1780,'LIP STICK(NYC)','074170384529',3,29,7.0000,8.0000,1.00,1.00,'Tou Cosmetic',NULL,NULL,'LIP STICK USA',0,NULL,NULL),(1781,'LIP STICK(NYC)','074170252187',3,29,7.0000,8.0000,1.00,1.00,'Tou Cosmetic',NULL,NULL,'LIP STICK USA',0,NULL,NULL),(1782,'LIP STICK 6$ USA',NULL,3,29,5.0000,6.0000,5.00,1.00,'Tou Cosmetic',NULL,NULL,'LIP STICK USA',0,NULL,NULL),(1783,'COLORICON EYELINER','077802466334',3,29,5.0000,6.0000,2.00,1.00,'Tou Cosmetic',NULL,NULL,'EYELINER',0,NULL,NULL),(1784,'COLORICON EYELINER','077802016522',3,29,5.0000,6.0000,2.00,1.00,'Tou Cosmetic',NULL,NULL,'EYELINER',0,NULL,NULL);

UNLOCK TABLES;

/*Table structure for table `item_expire` */

DROP TABLE IF EXISTS `item_expire`;

CREATE TABLE `item_expire` (
  `id` int(11) NOT NULL AUTO_INCREMENT,
  `item_id` int(11) NOT NULL,
  `receiving_id` int(11) NOT NULL,
  `mfd_date` date DEFAULT NULL,
  `expire_date` date NOT NULL,
  `modified_date` datetime DEFAULT NULL,
  `employee_id` int(11) DEFAULT NULL,
  PRIMARY KEY (`id`,`item_id`,`receiving_id`),
  KEY `FK_item_expire_item_id` (`item_id`),
  KEY `FK_item_expire_emp_id` (`employee_id`),
  KEY `FK_item_expire_rcv_id` (`receiving_id`),
  CONSTRAINT `FK_item_expire_emp_id` FOREIGN KEY (`employee_id`) REFERENCES `employee` (`id`) ON DELETE CASCADE,
  CONSTRAINT `FK_item_expire_item_id` FOREIGN KEY (`item_id`) REFERENCES `item` (`id`) ON DELETE CASCADE,
  CONSTRAINT `FK_item_expire_rcv_id` FOREIGN KEY (`receiving_id`) REFERENCES `receiving` (`id`) ON DELETE CASCADE
) ENGINE=InnoDB AUTO_INCREMENT=1170 DEFAULT CHARSET=utf8;

/*Data for the table `item_expire` */

LOCK TABLES `item_expire` WRITE;

insert  into `item_expire`(`id`,`item_id`,`receiving_id`,`mfd_date`,`expire_date`,`modified_date`,`employee_id`) values (4,99,56,NULL,'2015-01-01','2013-11-08 15:43:44',37),(5,99,61,NULL,'2015-01-01','2013-11-11 10:04:12',37),(6,90,61,NULL,'2013-12-01','2013-11-11 10:04:12',37),(7,1193,63,NULL,'2015-01-01','2013-11-22 07:39:55',37),(8,89,138,NULL,'2015-02-01','2013-11-24 07:31:34',37),(9,92,138,NULL,'2014-09-03','2013-11-24 07:31:34',37),(10,91,138,NULL,'2013-09-02','2013-11-24 07:31:34',37),(11,90,138,NULL,'2015-01-01','2013-11-24 07:31:34',37),(12,1552,138,NULL,'2014-12-02','2013-11-24 07:31:34',37),(13,101,138,NULL,'2017-12-17','2013-11-24 07:31:34',37),(14,94,138,NULL,'2017-08-02','2013-11-24 07:31:34',37),(15,96,138,NULL,'2014-12-01','2013-11-24 07:31:34',37),(16,99,138,NULL,'2014-04-27','2013-11-24 07:31:34',37),(17,97,138,NULL,'2015-08-01','2013-11-24 07:31:34',37),(18,98,138,NULL,'2016-05-01','2013-11-24 07:31:34',37),(19,93,138,NULL,'2016-10-01','2013-11-24 07:31:34',37),(20,157,139,NULL,'2016-03-01','2013-11-24 07:33:34',37),(21,119,140,NULL,'2015-03-01','2013-11-24 07:47:49',37),(22,100,140,NULL,'2015-01-01','2013-11-24 07:47:49',37),(23,161,140,NULL,'2015-10-08','2013-11-24 07:47:49',37),(24,1553,140,NULL,'2015-08-01','2013-11-24 07:47:50',37),(25,167,140,NULL,'2015-07-28','2013-11-24 07:47:50',37),(26,123,141,NULL,'2015-07-28','2013-11-24 08:00:06',37),(27,155,141,NULL,'2016-02-01','2013-11-24 08:00:07',37),(28,159,141,NULL,'2014-10-01','2013-11-24 08:00:07',37),(29,1554,141,NULL,'2016-01-01','2013-11-24 08:00:07',37),(30,154,141,NULL,'2013-11-01','2013-11-24 08:00:07',37),(31,163,141,NULL,'2013-04-01','2013-11-24 08:00:07',37),(32,166,141,NULL,'2014-01-19','2013-11-24 08:00:07',37),(33,1042,142,NULL,'2015-09-01','2013-11-24 08:05:29',37),(34,108,142,NULL,'2016-09-01','2013-11-24 08:05:29',37),(35,107,142,NULL,'2015-09-01','2013-11-24 08:05:29',37),(36,1555,143,NULL,'2016-12-12','2013-11-24 08:22:09',37),(37,278,143,NULL,'2014-12-01','2013-11-24 08:22:09',37),(38,1556,143,NULL,'2015-06-01','2013-11-24 08:22:10',37),(39,102,143,NULL,'2014-07-01','2013-11-24 08:22:10',37),(40,1557,143,NULL,'2015-06-01','2013-11-24 08:22:10',37),(41,1558,143,NULL,'2016-01-01','2013-11-24 08:22:10',37),(42,104,144,NULL,'2016-01-22','2013-11-24 08:32:23',37),(43,112,144,NULL,'2014-09-01','2013-11-24 08:32:23',37),(44,110,144,NULL,'2015-11-01','2013-11-24 08:32:23',37),(45,111,144,NULL,'2016-05-01','2013-11-24 08:32:24',37),(46,113,144,NULL,'2016-01-01','2013-11-24 08:32:24',37),(47,131,144,NULL,'2015-11-21','2013-11-24 08:32:24',37),(48,1559,145,NULL,'2016-10-01','2013-11-24 08:51:46',37),(49,1560,145,NULL,'2014-11-01','2013-11-24 08:51:49',37),(50,1561,145,NULL,'2017-06-01','2013-11-24 08:51:49',37),(51,175,145,NULL,'2016-01-01','2013-11-24 08:51:49',37),(52,174,145,NULL,'2016-08-01','2013-11-24 08:51:49',37),(53,156,145,NULL,'2016-03-01','2013-11-24 08:51:49',37),(54,184,145,NULL,'2015-07-03','2013-11-24 08:51:50',37),(55,117,145,NULL,'2015-02-01','2013-11-24 08:51:50',37),(56,1562,146,NULL,'2017-12-01','2013-11-24 09:05:38',37),(57,194,146,NULL,'2014-06-01','2013-11-24 09:05:38',37),(58,192,146,NULL,'2014-08-01','2013-11-24 09:05:38',37),(59,190,146,NULL,'2016-05-01','2013-11-24 09:05:38',37),(60,118,146,NULL,'2015-10-01','2013-11-24 09:05:38',37),(61,193,146,NULL,'2015-12-01','2013-11-24 09:05:38',37),(62,115,146,NULL,'2015-07-01','2013-11-24 09:05:38',37),(63,180,146,NULL,'2014-04-01','2013-11-24 09:05:38',37),(64,199,146,NULL,'2015-02-01','2013-11-24 09:05:38',37),(65,225,146,NULL,'2014-11-14','2013-11-24 09:05:39',37),(66,182,146,NULL,'2015-12-01','2013-11-24 09:05:39',37),(67,173,146,NULL,'2014-08-01','2013-11-24 09:05:39',37),(68,1563,147,NULL,'2016-04-29','2013-11-24 09:17:03',37),(69,114,147,NULL,'2015-08-01','2013-11-24 09:17:03',37),(70,121,147,NULL,'2016-08-01','2013-11-24 09:17:03',37),(71,103,147,NULL,'2015-01-05','2013-11-24 09:17:03',37),(72,187,147,NULL,'2016-04-02','2013-11-24 09:17:03',37),(73,196,147,NULL,'2018-02-01','2013-11-24 09:17:03',37),(74,197,147,NULL,'2018-04-29','2013-11-24 09:17:03',37),(75,598,147,NULL,'2015-04-01','2013-11-24 09:17:03',37),(76,183,147,NULL,'2014-04-01','2013-11-24 09:17:04',37),(77,200,148,NULL,'2015-03-01','2013-11-24 09:21:41',37),(78,189,148,NULL,'2016-06-03','2013-11-24 09:21:41',37),(79,598,150,NULL,'2015-04-01','2013-11-24 09:28:58',37),(80,103,150,NULL,'2015-02-09','2013-11-24 09:28:58',37),(81,341,151,NULL,'2015-01-01','2013-11-24 09:35:03',37),(82,103,152,NULL,'2015-02-09','2013-11-24 09:39:47',37),(83,103,153,NULL,'2015-02-09','2013-11-24 09:45:10',37),(84,321,154,NULL,'2015-01-01','2013-11-24 09:53:22',37),(85,237,154,NULL,'2015-01-01','2013-11-24 09:53:22',37),(86,306,154,NULL,'2017-12-01','2013-11-24 09:53:23',37),(87,222,154,NULL,'2016-08-01','2013-11-24 09:53:23',37),(88,345,154,NULL,'2015-02-01','2013-11-24 09:53:23',37),(89,329,154,NULL,'2016-02-24','2013-11-24 09:53:23',37),(90,343,154,NULL,'2015-04-01','2013-11-24 09:53:23',37),(91,227,155,NULL,'2015-06-01','2013-11-24 10:01:01',37),(92,223,155,NULL,'2014-05-01','2013-11-24 10:01:01',37),(93,322,155,NULL,'2016-01-01','2013-11-24 10:01:01',37),(94,314,155,NULL,'2014-11-01','2013-11-24 10:01:01',37),(95,301,156,NULL,'2015-10-01','2013-11-24 10:07:23',37),(96,311,156,NULL,'2015-06-17','2013-11-24 10:07:23',37),(97,351,156,NULL,'2014-10-01','2013-11-24 10:07:24',37),(98,289,156,NULL,'2017-04-01','2013-11-24 10:07:24',37),(99,285,156,NULL,'2018-02-01','2013-11-24 10:07:24',37),(100,349,156,NULL,'2016-12-01','2013-11-24 10:07:24',37),(101,340,157,NULL,'2015-08-01','2013-11-24 10:14:29',37),(102,291,157,NULL,'2015-01-01','2013-11-24 10:14:29',37),(103,218,157,NULL,'2015-01-01','2013-11-24 10:14:29',37),(104,304,157,NULL,'2014-03-01','2013-11-24 10:14:29',37),(105,1564,158,NULL,'2014-01-01','2013-11-24 10:22:56',37),(106,235,158,NULL,'2015-04-01','2013-11-24 10:22:56',37),(107,456,158,NULL,'2016-04-21','2013-11-24 10:22:56',37),(108,284,158,NULL,'2015-12-01','2013-11-24 10:22:56',37),(109,338,159,NULL,'2014-08-01','2013-11-24 10:29:09',37),(110,330,159,NULL,'2014-09-01','2013-11-24 10:29:09',37),(111,242,159,NULL,'2016-09-01','2013-11-24 10:29:09',37),(112,231,159,NULL,'2016-01-01','2013-11-24 10:29:09',37),(113,347,159,NULL,'2013-12-07','2013-11-24 10:29:09',37),(114,346,159,NULL,'2015-05-01','2013-11-24 10:29:09',37),(115,295,159,NULL,'2018-04-01','2013-11-24 10:29:09',37),(116,352,159,NULL,'2015-05-01','2013-11-24 10:29:09',37),(117,248,160,NULL,'2015-02-01','2013-11-24 11:22:39',37),(118,258,160,NULL,'2014-10-01','2013-11-24 11:22:39',37),(119,198,160,NULL,'2016-05-27','2013-11-24 11:22:39',37),(120,334,160,NULL,'2015-07-01','2013-11-24 11:22:39',37),(121,244,160,NULL,'2014-11-01','2013-11-24 11:22:39',37),(122,307,161,NULL,'2017-09-10','2013-11-24 11:35:39',37),(123,283,161,NULL,'2014-05-01','2013-11-24 11:35:39',37),(124,243,161,NULL,'2015-03-01','2013-11-24 11:35:39',37),(125,410,161,NULL,'2017-07-01','2013-11-24 11:35:39',37),(126,287,161,NULL,'2017-08-01','2013-11-24 11:35:39',37),(127,272,161,NULL,'2015-04-01','2013-11-24 11:35:39',37),(128,226,161,NULL,'2016-05-01','2013-11-24 11:35:39',37),(129,268,161,NULL,'2015-05-06','2013-11-24 11:35:39',37),(130,332,161,NULL,'2015-06-01','2013-11-24 11:35:39',37),(131,188,161,NULL,'2015-03-01','2013-11-24 11:35:40',37),(132,1568,162,NULL,'2014-08-01','2013-11-24 11:49:02',37),(133,1567,162,NULL,'2017-05-01','2013-11-24 11:49:02',37),(134,1566,162,NULL,'2014-12-01','2013-11-24 11:49:02',37),(135,1565,162,NULL,'2016-01-01','2013-11-24 11:49:02',37),(136,261,163,NULL,'2016-03-01','2013-11-24 11:55:55',37),(137,305,163,NULL,'2015-12-01','2013-11-24 11:55:55',37),(138,435,163,NULL,'2014-10-13','2013-11-24 11:55:55',37),(139,245,163,NULL,'2016-09-01','2013-11-24 11:55:55',37),(140,281,163,NULL,'2014-05-01','2013-11-24 11:55:55',37),(141,333,164,NULL,'2015-08-01','2013-11-24 14:47:27',37),(142,212,164,NULL,'2015-11-15','2013-11-24 14:47:27',37),(143,255,164,NULL,'2018-02-01','2013-11-24 14:47:27',37),(144,328,164,NULL,'2016-06-01','2013-11-24 14:47:27',37),(145,317,164,NULL,'2015-07-02','2013-11-24 14:47:27',37),(146,239,164,NULL,'2014-07-17','2013-11-24 14:47:27',37),(147,230,164,NULL,'2015-02-01','2013-11-24 14:47:27',37),(148,281,164,NULL,'2014-09-01','2013-11-24 14:47:27',37),(149,262,165,NULL,'2015-07-01','2013-11-24 14:53:16',37),(150,415,165,NULL,'2016-05-01','2013-11-24 14:53:16',37),(151,215,165,NULL,'2015-05-01','2013-11-24 14:53:16',37),(152,259,165,NULL,'2015-01-01','2013-11-24 14:53:16',37),(153,211,165,NULL,'2013-04-01','2013-11-24 14:53:16',37),(154,1569,166,NULL,'2016-01-01','2013-11-24 15:06:54',37),(155,265,166,NULL,'2016-06-01','2013-11-24 15:06:54',37),(156,216,166,NULL,'2015-10-01','2013-11-24 15:06:54',37),(157,541,166,NULL,'2015-04-17','2013-11-24 15:06:54',37),(158,315,166,NULL,'2014-07-01','2013-11-24 15:06:54',37),(159,302,166,NULL,'2014-08-07','2013-11-24 15:06:54',37),(160,186,166,NULL,'2016-07-23','2013-11-24 15:06:55',37),(161,214,166,NULL,'2014-04-01','2013-11-24 15:06:55',37),(162,561,166,NULL,'2015-05-01','2013-11-24 15:06:55',37),(163,574,166,NULL,'2016-06-27','2013-11-24 15:06:55',37),(164,551,166,NULL,'2015-01-01','2013-11-24 15:06:55',37),(165,549,167,NULL,'2016-08-01','2013-11-24 15:16:48',37),(166,337,167,NULL,'2016-05-24','2013-11-24 15:16:48',37),(167,325,167,NULL,'2015-08-07','2013-11-24 15:16:48',37),(168,557,167,NULL,'2013-11-01','2013-11-24 15:16:48',37),(169,236,167,NULL,'2015-07-01','2013-11-24 15:16:48',37),(170,252,167,NULL,'2015-04-01','2013-11-24 15:16:48',37),(171,350,167,NULL,'2014-12-01','2013-11-24 15:16:48',37),(172,568,167,NULL,'2014-08-01','2013-11-24 15:16:48',37),(173,357,167,NULL,'2016-07-01','2013-11-24 15:16:48',37),(174,229,167,NULL,'2015-12-25','2013-11-24 15:16:48',37),(175,582,168,NULL,'2015-03-04','2013-11-24 15:24:33',37),(176,542,168,NULL,'2015-02-01','2013-11-24 15:24:33',37),(177,581,168,NULL,'2016-01-01','2013-11-24 15:24:33',37),(178,1570,168,NULL,'2015-12-01','2013-11-24 15:24:33',37),(179,566,169,NULL,'2016-03-01','2013-11-24 15:34:33',37),(180,534,169,NULL,'2016-07-01','2013-11-24 15:34:33',37),(181,570,169,NULL,'2015-08-01','2013-11-24 15:34:33',37),(182,532,169,NULL,'2014-01-01','2013-11-24 15:34:33',37),(183,267,169,NULL,'2016-02-02','2013-11-24 15:34:33',37),(184,270,169,NULL,'2015-09-15','2013-11-24 15:34:33',37),(185,323,169,NULL,'2015-02-01','2013-11-24 15:34:33',37),(186,559,169,NULL,'2016-11-01','2013-11-24 15:34:33',37),(187,336,169,NULL,'2016-01-01','2013-11-24 15:34:33',37),(188,263,169,NULL,'2015-01-01','2013-11-24 15:34:33',37),(189,571,170,NULL,'2015-04-01','2013-11-24 16:03:34',37),(190,575,170,NULL,'2015-10-01','2013-11-24 16:03:34',37),(191,539,170,NULL,'2017-08-01','2013-11-24 16:03:34',37),(192,356,170,NULL,'2014-07-01','2013-11-24 16:03:34',37),(193,528,170,NULL,'2015-05-01','2013-11-24 16:03:34',37),(194,266,170,NULL,'2015-12-01','2013-11-24 16:03:34',37),(195,250,170,NULL,'2017-02-01','2013-11-24 16:03:34',37),(196,659,170,NULL,'2018-02-01','2013-11-24 16:03:34',37),(197,660,170,NULL,'2018-02-01','2013-11-24 16:03:34',37),(198,461,170,NULL,'2017-07-01','2013-11-24 16:03:35',37),(199,530,170,NULL,'2016-04-06','2013-11-24 16:03:35',37),(200,256,170,NULL,'2016-09-07','2013-11-24 16:03:35',37),(201,580,170,NULL,'2014-11-01','2013-11-24 16:03:35',37),(202,536,170,NULL,'0000-00-00','2013-11-24 16:03:36',37),(203,339,171,NULL,'2015-10-01','2013-11-24 16:10:29',37),(204,342,171,NULL,'2015-12-03','2013-11-24 16:10:29',37),(205,470,171,NULL,'2015-08-26','2013-11-24 16:10:29',37),(206,453,171,NULL,'2015-12-09','2013-11-24 16:10:30',37),(207,455,171,NULL,'2016-09-01','2013-11-24 16:10:30',37),(208,213,171,NULL,'2015-08-01','2013-11-24 16:10:30',37),(209,538,171,NULL,'2016-02-01','2013-11-24 16:10:30',37),(210,540,172,NULL,'2014-08-01','2013-11-24 16:16:25',37),(211,416,172,NULL,'2014-10-17','2013-11-24 16:16:25',37),(212,539,172,NULL,'2017-08-01','2013-11-24 16:16:25',37),(213,533,172,NULL,'2016-01-15','2013-11-24 16:16:25',37),(214,319,172,NULL,'2017-05-01','2013-11-24 16:16:25',37),(215,464,172,NULL,'2015-12-01','2013-11-24 16:16:25',37),(216,455,172,NULL,'2016-09-01','2013-11-24 16:16:25',37),(217,535,172,NULL,'2015-02-04','2013-11-24 16:16:25',37),(218,543,172,NULL,'2015-08-01','2013-11-24 16:16:25',37),(219,466,173,NULL,'2014-12-07','2013-11-24 16:24:11',37),(220,448,173,NULL,'2015-02-01','2013-11-24 16:24:11',37),(221,444,173,NULL,'2015-09-01','2013-11-24 16:24:11',37),(222,445,173,NULL,'2014-12-09','2013-11-24 16:24:11',37),(223,567,173,NULL,'2014-11-01','2013-11-24 16:24:11',37),(224,573,173,NULL,'2015-07-09','2013-11-24 16:24:12',37),(225,550,173,NULL,'2014-10-01','2013-11-24 16:24:12',37),(226,565,173,NULL,'2016-04-09','2013-11-24 16:24:12',37),(227,558,173,NULL,'2015-08-01','2013-11-24 16:24:12',37),(228,531,173,NULL,'2015-12-01','2013-11-24 16:24:12',37),(229,554,174,NULL,'2015-06-01','2013-11-24 16:25:48',37),(230,562,174,NULL,'2016-06-01','2013-11-24 16:25:48',37),(231,576,175,NULL,'2015-02-01','2013-11-24 16:27:35',37),(232,553,176,NULL,'2014-07-01','2013-11-24 16:38:21',37),(233,508,176,NULL,'2014-08-31','2013-11-24 16:38:21',37),(234,1504,176,NULL,'2014-06-01','2013-11-24 16:38:21',37),(235,475,176,NULL,'2015-08-06','2013-11-24 16:38:21',37),(236,560,176,NULL,'2016-05-01','2013-11-24 16:38:21',37),(237,489,176,NULL,'2015-02-01','2013-11-24 16:38:21',37),(238,476,176,NULL,'2014-09-01','2013-11-24 16:38:21',37),(239,269,176,NULL,'2018-03-01','2013-11-24 16:38:21',37),(240,119,176,NULL,'2015-03-01','2013-11-24 16:38:21',37),(241,495,176,NULL,'2015-03-13','2013-11-24 16:38:21',37),(242,505,177,NULL,'2016-01-24','2013-11-24 17:44:33',37),(243,479,177,NULL,'2016-01-01','2013-11-24 17:44:33',37),(244,498,177,NULL,'2016-05-19','2013-11-24 17:44:33',37),(245,462,177,NULL,'2015-01-01','2013-11-24 17:44:33',37),(246,501,177,NULL,'2015-03-19','2013-11-24 17:44:33',37),(247,492,177,NULL,'2014-09-01','2013-11-24 17:44:33',37),(248,478,178,NULL,'2015-08-01','2013-11-24 18:00:36',37),(249,491,178,NULL,'2017-03-01','2013-11-24 18:00:36',37),(250,511,178,NULL,'2015-02-01','2013-11-24 18:00:36',37),(251,490,178,NULL,'2015-10-09','2013-11-24 18:00:36',37),(252,578,178,NULL,'2015-01-01','2013-11-24 18:00:36',37),(253,563,178,NULL,'2015-05-01','2013-11-24 18:00:36',37),(254,564,178,NULL,'2016-10-07','2013-11-24 18:00:36',37),(255,288,178,NULL,'2015-04-17','2013-11-24 18:00:36',37),(256,451,178,NULL,'2015-09-01','2013-11-24 18:00:36',37),(257,449,178,NULL,'2017-10-26','2013-11-24 18:00:36',37),(258,552,178,NULL,'2015-10-04','2013-11-24 18:00:36',37),(259,460,178,NULL,'2014-03-01','2013-11-24 18:00:36',37),(260,452,178,NULL,'2016-02-13','2013-11-24 18:00:37',37),(261,569,178,NULL,'2018-02-01','2013-11-24 18:00:37',37),(262,579,178,NULL,'2014-08-01','2013-11-24 18:00:37',37),(263,572,178,NULL,'2016-02-01','2013-11-24 18:00:37',37),(264,529,179,NULL,'2015-08-07','2013-11-24 18:03:47',37),(265,458,179,NULL,'2017-10-01','2013-11-24 18:03:47',37),(266,447,179,NULL,'2014-12-01','2013-11-24 18:03:47',37),(267,1571,180,NULL,'2016-02-27','2013-11-24 18:11:51',37),(268,1572,180,NULL,'2015-03-01','2013-11-24 18:11:51',37),(269,1573,181,NULL,'2016-03-03','2013-11-24 18:23:12',37),(270,1574,181,NULL,'2015-05-29','2013-11-24 18:23:12',37),(271,1575,181,NULL,'2014-12-01','2013-11-24 18:23:13',37),(272,1576,181,NULL,'2014-11-01','2013-11-24 18:23:13',37),(273,1577,181,NULL,'2014-02-02','2013-11-24 18:23:13',37),(274,1578,182,NULL,'2015-06-06','2013-11-24 18:36:30',37),(275,1579,182,NULL,'2016-07-01','2013-11-24 18:36:30',37),(276,1580,182,NULL,'2014-05-01','2013-11-24 18:36:31',37),(277,1581,182,NULL,'2015-03-30','2013-11-24 18:36:31',37),(278,1582,182,NULL,'2014-03-01','2013-11-24 18:36:31',37),(279,1583,182,NULL,'2015-09-18','2013-11-24 18:36:31',37),(280,1584,182,NULL,'2015-12-01','2013-11-24 18:36:31',37),(281,1585,183,NULL,'2017-08-01','2013-11-24 18:42:45',37),(282,484,183,NULL,'2015-02-01','2013-11-24 18:42:45',37),(283,487,183,NULL,'2016-10-19','2013-11-24 18:42:45',37),(284,483,183,NULL,'2015-12-03','2013-11-24 18:42:45',37),(285,474,183,NULL,'2017-08-01','2013-11-24 18:42:45',37),(286,482,184,NULL,'2016-04-01','2013-11-24 18:47:39',37),(287,477,185,NULL,'2015-12-04','2013-11-24 18:53:10',37),(288,488,185,NULL,'2015-04-01','2013-11-24 18:53:11',37),(289,1586,186,NULL,'2016-01-01','2013-11-24 19:03:07',37),(290,473,187,NULL,'2013-10-01','2013-11-24 19:09:55',37),(291,500,187,NULL,'2015-02-01','2013-11-24 19:09:55',37),(292,446,187,NULL,'2015-11-01','2013-11-24 19:09:55',37),(293,472,187,NULL,'2015-02-12','2013-11-24 19:09:55',37),(294,496,187,NULL,'2015-02-03','2013-11-24 19:09:55',37),(295,504,187,NULL,'2014-12-01','2013-11-24 19:09:55',37),(296,507,188,NULL,'2016-03-01','2013-11-24 19:16:30',37),(297,520,188,NULL,'2017-03-27','2013-11-24 19:16:30',37),(298,462,188,NULL,'2015-11-01','2013-11-24 19:16:30',37),(299,510,189,NULL,'2014-12-01','2013-11-24 19:20:53',37),(300,527,189,NULL,'2013-05-01','2013-11-24 19:20:53',37),(301,509,189,NULL,'2014-11-01','2013-11-24 19:20:53',37),(302,524,189,NULL,'2016-06-05','2013-11-24 19:20:54',37),(303,523,190,NULL,'2014-08-01','2013-11-24 19:23:13',37),(304,562,191,NULL,'2016-07-01','2013-11-24 19:26:26',37),(305,525,192,NULL,'2015-02-28','2013-11-24 19:34:01',37),(306,517,192,NULL,'2013-07-01','2013-11-24 19:34:01',37),(307,1587,192,NULL,'2017-11-16','2013-11-24 19:34:01',37),(308,512,192,NULL,'2018-01-15','2013-11-24 19:34:02',37),(309,515,192,NULL,'2016-01-17','2013-11-24 19:34:02',37),(310,475,194,NULL,'2015-08-06','2013-11-24 19:40:29',37),(311,514,194,NULL,'2015-10-01','2013-11-24 19:40:29',37),(312,516,194,NULL,'2015-04-04','2013-11-24 19:40:29',37),(313,513,194,NULL,'2014-04-20','2013-11-24 19:40:29',37),(314,494,194,NULL,'2017-08-01','2013-11-24 19:40:29',37),(315,499,194,NULL,'2015-11-15','2013-11-24 19:40:29',37),(316,521,195,NULL,'2016-07-12','2013-11-24 19:43:12',37),(317,497,195,NULL,'2015-04-01','2013-11-24 19:43:12',37),(318,518,195,NULL,'2015-03-15','2013-11-24 19:43:12',37),(319,493,196,NULL,'2015-03-01','2013-11-24 19:44:08',37),(320,361,197,NULL,'2015-01-20','2013-11-25 07:13:44',37),(321,379,197,NULL,'2015-11-01','2013-11-25 07:13:44',37),(322,381,197,NULL,'2014-12-01','2013-11-25 07:13:44',37),(323,383,197,NULL,'2015-05-01','2013-11-25 07:13:44',37),(324,374,197,NULL,'2015-09-03','2013-11-25 07:13:44',37),(325,282,197,NULL,'2015-07-03','2013-11-25 07:13:44',37),(326,382,198,NULL,'2016-08-19','2013-11-25 07:35:08',37),(327,359,198,NULL,'2013-11-01','2013-11-25 07:35:08',37),(328,399,198,NULL,'2015-11-01','2013-11-25 07:35:08',37),(329,393,199,NULL,'2015-12-01','2013-11-25 07:47:28',37),(330,404,199,NULL,'2015-01-01','2013-11-25 07:47:28',37),(331,371,199,NULL,'2015-05-01','2013-11-25 07:47:28',37),(332,373,199,NULL,'2017-04-01','2013-11-25 07:47:28',37),(333,377,200,NULL,'2017-02-02','2013-11-25 07:55:21',37),(334,367,200,NULL,'2015-08-01','2013-11-25 07:55:22',37),(335,385,200,NULL,'2015-02-05','2013-11-25 07:55:22',37),(336,1507,200,NULL,'2015-02-11','2013-11-25 07:55:22',37),(337,390,200,NULL,'2016-08-01','2013-11-25 07:55:22',37),(338,398,200,NULL,'2016-01-01','2013-11-25 07:55:22',37),(339,376,200,NULL,'2014-11-01','2013-11-25 07:55:22',37),(340,384,201,NULL,'2015-12-01','2013-11-25 08:03:42',37),(341,378,201,NULL,'2015-03-01','2013-11-25 08:03:42',37),(342,397,201,NULL,'2012-12-01','2013-11-25 08:03:42',37),(343,372,201,NULL,'2016-02-01','2013-11-25 08:03:43',37),(344,366,201,NULL,'2017-09-23','2013-11-25 08:03:43',37),(345,362,201,NULL,'2014-11-01','2013-11-25 08:03:43',37),(346,422,201,NULL,'2015-01-01','2013-11-25 08:03:43',37),(347,391,201,NULL,'2015-10-01','2013-11-25 08:03:43',37),(348,387,201,NULL,'2016-09-01','2013-11-25 08:03:43',37),(349,396,202,NULL,'2017-08-02','2013-11-25 08:09:50',37),(350,1508,202,NULL,'2014-08-01','2013-11-25 08:09:50',37),(351,389,203,NULL,'2016-03-01','2013-11-25 08:16:42',37),(352,388,203,NULL,'2016-07-01','2013-11-25 08:16:42',37),(353,400,203,NULL,'2014-02-12','2013-11-25 08:16:42',37),(354,392,203,NULL,'2015-12-01','2013-11-25 08:16:42',37),(355,394,203,NULL,'2016-02-01','2013-11-25 08:16:42',37),(356,363,204,NULL,'2018-03-01','2013-11-25 08:31:15',37),(357,459,204,NULL,'2014-12-01','2013-11-25 08:31:15',37),(358,428,204,NULL,'2015-04-01','2013-11-25 08:31:15',37),(359,386,204,NULL,'2015-10-01','2013-11-25 08:31:15',37),(360,433,204,NULL,'2015-03-01','2013-11-25 08:31:15',37),(361,407,204,NULL,'2016-04-01','2013-11-25 08:31:15',37),(362,429,204,NULL,'2014-05-01','2013-11-25 08:31:15',37),(363,427,204,NULL,'2016-02-01','2013-11-25 08:31:15',37),(364,1588,205,NULL,'2016-08-01','2013-11-25 08:41:00',37),(365,406,205,NULL,'2015-01-01','2013-11-25 08:41:00',37),(366,414,206,NULL,'2015-08-12','2013-11-25 08:55:29',37),(367,439,206,NULL,'2015-08-01','2013-11-25 08:55:29',37),(368,436,206,NULL,'2014-03-01','2013-11-25 08:55:29',37),(369,419,206,NULL,'2013-11-01','2013-11-25 08:55:29',37),(370,409,206,NULL,'2013-10-01','2013-11-25 08:55:29',37),(371,434,206,NULL,'2016-05-01','2013-11-25 08:55:29',37),(372,423,206,NULL,'2015-03-25','2013-11-25 08:55:29',37),(373,221,206,NULL,'2016-10-17','2013-11-25 08:55:29',37),(374,454,207,NULL,'2015-09-01','2013-11-25 09:09:21',37),(375,375,207,NULL,'2016-03-01','2013-11-25 09:09:22',37),(376,441,207,NULL,'2015-05-01','2013-11-25 09:09:22',37),(377,369,207,NULL,'2018-03-01','2013-11-25 09:09:22',37),(378,417,207,NULL,'2016-06-01','2013-11-25 09:09:22',37),(379,440,207,NULL,'2016-05-01','2013-11-25 09:09:22',37),(380,437,207,NULL,'2015-11-01','2013-11-25 09:09:22',37),(381,443,207,NULL,'2015-12-01','2013-11-25 09:09:22',37),(382,432,207,NULL,'2015-12-01','2013-11-25 09:09:22',37),(383,442,208,NULL,'2017-06-01','2013-11-25 09:22:02',37),(384,408,208,NULL,'2015-10-16','2013-11-25 09:22:02',37),(385,411,208,NULL,'2015-09-19','2013-11-25 09:22:03',37),(386,431,208,NULL,'2015-01-20','2013-11-25 09:22:03',37),(387,430,208,NULL,'2014-03-20','2013-11-25 09:22:03',37),(388,681,208,NULL,'2016-03-01','2013-11-25 09:22:03',37),(389,730,208,NULL,'2014-07-01','2013-11-25 09:22:03',37),(390,734,208,NULL,'2014-11-01','2013-11-25 09:22:03',37),(391,412,208,NULL,'2014-09-01','2013-11-25 09:22:03',37),(392,679,208,NULL,'2015-05-01','2013-11-25 09:22:03',37),(393,722,209,NULL,'2015-01-01','2013-11-25 09:32:54',37),(394,425,209,NULL,'2015-06-01','2013-11-25 09:32:54',37),(395,731,209,NULL,'2016-04-01','2013-11-25 09:32:54',37),(396,677,209,NULL,'2015-02-06','2013-11-25 09:32:54',37),(397,426,209,NULL,'2015-06-01','2013-11-25 09:32:55',37),(398,421,209,NULL,'2016-05-01','2013-11-25 09:32:55',37),(399,683,209,NULL,'2016-02-01','2013-11-25 09:32:55',37),(400,673,209,NULL,'2014-02-23','2013-11-25 09:32:55',37),(401,725,209,NULL,'2015-03-02','2013-11-25 09:32:55',37),(402,413,209,NULL,'2014-11-01','2013-11-25 09:32:55',37),(403,401,210,NULL,'2015-10-01','2013-11-25 09:39:43',37),(404,395,210,NULL,'2016-02-20','2013-11-25 09:39:43',37),(405,682,211,NULL,'2014-05-01','2013-11-25 09:49:44',37),(406,719,211,NULL,'2015-07-01','2013-11-25 09:49:44',37),(407,729,212,NULL,'2016-02-01','2013-11-25 09:58:09',37),(408,680,212,NULL,'2016-01-27','2013-11-25 09:58:09',37),(409,720,212,NULL,'2015-03-01','2013-11-25 09:58:09',37),(410,726,212,NULL,'2016-06-01','2013-11-25 09:58:09',37),(411,733,212,NULL,'2015-11-11','2013-11-25 09:58:09',37),(412,727,212,NULL,'2015-09-01','2013-11-25 09:58:09',37),(413,732,212,NULL,'2017-09-01','2013-11-25 09:58:09',37),(414,358,213,NULL,'2016-02-18','2013-11-25 10:00:22',37),(415,675,213,NULL,'2016-09-01','2013-11-25 10:00:22',37),(416,613,214,NULL,'2016-05-20','2013-11-25 10:09:22',37),(417,610,214,NULL,'2015-12-01','2013-11-25 10:09:22',37),(418,609,214,NULL,'2015-03-01','2013-11-25 10:09:22',37),(419,677,215,NULL,'2015-02-06','2013-11-25 10:10:06',37),(420,677,216,NULL,'2015-02-06','2013-11-25 10:12:23',37),(421,368,217,NULL,'2015-01-01','2013-11-25 10:14:21',37),(422,360,218,NULL,'2016-10-01','2013-11-25 10:19:03',37),(423,403,218,NULL,'2016-07-06','2013-11-25 10:19:03',37),(424,647,218,NULL,'2014-05-02','2013-11-25 10:19:03',37),(425,641,218,NULL,'2015-10-01','2013-11-25 10:19:03',37),(426,1589,219,NULL,'2016-11-01','2013-11-25 10:22:41',37),(427,647,220,NULL,'2014-05-02','2013-11-25 10:23:23',37),(428,628,221,NULL,'2015-05-01','2013-11-25 10:25:51',37),(429,1590,222,NULL,'2015-08-01','2013-11-25 10:31:01',37),(430,615,222,NULL,'2016-03-04','2013-11-25 10:31:01',37),(431,627,223,NULL,'2015-04-02','2013-11-25 10:32:34',37),(432,626,224,NULL,'2015-03-01','2013-11-25 10:35:32',37),(433,638,225,NULL,'2014-12-01','2013-11-25 10:46:01',37),(434,608,225,NULL,'2014-09-05','2013-11-25 10:46:01',37),(435,655,225,NULL,'2015-02-01','2013-11-25 10:46:01',37),(436,625,225,NULL,'2016-02-02','2013-11-25 10:46:01',37),(437,735,225,NULL,'2015-09-01','2013-11-25 10:46:01',37),(438,630,226,NULL,'2014-02-01','2013-11-25 10:49:30',37),(439,629,226,NULL,'2016-03-01','2013-11-25 10:49:30',37),(440,605,226,NULL,'2016-02-01','2013-11-25 10:49:30',37),(441,735,227,NULL,'2015-09-01','2013-11-25 10:50:37',37),(442,606,228,NULL,'2016-04-01','2013-11-25 10:57:35',37),(443,616,228,NULL,'2015-03-01','2013-11-25 10:57:35',37),(444,617,228,NULL,'2015-10-01','2013-11-25 10:57:35',37),(445,632,228,NULL,'2018-05-27','2013-11-25 10:57:35',37),(446,736,228,NULL,'2016-01-01','2013-11-25 10:57:35',37),(447,612,228,NULL,'2015-12-03','2013-11-25 10:57:35',37),(448,639,228,NULL,'2016-01-01','2013-11-25 10:57:35',37),(449,614,228,NULL,'2014-11-30','2013-11-25 10:57:35',37),(450,645,228,NULL,'2015-09-01','2013-11-25 10:57:35',37),(451,622,229,NULL,'2014-07-01','2013-11-25 11:11:39',37),(452,728,229,NULL,'2016-03-24','2013-11-25 11:11:39',37),(453,604,229,NULL,'2016-03-31','2013-11-25 11:11:39',37),(454,648,229,NULL,'2017-04-01','2013-11-25 11:11:39',37),(455,634,229,NULL,'2015-07-01','2013-11-25 11:11:39',37),(456,644,229,NULL,'2017-07-01','2013-11-25 11:11:39',37),(457,637,229,NULL,'2016-05-29','2013-11-25 11:11:39',37),(458,668,230,NULL,'2016-03-01','2013-11-25 11:13:33',37),(459,1591,231,NULL,'2016-06-01','2013-11-25 11:18:55',37),(460,588,231,NULL,'2014-11-13','2013-11-25 11:18:56',37),(461,1592,232,NULL,'2016-02-01','2013-11-25 11:22:13',37),(462,588,233,NULL,'2015-08-06','2013-11-25 11:24:14',37),(463,598,234,NULL,'2014-05-01','2013-11-25 11:25:55',37),(464,661,235,NULL,'2016-03-11','2013-11-25 11:27:16',37),(465,640,236,NULL,'2016-06-01','2013-11-25 11:28:58',37),(466,589,237,NULL,'2016-05-01','2013-11-25 11:33:43',37),(467,670,237,NULL,'2016-07-07','2013-11-25 11:33:43',37),(468,586,237,NULL,'2016-04-28','2013-11-25 11:33:43',37),(469,743,237,NULL,'2015-06-05','2013-11-25 11:33:43',37),(470,663,238,NULL,'2016-05-01','2013-11-25 11:39:07',37),(471,667,238,NULL,'2016-02-01','2013-11-25 11:39:07',37),(472,666,238,NULL,'2016-02-01','2013-11-25 11:39:07',37),(473,669,238,NULL,'2014-12-01','2013-11-25 11:39:07',37),(474,279,239,NULL,'2016-09-13','2013-11-25 11:42:28',37),(475,596,239,NULL,'2014-04-11','2013-11-25 11:42:28',37),(476,599,240,NULL,'2014-04-01','2013-11-25 11:45:27',37),(477,607,240,NULL,'2015-09-01','2013-11-25 11:45:27',37),(478,583,241,NULL,'2016-04-16','2013-11-25 11:54:27',37),(479,646,241,NULL,'2017-12-01','2013-11-25 11:54:27',37),(480,587,241,NULL,'2015-06-26','2013-11-25 11:54:27',37),(481,648,242,NULL,'2017-11-01','2013-11-25 11:55:26',37),(482,594,243,NULL,'2015-04-01','2013-11-25 14:18:54',37),(483,653,243,NULL,'2015-08-01','2013-11-25 14:18:55',37),(484,602,243,NULL,'2018-04-28','2013-11-25 14:18:55',37),(485,601,243,NULL,'2015-11-28','2013-11-25 14:18:55',37),(486,600,243,NULL,'2015-03-22','2013-11-25 14:18:55',37),(487,585,243,NULL,'2014-05-01','2013-11-25 14:18:55',37),(488,597,243,NULL,'2016-01-01','2013-11-25 14:18:55',37),(489,590,243,NULL,'2016-03-01','2013-11-25 14:18:55',37),(490,603,244,NULL,'2014-08-30','2013-11-25 14:20:32',37),(491,810,245,NULL,'2016-04-22','2013-11-25 14:22:07',37),(492,810,246,NULL,'2016-04-22','2013-11-25 14:23:18',37),(493,463,247,NULL,'2014-10-01','2013-11-25 14:29:04',37),(494,574,247,NULL,'2016-09-06','2013-11-25 14:29:04',37),(495,643,248,NULL,'2016-06-02','2013-11-25 14:30:44',37),(496,636,249,NULL,'2015-03-01','2013-11-25 14:38:28',37),(497,656,249,NULL,'2014-10-01','2013-11-25 14:38:29',37),(498,611,249,NULL,'2015-07-01','2013-11-25 14:38:29',37),(499,635,249,NULL,'2014-10-01','2013-11-25 14:38:29',37),(500,631,249,NULL,'2014-09-01','2013-11-25 14:38:29',37),(501,640,250,NULL,'2016-05-01','2013-11-25 14:39:19',37),(502,623,251,NULL,'2013-03-01','2013-11-25 14:52:43',37),(503,624,251,NULL,'2015-12-01','2013-11-25 14:52:43',37),(504,633,251,NULL,'2015-08-01','2013-11-25 14:52:43',37),(505,658,251,NULL,'2014-03-01','2013-11-25 14:52:43',37),(506,676,251,NULL,'2016-05-01','2013-11-25 14:52:43',37),(507,642,251,NULL,'2016-02-01','2013-11-25 14:52:43',37),(508,652,251,NULL,'2013-07-01','2013-11-25 14:52:43',37),(509,1593,252,NULL,'2016-02-01','2013-11-25 14:55:49',37),(510,1594,253,NULL,'2014-06-01','2013-11-25 14:59:16',37),(511,1595,254,NULL,'2016-05-01','2013-11-25 15:07:01',37),(512,1596,254,NULL,'2015-06-01','2013-11-25 15:07:01',37),(513,840,255,NULL,'2015-05-01','2013-11-25 15:09:07',37),(514,807,256,NULL,'2015-11-01','2013-11-25 15:18:44',37),(515,805,256,NULL,'2015-08-01','2013-11-25 15:18:44',37),(516,843,256,NULL,'2016-08-13','2013-11-25 15:18:44',37),(517,842,256,NULL,'2016-01-01','2013-11-25 15:18:44',37),(518,838,256,NULL,'2015-01-05','2013-11-25 15:18:44',37),(519,834,256,NULL,'2015-01-01','2013-11-25 15:18:44',37),(520,841,256,NULL,'2014-08-01','2013-11-25 15:18:44',37),(521,814,256,NULL,'2015-11-26','2013-11-25 15:18:44',37),(522,821,257,NULL,'2016-02-18','2013-11-25 15:21:39',37),(523,831,257,NULL,'2015-10-01','2013-11-25 15:21:39',37),(524,844,257,NULL,'2017-11-03','2013-11-25 15:21:39',37),(525,816,258,NULL,'2015-12-14','2013-11-25 15:31:50',37),(526,835,259,NULL,'2014-09-01','2013-11-25 15:46:48',37),(527,837,259,NULL,'2015-02-01','2013-11-25 15:46:48',37),(528,354,259,NULL,'2015-02-02','2013-11-25 15:46:48',37),(529,813,259,NULL,'2016-03-01','2013-11-25 15:46:49',37),(530,828,259,NULL,'2016-03-01','2013-11-25 15:46:49',37),(531,819,259,NULL,'2015-03-01','2013-11-25 15:46:49',37),(532,1004,259,NULL,'2016-04-01','2013-11-25 15:46:49',37),(533,824,259,NULL,'2015-11-01','2013-11-25 15:46:49',37),(534,823,259,NULL,'2015-05-01','2013-11-25 15:46:49',37),(535,818,259,NULL,'2015-07-01','2013-11-25 15:46:49',37),(536,273,260,NULL,'2015-12-01','2013-11-25 15:54:37',37),(537,1003,260,NULL,'2015-09-13','2013-11-25 15:54:37',37),(538,839,260,NULL,'2016-05-07','2013-11-25 15:54:37',37),(539,260,260,NULL,'2015-05-01','2013-11-25 15:54:38',37),(540,327,260,NULL,'2016-07-01','2013-11-25 15:54:38',37),(541,847,260,NULL,'2012-12-01','2013-11-25 15:54:38',37),(542,855,260,NULL,'2016-02-01','2013-11-25 15:54:38',37),(543,109,260,NULL,'2016-06-01','2013-11-25 15:54:38',37),(544,1453,260,NULL,'2015-04-01','2013-11-25 15:54:38',37),(545,1597,261,NULL,'2016-03-06','2013-11-25 15:58:43',37),(546,809,262,NULL,'2014-03-01','2013-11-25 16:00:29',37),(547,808,263,NULL,'2014-11-01','2013-11-25 16:03:04',37),(548,862,264,NULL,'2014-05-10','2013-11-25 16:05:48',37),(549,1598,265,NULL,'2015-12-02','2013-11-25 16:09:52',37),(550,313,266,NULL,'2016-11-01','2013-11-25 16:29:19',37),(551,1600,266,NULL,'2016-03-03','2013-11-25 16:29:19',37),(552,1601,266,NULL,'2016-01-22','2013-11-25 16:29:19',37),(553,1602,266,NULL,'2015-03-01','2013-11-25 16:29:20',37),(554,1603,266,NULL,'2018-09-01','2013-11-25 16:29:20',37),(555,1604,267,NULL,'2015-01-01','2013-11-25 16:33:11',37),(556,1605,268,NULL,'2015-12-01','2013-11-25 16:52:45',37),(557,867,268,NULL,'2015-04-01','2013-11-25 16:52:45',37),(558,869,268,NULL,'2016-01-01','2013-11-25 16:52:45',37),(559,866,268,NULL,'2014-10-27','2013-11-25 16:52:45',37),(560,234,268,NULL,'2016-01-01','2013-11-25 16:52:45',37),(561,884,269,NULL,'2016-06-02','2013-11-25 17:03:57',37),(562,852,269,NULL,'2018-05-07','2013-11-25 17:03:57',37),(563,812,269,NULL,'2016-07-29','2013-11-25 17:03:57',37),(564,882,269,NULL,'2016-03-22','2013-11-25 17:03:57',37),(565,233,269,NULL,'2014-08-24','2013-11-25 17:03:57',37),(566,883,269,NULL,'2016-12-21','2013-11-25 17:03:57',37),(567,309,270,NULL,'2016-01-16','2013-11-25 17:37:31',37),(568,945,270,NULL,'2015-01-29','2013-11-25 17:37:31',37),(569,286,270,NULL,'2015-11-18','2013-11-25 17:37:31',37),(570,310,270,NULL,'2016-01-01','2013-11-25 17:37:31',37),(571,132,271,NULL,'2015-12-01','2013-11-25 17:48:15',37),(572,294,271,NULL,'2016-01-01','2013-11-25 17:48:15',37),(573,238,271,NULL,'2016-05-22','2013-11-25 17:48:15',37),(574,348,272,NULL,'2015-10-03','2013-11-25 17:52:53',37),(575,857,272,NULL,'2014-07-04','2013-11-25 17:52:53',37),(576,999,273,NULL,'2015-09-02','2013-11-25 18:07:08',37),(577,997,273,NULL,'2016-01-01','2013-11-25 18:07:08',37),(578,885,273,NULL,'2015-12-01','2013-11-25 18:07:08',37),(579,171,273,NULL,'2016-01-14','2013-11-25 18:07:08',37),(580,1606,274,NULL,'2014-11-21','2013-11-25 18:13:20',37),(581,1029,274,NULL,'2014-11-03','2013-11-25 18:13:20',37),(582,1607,275,NULL,'2014-08-01','2013-11-25 18:20:13',37),(583,1608,275,NULL,'2015-02-25','2013-11-25 18:20:13',37),(584,1609,276,NULL,'2013-03-01','2013-11-25 18:24:34',37),(585,1610,277,NULL,'2016-02-01','2013-11-25 18:39:54',37),(586,815,277,NULL,'2014-10-01','2013-11-25 18:39:54',37),(587,817,278,NULL,'2015-03-02','2013-11-25 18:53:07',37),(588,825,278,NULL,'2015-02-26','2013-11-25 18:53:07',37),(589,122,278,NULL,'2016-03-13','2013-11-25 18:53:07',37),(590,326,278,NULL,'2016-06-13','2013-11-25 18:53:07',37),(591,320,278,NULL,'2016-02-07','2013-11-25 18:53:07',37),(592,405,278,NULL,'2016-03-18','2013-11-25 18:53:07',37),(593,833,278,NULL,'2014-02-03','2013-11-25 18:53:07',37),(594,829,279,NULL,'2014-04-10','2013-11-25 18:59:52',37),(595,271,279,NULL,'2015-01-02','2013-11-25 18:59:52',37),(596,353,279,NULL,'2017-05-02','2013-11-25 18:59:52',37),(597,830,279,NULL,'2015-02-02','2013-11-25 18:59:52',37),(598,827,279,NULL,'2016-04-09','2013-11-25 18:59:52',37),(599,249,279,NULL,'2016-07-06','2013-11-25 18:59:52',37),(600,826,280,NULL,'2015-11-28','2013-11-25 19:11:17',37),(601,324,280,NULL,'2016-05-14','2013-11-25 19:11:17',37),(602,251,280,NULL,'2016-08-05','2013-11-25 19:11:17',37),(603,822,280,NULL,'2015-07-01','2013-11-25 19:11:17',37),(604,811,280,NULL,'2014-09-03','2013-11-25 19:11:17',37),(605,254,280,NULL,'2015-10-01','2013-11-25 19:11:17',37),(606,355,280,NULL,'2016-11-03','2013-11-25 19:11:17',37),(607,836,280,NULL,'2015-07-01','2013-11-25 19:11:17',37),(608,1549,280,NULL,'2018-05-13','2013-11-25 19:11:17',37),(609,1611,281,NULL,'2015-07-31','2013-11-26 07:19:56',37),(610,1002,282,NULL,'2017-04-02','2013-11-26 07:30:42',37),(611,1612,282,NULL,'2016-04-05','2013-11-26 07:30:42',37),(612,710,282,NULL,'2018-03-22','2013-11-26 07:30:42',37),(613,525,283,NULL,'2015-07-31','2013-11-26 07:33:58',37),(614,334,284,NULL,'2016-03-01','2013-11-26 07:38:50',37),(615,457,288,NULL,'2015-10-01','2013-11-26 07:53:40',37),(616,722,288,NULL,'2014-10-01','2013-11-26 07:53:40',37),(617,605,289,NULL,'2016-02-01','2013-11-26 07:54:31',37),(618,489,290,NULL,'2015-02-01','2013-11-26 07:57:29',37),(619,494,291,NULL,'2017-08-01','2013-11-26 08:20:21',37),(620,1613,291,NULL,'2015-06-01','2013-11-26 08:20:21',37),(621,560,292,NULL,'2016-01-01','2013-11-26 08:23:41',37),(622,1614,293,NULL,'2015-07-01','2013-11-26 08:39:23',37),(623,1615,293,NULL,'2014-07-01','2013-11-26 08:39:23',37),(624,1616,293,NULL,'2017-03-03','2013-11-26 08:39:23',37),(625,1617,293,NULL,'2011-02-01','2013-11-26 08:39:23',37),(626,1618,294,NULL,'2015-03-09','2013-11-26 08:51:00',37),(627,649,295,NULL,'2016-05-01','2013-11-26 08:54:07',37),(628,1618,295,NULL,'2015-03-01','2013-11-26 08:54:07',37),(629,863,296,NULL,'2015-11-01','2013-11-26 08:58:36',37),(630,864,296,NULL,'2016-01-01','2013-11-26 08:58:36',37),(631,858,296,NULL,'2016-02-02','2013-11-26 08:58:36',37),(632,1550,297,NULL,'2016-01-01','2013-11-26 09:04:02',37),(633,1466,297,NULL,'2013-11-26','2013-11-26 09:04:03',37),(634,296,298,NULL,'2016-01-01','2013-11-26 09:25:14',37),(635,945,298,NULL,'2015-07-07','2013-11-26 09:25:14',37),(636,946,298,NULL,'2016-04-20','2013-11-26 09:25:14',37),(637,948,298,NULL,'2014-10-22','2013-11-26 09:25:14',37),(638,957,299,NULL,'2016-01-08','2013-11-26 09:39:33',37),(639,1619,299,NULL,'2017-01-01','2013-11-26 09:39:33',37),(640,968,300,NULL,'2016-10-26','2013-11-26 09:48:41',37),(641,1027,300,NULL,'2014-02-01','2013-11-26 09:48:41',37),(642,888,302,NULL,'2014-10-06','2013-11-26 10:06:52',37),(643,224,302,NULL,'2017-07-01','2013-11-26 10:06:52',37),(644,958,303,NULL,'2016-05-01','2013-11-26 10:09:28',37),(645,875,304,NULL,'2015-04-01','2013-11-26 10:17:07',37),(646,874,304,NULL,'2017-01-10','2013-11-26 10:17:07',37),(647,179,304,NULL,'2016-05-01','2013-11-26 10:17:07',37),(648,181,304,NULL,'2015-05-01','2013-11-26 10:17:07',37),(649,185,304,NULL,'0000-00-00','2013-11-26 10:17:07',37),(650,876,304,NULL,'2017-11-01','2013-11-26 10:17:07',37),(651,178,304,NULL,'2016-06-01','2013-11-26 10:17:07',37),(652,868,304,NULL,'2016-05-01','2013-11-26 10:17:07',37),(653,177,304,NULL,'2017-10-01','2013-11-26 10:17:07',37),(654,947,304,NULL,'2015-07-01','2013-11-26 10:17:07',37),(655,878,305,NULL,'2015-06-01','2013-11-26 10:20:10',37),(656,848,305,NULL,'2017-10-01','2013-11-26 10:20:10',37),(657,1064,305,NULL,'2014-02-01','2013-11-26 10:20:10',37),(658,849,306,NULL,'2015-11-22','2013-11-26 10:31:55',37),(659,1063,306,NULL,'2014-02-17','2013-11-26 10:31:55',37),(660,746,306,NULL,'2017-04-23','2013-11-26 10:31:55',37),(661,757,306,NULL,'2015-05-01','2013-11-26 10:31:55',37),(662,748,306,NULL,'2016-01-01','2013-11-26 10:31:55',37),(663,820,307,NULL,'2017-12-01','2013-11-26 11:09:46',37),(664,887,307,NULL,'0000-00-00','2013-11-26 11:09:46',37),(665,1620,307,NULL,'2017-12-01','2013-11-26 11:09:46',37),(666,850,307,NULL,'2017-02-01','2013-11-26 11:09:46',37),(667,851,307,NULL,'2015-03-12','2013-11-26 11:09:46',37),(668,877,307,NULL,'2016-02-01','2013-11-26 11:09:46',37),(669,890,307,NULL,'2016-01-01','2013-11-26 11:09:46',37),(670,318,307,NULL,'2017-09-01','2013-11-26 11:09:46',37),(671,240,307,NULL,'2017-05-10','2013-11-26 11:09:46',37),(672,998,307,NULL,'2017-10-01','2013-11-26 11:09:46',37),(673,1621,307,NULL,'2015-04-08','2013-11-26 11:09:46',37),(674,280,307,NULL,'2015-10-01','2013-11-26 11:09:47',37),(675,991,307,NULL,'2013-11-06','2013-11-26 11:09:47',37),(676,713,307,NULL,'2015-11-12','2013-11-26 11:09:47',37),(677,1000,308,NULL,'2014-08-01','2013-11-26 11:14:44',37),(678,873,308,NULL,'2014-08-01','2013-11-26 11:14:44',37),(679,290,308,NULL,'2015-10-01','2013-11-26 11:14:44',37),(680,986,308,NULL,'2014-02-09','2013-11-26 11:14:44',37),(681,782,309,NULL,'2017-07-03','2013-11-26 11:17:32',37),(682,1622,310,NULL,'2015-11-06','2013-11-26 11:28:24',37),(683,331,311,NULL,'2015-06-02','2013-11-26 11:42:50',37),(684,217,311,NULL,'2015-08-06','2013-11-26 11:42:50',37),(685,678,311,NULL,'2016-03-01','2013-11-26 11:42:50',37),(686,1623,312,NULL,'2016-05-05','2013-11-26 11:48:40',37),(687,886,312,NULL,'2014-11-24','2013-11-26 11:48:40',37),(688,1624,313,NULL,'2016-01-23','2013-11-26 11:52:46',37),(689,1625,314,NULL,'2016-01-02','2013-11-26 12:00:26',37),(690,872,314,NULL,'2016-01-01','2013-11-26 12:00:26',37),(691,820,314,NULL,'2017-12-01','2013-11-26 12:00:26',37),(692,1626,315,NULL,'2015-01-01','2013-11-26 12:03:24',37),(693,1627,316,NULL,'2014-07-03','2013-11-26 12:08:05',37),(694,1628,317,NULL,'2012-09-03','2013-11-26 12:18:25',37),(695,1629,317,NULL,'2016-04-30','2013-11-26 12:18:25',37),(696,1630,317,NULL,'2017-03-03','2013-11-26 12:18:25',37),(697,760,318,NULL,'2016-06-23','2013-11-26 12:28:41',37),(698,1631,318,NULL,'2016-05-01','2013-11-26 12:28:41',37),(699,750,318,NULL,'2016-06-01','2013-11-26 12:28:41',37),(700,751,318,NULL,'2017-08-01','2013-11-26 12:28:41',37),(701,752,318,NULL,'2013-10-07','2013-11-26 12:28:41',37),(702,753,318,NULL,'2016-02-01','2013-11-26 12:28:41',37),(703,763,319,NULL,'2016-03-07','2013-11-26 12:34:40',37),(704,778,319,NULL,'2015-07-01','2013-11-26 12:34:40',37),(705,783,319,NULL,'2014-05-01','2013-11-26 12:34:40',37),(706,1498,319,NULL,'2015-12-01','2013-11-26 12:34:40',37),(707,790,319,NULL,'2017-04-01','2013-11-26 12:34:42',37),(708,755,319,NULL,'2014-01-01','2013-11-26 12:34:42',37),(709,754,319,NULL,'2015-07-01','2013-11-26 12:34:42',37),(710,747,320,NULL,'2016-02-01','2013-11-26 12:45:27',37),(711,606,320,NULL,'2016-02-13','2013-11-26 12:45:27',37),(712,1505,320,NULL,'0000-00-00','2013-11-26 12:45:27',37),(713,658,320,NULL,'2013-08-01','2013-11-26 12:45:27',37),(714,772,320,NULL,'2015-03-01','2013-11-26 12:45:27',37),(715,1041,320,NULL,'2016-10-01','2013-11-26 12:45:27',37),(716,765,321,NULL,'2014-12-01','2013-11-26 12:53:08',37),(717,777,321,NULL,'0000-00-00','2013-11-26 12:53:08',37),(718,246,321,NULL,'2013-02-01','2013-11-26 12:53:08',37),(719,756,321,NULL,'2015-11-01','2013-11-26 12:53:08',37),(720,745,321,NULL,'2016-09-01','2013-11-26 12:53:08',37),(721,709,321,NULL,'2015-02-01','2013-11-26 12:53:08',37),(722,770,322,NULL,'2014-08-01','2013-11-26 13:00:58',37),(723,749,322,NULL,'2015-06-01','2013-11-26 13:00:58',37),(724,1503,322,NULL,'2016-01-01','2013-11-26 13:00:58',37),(725,642,322,NULL,'2016-01-01','2013-11-26 13:00:58',37),(726,389,322,NULL,'2016-03-09','2013-11-26 13:00:58',37),(727,591,322,NULL,'2015-06-07','2013-11-26 13:00:58',37),(728,544,322,NULL,'2018-05-01','2013-11-26 13:00:58',37),(729,712,322,NULL,'2013-06-18','2013-11-26 13:00:58',37),(730,680,323,NULL,'2016-01-27','2013-11-26 13:14:02',37),(731,158,323,NULL,'2015-12-01','2013-11-26 13:14:02',37),(732,160,323,NULL,'2016-02-01','2013-11-26 13:14:02',37),(733,758,323,NULL,'2016-03-09','2013-11-26 13:14:02',37),(734,162,323,NULL,'2015-09-01','2013-11-26 13:14:02',37),(735,119,324,NULL,'2015-03-01','2013-11-26 13:16:19',37),(736,120,324,NULL,'2014-01-01','2013-11-26 13:16:19',37),(737,701,325,NULL,'2016-03-01','2013-11-26 13:24:13',37),(738,741,325,NULL,'2014-11-01','2013-11-26 13:24:13',37),(739,135,325,NULL,'0000-00-00','2013-11-26 13:24:13',37),(740,1041,325,NULL,'2016-10-01','2013-11-26 13:24:13',37),(741,707,325,NULL,'2014-12-01','2013-11-26 13:24:13',37),(742,687,326,NULL,'2015-01-09','2013-11-26 13:36:31',37),(743,762,326,NULL,'2014-05-01','2013-11-26 13:36:31',37),(744,1633,326,NULL,'2015-03-03','2013-11-26 13:36:31',37),(745,724,326,NULL,'2016-04-01','2013-11-26 13:36:31',37),(746,723,326,NULL,'2015-12-01','2013-11-26 13:36:31',37),(747,1634,326,NULL,'2015-04-01','2013-11-26 13:36:31',37),(748,1635,327,NULL,'2015-01-01','2013-11-26 13:41:32',37),(749,1636,327,NULL,'2011-09-01','2013-11-26 13:41:32',37),(750,1637,327,NULL,'2014-07-01','2013-11-26 13:41:32',37),(751,1638,328,NULL,'2016-05-01','2013-11-26 13:46:24',37),(752,247,329,NULL,'2015-09-12','2013-11-26 13:47:49',37),(753,803,330,NULL,'2016-07-01','2013-11-26 13:54:42',37),(754,701,331,NULL,'2016-03-01','2013-11-26 13:56:30',37),(755,1639,332,NULL,'2016-02-01','2013-11-26 14:02:37',37),(756,713,332,NULL,'2016-06-07','2013-11-26 14:02:37',37),(757,910,332,NULL,'2014-11-01','2013-11-26 14:02:37',37),(758,909,332,NULL,'2016-02-01','2013-11-26 14:02:38',37),(759,1640,333,NULL,'2015-11-27','2013-11-26 14:10:40',37),(760,1641,333,NULL,'2017-12-01','2013-11-26 14:10:40',37),(761,702,333,NULL,'2016-06-15','2013-11-26 14:10:40',37),(762,740,333,NULL,'2015-06-15','2013-11-26 14:10:40',37),(763,967,334,NULL,'2014-07-01','2013-11-26 14:48:17',37),(764,796,334,NULL,'2015-08-09','2013-11-26 14:48:17',37),(765,648,334,NULL,'2017-04-01','2013-11-26 14:48:17',37),(766,804,334,NULL,'2016-05-24','2013-11-26 14:48:17',37),(767,365,334,NULL,'2018-05-15','2013-11-26 14:48:17',37),(768,785,335,NULL,'2016-07-01','2013-11-26 14:54:52',37),(769,650,335,NULL,'2018-07-01','2013-11-26 14:54:52',37),(770,797,336,NULL,'2015-10-09','2013-11-26 14:58:07',37),(771,698,336,NULL,'2014-11-05','2013-11-26 14:58:07',37),(772,699,337,NULL,'2015-03-02','2013-11-26 15:04:10',37),(773,742,337,NULL,'2016-05-03','2013-11-26 15:04:10',37),(774,1642,338,NULL,'2015-03-02','2013-11-26 15:17:18',37),(775,973,338,NULL,'2016-03-27','2013-11-26 15:17:18',37),(776,970,338,NULL,'2014-09-25','2013-11-26 15:17:18',37),(777,1643,339,NULL,'2016-03-02','2013-11-26 15:30:54',37),(778,708,339,NULL,'2015-07-25','2013-11-26 15:30:55',37),(779,1512,340,NULL,'2014-03-07','2013-11-26 15:33:47',37),(780,950,340,NULL,'2015-03-21','2013-11-26 15:33:47',37),(781,793,341,NULL,'2015-10-14','2013-11-26 15:35:03',37),(782,788,342,NULL,'2016-07-12','2013-11-26 15:46:29',37),(783,657,342,NULL,'2018-04-29','2013-11-26 15:46:29',37),(784,761,343,NULL,'2016-02-04','2013-11-26 15:58:15',37),(785,1644,343,NULL,'2016-01-01','2013-11-26 15:58:15',37),(786,966,343,NULL,'2014-04-02','2013-11-26 15:58:15',37),(787,794,343,NULL,'2014-01-01','2013-11-26 15:58:15',37),(788,694,343,NULL,'2016-02-10','2013-11-26 15:58:15',37),(789,1645,343,NULL,'2015-10-01','2013-11-26 15:58:15',37),(790,769,344,NULL,'2016-08-05','2013-11-26 16:04:55',37),(791,764,344,NULL,'2017-06-01','2013-11-26 16:04:55',37),(792,1646,344,NULL,'2014-02-01','2013-11-26 16:04:55',37),(793,1647,345,NULL,'2016-03-02','2013-11-26 16:14:38',37),(794,800,345,NULL,'2016-10-10','2013-11-26 16:14:38',37),(795,1648,345,NULL,'2014-03-01','2013-11-26 16:14:38',37),(796,1513,346,NULL,'2016-04-01','2013-11-26 16:16:50',37),(797,1556,347,NULL,'2015-06-12','2013-11-26 16:24:20',37),(798,768,347,NULL,'2013-11-01','2013-11-26 16:24:20',37),(799,316,348,NULL,'2016-11-03','2013-11-26 16:28:50',37),(800,853,348,NULL,'2016-08-05','2013-11-26 16:28:50',37),(801,899,348,NULL,'2016-03-20','2013-11-26 16:28:50',37),(802,476,349,NULL,'2015-02-04','2013-11-26 16:30:11',37),(803,799,350,NULL,'2015-02-02','2013-11-26 16:36:08',37),(804,1649,350,NULL,'2015-04-27','2013-11-26 16:36:08',37),(805,854,351,NULL,'2016-07-01','2013-11-26 16:38:50',37),(806,900,351,NULL,'2015-10-09','2013-11-26 16:38:50',37),(807,792,352,NULL,'2018-09-01','2013-11-26 16:40:45',37),(808,771,353,NULL,'2015-12-04','2013-11-26 16:51:30',37),(809,981,354,NULL,'2016-06-23','2013-11-26 17:06:11',37),(810,879,354,NULL,'2015-10-02','2013-11-26 17:06:11',37),(811,595,355,NULL,'2015-01-01','2013-11-26 17:18:45',37),(812,253,356,NULL,'2015-08-20','2013-11-26 17:31:25',37),(813,982,356,NULL,'2014-09-04','2013-11-26 17:31:25',37),(814,990,356,NULL,'2016-01-01','2013-11-26 17:31:25',37),(815,1006,356,NULL,'2015-12-01','2013-11-26 17:31:25',37),(816,312,356,NULL,'2016-05-04','2013-11-26 17:31:25',37),(817,1650,357,NULL,'2015-03-03','2013-11-26 18:09:14',37),(818,1651,358,NULL,'2018-01-29','2013-11-26 18:21:43',37),(819,983,359,NULL,'2014-05-01','2013-11-26 18:36:37',37),(820,1007,359,NULL,'2017-10-03','2013-11-26 18:36:37',37),(821,905,359,NULL,'2016-01-06','2013-11-26 18:36:37',37),(822,898,360,NULL,'2015-04-02','2013-11-26 18:41:31',37),(823,106,360,NULL,'2015-04-02','2013-11-26 18:41:31',37),(824,105,360,NULL,'2015-08-01','2013-11-26 18:41:31',37),(825,897,360,NULL,'2014-04-03','2013-11-26 18:41:31',37),(826,1001,361,NULL,'2014-06-09','2013-11-26 18:50:16',37),(827,995,361,NULL,'2016-01-01','2013-11-26 18:50:16',37),(828,418,361,NULL,'2015-10-01','2013-11-26 18:50:16',37),(829,871,361,NULL,'2017-10-04','2013-11-26 18:50:16',37),(830,896,361,NULL,'2015-01-01','2013-11-26 18:50:16',37),(831,870,361,NULL,'2016-10-01','2013-11-26 18:50:16',37),(832,895,361,NULL,'2018-06-01','2013-11-26 18:50:16',37),(833,880,361,NULL,'2015-10-18','2013-11-26 18:50:16',37),(834,985,362,NULL,'2016-04-06','2013-11-26 18:51:51',37),(835,787,363,NULL,'2016-04-01','2013-11-26 19:02:56',37),(836,1010,364,NULL,'2016-01-01','2013-11-26 19:13:58',37),(837,881,364,NULL,'2015-05-01','2013-11-26 19:13:58',37),(838,894,364,NULL,'2016-09-01','2013-11-26 19:13:58',37),(839,992,364,NULL,'2014-05-01','2013-11-26 19:13:58',37),(840,994,364,NULL,'2015-03-03','2013-11-26 19:13:58',37),(841,904,364,NULL,'2014-11-05','2013-11-26 19:13:58',37),(842,996,364,NULL,'2015-10-10','2013-11-26 19:13:58',37),(843,134,364,NULL,'2015-09-02','2013-11-26 19:13:58',37),(844,133,364,NULL,'2015-07-06','2013-11-26 19:13:58',37),(845,164,365,NULL,'2015-11-05','2013-11-26 19:25:59',37),(846,1008,365,NULL,'2015-05-05','2013-11-26 19:25:59',37),(847,1009,365,NULL,'2017-04-22','2013-11-26 19:25:59',37),(848,993,365,NULL,'2014-04-04','2013-11-26 19:25:59',37),(849,891,365,NULL,'2016-10-07','2013-11-26 19:25:59',37),(850,969,365,NULL,'2014-03-07','2013-11-26 19:25:59',37),(851,1057,365,NULL,'2018-05-02','2013-11-26 19:25:59',37),(852,1031,365,NULL,'2015-08-01','2013-11-26 19:25:59',37),(853,1483,366,NULL,'2015-03-04','2013-11-26 19:36:25',37),(854,1482,366,NULL,'2015-03-13','2013-11-26 19:36:25',37),(855,1484,366,NULL,'2015-03-04','2013-11-26 19:36:25',37),(856,1490,366,NULL,'2014-03-04','2013-11-26 19:36:25',37),(857,1496,366,NULL,'2014-04-03','2013-11-26 19:36:25',37),(858,1497,366,NULL,'2014-03-13','2013-11-26 19:36:25',37),(859,1070,366,NULL,'2015-04-04','2013-11-26 19:36:25',37),(860,1053,366,NULL,'2014-04-03','2013-11-26 19:36:25',37),(861,1652,367,NULL,'2016-04-18','2013-11-27 07:26:42',37),(862,1653,367,NULL,'2013-11-09','2013-11-27 07:26:42',37),(863,935,367,NULL,'2016-06-13','2013-11-27 07:26:42',37),(864,90,368,NULL,'2015-01-01','2013-11-27 07:55:37',37),(865,257,369,NULL,'2015-05-22','2013-11-27 08:03:52',37),(866,753,369,NULL,'2016-02-01','2013-11-27 08:03:52',37),(867,264,369,NULL,'2015-04-01','2013-11-27 08:03:52',37),(868,264,370,NULL,'2015-04-01','2013-11-27 08:07:47',37),(869,502,371,NULL,'2015-04-08','2013-11-27 08:09:11',37),(870,806,372,NULL,'2013-11-01','2013-11-27 08:12:50',37),(871,605,374,NULL,'2016-02-01','2013-11-27 09:07:48',37),(872,919,375,NULL,'2014-10-01','2013-11-27 09:37:38',37),(873,202,376,NULL,'2016-03-01','2013-11-27 10:01:00',37),(874,201,376,NULL,'2016-02-01','2013-11-27 10:01:00',37),(875,424,377,NULL,'2016-04-04','2013-11-27 10:19:08',37),(876,564,377,NULL,'2016-03-16','2013-11-27 10:19:08',37),(877,671,377,NULL,'2018-06-01','2013-11-27 10:19:08',37),(878,718,377,NULL,'2015-07-01','2013-11-27 10:19:08',37),(879,933,378,NULL,'2016-03-04','2013-11-27 10:42:26',37),(880,984,378,NULL,'2016-07-08','2013-11-27 10:42:26',37),(881,934,378,NULL,'2016-05-20','2013-11-27 10:42:26',37),(882,908,378,NULL,'2015-11-03','2013-11-27 10:42:26',37),(883,906,379,NULL,'2015-05-19','2013-11-27 11:45:47',37),(884,937,379,NULL,'2016-06-13','2013-11-27 11:45:47',37),(885,936,379,NULL,'2016-05-22','2013-11-27 11:45:47',37),(886,913,379,NULL,'2018-03-13','2013-11-27 11:45:47',37),(887,912,379,NULL,'2018-03-15','2013-11-27 11:45:47',37),(888,1654,379,NULL,'2018-01-10','2013-11-27 11:45:47',37),(889,932,380,NULL,'2016-05-30','2013-11-27 11:55:43',37),(890,137,380,NULL,'2016-05-20','2013-11-27 11:55:43',37),(891,914,380,NULL,'2017-07-21','2013-11-27 11:55:44',37),(892,1655,380,NULL,'2017-07-01','2013-11-27 11:55:44',37),(893,918,381,NULL,'2015-11-05','2013-11-27 12:05:06',37),(894,1656,381,NULL,'2017-12-01','2013-11-27 12:05:06',37),(895,1657,382,NULL,'2014-12-01','2013-11-27 12:18:14',37),(896,907,382,NULL,'2016-01-01','2013-11-27 12:18:14',37),(897,863,382,NULL,'2015-08-01','2013-11-27 12:18:14',37),(898,1658,382,NULL,'2016-01-01','2013-11-27 12:18:14',37),(899,1659,382,NULL,'2016-01-01','2013-11-27 12:18:15',37),(900,1612,383,NULL,'2016-03-18','2013-11-27 12:19:29',37),(901,1660,384,NULL,'2016-01-01','2013-11-27 12:33:42',37),(902,1661,384,NULL,'2016-01-01','2013-11-27 12:33:42',37),(903,1662,384,NULL,'2016-01-01','2013-11-27 12:33:42',37),(904,1663,384,NULL,'2016-01-01','2013-11-27 12:33:42',37),(905,1665,385,NULL,'2016-01-01','2013-11-27 13:01:05',37),(906,938,385,NULL,'2015-11-30','2013-11-27 13:01:05',37),(907,949,385,NULL,'2016-01-01','2013-11-27 13:01:05',37),(908,674,385,NULL,'2015-08-01','2013-11-27 13:01:05',37),(909,1666,385,NULL,'2016-01-01','2013-11-27 13:01:05',37),(910,1657,385,NULL,'2014-12-01','2013-11-27 13:01:05',37),(911,219,386,NULL,'2016-10-01','2013-11-27 13:18:09',37),(912,220,386,NULL,'2016-06-20','2013-11-27 13:18:09',37),(913,1667,386,NULL,'2014-03-01','2013-11-27 13:18:09',37),(914,978,387,NULL,'2016-05-01','2013-11-27 13:22:29',37),(915,786,387,NULL,'2017-06-01','2013-11-27 13:22:29',37),(916,977,387,NULL,'2017-04-21','2013-11-27 13:22:30',37),(917,1491,388,NULL,'2016-09-18','2013-11-27 14:11:29',37),(918,1487,388,NULL,'0000-00-00','2013-11-27 14:11:29',37),(919,1470,388,NULL,'2018-04-30','2013-11-27 14:11:29',37),(920,1489,388,NULL,'2016-03-03','2013-11-27 14:11:29',37),(921,1472,388,NULL,'2015-05-01','2013-11-27 14:11:29',37),(922,1486,388,NULL,'2016-07-01','2013-11-27 14:11:29',37),(923,1488,388,NULL,'2016-01-01','2013-11-27 14:11:29',37),(924,1471,388,NULL,'2016-01-01','2013-11-27 14:11:29',37),(925,1485,388,NULL,'2016-06-13','2013-11-27 14:11:29',37),(926,1492,388,NULL,'2016-01-01','2013-11-27 14:11:30',37),(927,1493,388,NULL,'0000-00-00','2013-11-27 14:11:30',37),(928,1408,388,NULL,'2014-12-01','2013-11-27 14:11:30',37),(929,1495,388,NULL,'2013-04-05','2013-11-27 14:11:30',37),(930,1668,389,NULL,'2016-01-01','2013-11-27 14:21:48',37),(931,1494,389,NULL,'2016-01-01','2013-11-27 14:21:48',37),(932,672,390,NULL,'2015-08-01','2013-11-27 14:35:10',37),(933,959,390,NULL,'2015-09-01','2013-11-27 14:35:10',37),(934,1669,390,NULL,'2015-01-03','2013-11-27 14:35:10',37),(935,1670,391,NULL,'2015-05-01','2013-11-27 14:53:39',37),(936,1671,391,NULL,'2015-06-01','2013-11-27 14:53:39',37),(937,1670,392,NULL,'2015-05-01','2013-11-27 15:03:13',37),(938,1672,393,NULL,'2014-03-01','2013-11-27 15:29:08',37),(939,1673,394,NULL,'2014-04-03','2013-11-27 15:33:50',37),(940,1676,395,NULL,'2015-12-03','2013-11-27 15:43:23',37),(941,1017,396,NULL,'2014-04-03','2013-11-27 16:05:12',37),(942,1015,396,NULL,'2014-03-05','2013-11-27 16:05:12',37),(943,1013,396,NULL,'2014-03-13','2013-11-27 16:05:12',37),(944,1014,396,NULL,'2014-04-11','2013-11-27 16:05:12',37),(945,1038,397,NULL,'2017-12-07','2013-11-27 16:16:03',37),(946,1039,397,NULL,'2017-11-28','2013-11-27 16:16:03',37),(947,1020,397,NULL,'2014-02-25','2013-11-27 16:16:03',37),(948,1019,397,NULL,'2018-06-18','2013-11-27 16:16:03',37),(949,1018,397,NULL,'2017-03-03','2013-11-27 16:16:03',37),(950,1022,397,NULL,'2016-11-01','2013-11-27 16:16:04',37),(951,1040,397,NULL,'2016-10-01','2013-11-27 16:16:04',37),(952,1035,397,NULL,'2015-04-01','2013-11-27 16:16:04',37),(953,1033,398,NULL,'2017-07-01','2013-11-27 16:28:20',37),(954,1036,398,NULL,'2016-04-01','2013-11-27 16:28:20',37),(955,1016,398,NULL,'2016-03-04','2013-11-27 16:28:20',37),(956,744,398,NULL,'2015-04-01','2013-11-27 16:28:20',37),(957,964,399,NULL,'2014-12-10','2013-11-27 16:39:41',37),(958,1025,399,NULL,'2017-10-02','2013-11-27 16:39:41',37),(959,1024,399,NULL,'2018-02-01','2013-11-27 16:39:41',37),(960,1023,399,NULL,'2013-02-01','2013-11-27 16:39:41',37),(961,1044,399,NULL,'2014-08-01','2013-11-27 16:39:41',37),(962,1048,400,NULL,'2015-03-04','2013-11-27 16:42:31',37),(963,1043,400,NULL,'2013-03-07','2013-11-27 16:42:31',37),(964,1045,400,NULL,'2013-03-06','2013-11-27 16:42:31',37),(965,1677,401,NULL,'2016-06-17','2013-11-27 16:52:19',37),(966,1678,401,NULL,'2015-04-03','2013-11-27 16:52:19',37),(967,1679,402,NULL,'2014-02-20','2013-11-27 16:57:26',37),(968,959,403,NULL,'2014-11-01','2013-11-27 16:59:46',37),(969,1509,403,NULL,'2014-03-01','2013-11-27 16:59:46',37),(970,1680,404,NULL,'2014-03-01','2013-11-27 17:18:57',37),(971,1681,404,NULL,'2014-04-11','2013-11-27 17:18:57',37),(972,1682,405,NULL,'2016-03-01','2013-11-27 17:27:56',37),(973,1683,405,NULL,'2016-02-28','2013-11-27 17:27:57',37),(974,1684,406,NULL,'2013-03-01','2013-11-27 18:12:28',37),(975,1045,407,NULL,'2014-03-01','2013-11-27 18:13:33',37),(976,1059,408,NULL,'2014-03-01','2013-11-27 18:18:45',37),(977,1685,409,NULL,'2014-03-01','2013-11-27 18:25:45',37),(978,1686,410,NULL,'2016-07-15','2013-11-27 18:32:28',37),(979,1687,410,NULL,'2015-07-16','2013-11-27 18:32:29',37),(980,1688,411,NULL,'2014-10-01','2013-11-27 18:42:58',37),(981,1689,411,NULL,'2017-05-01','2013-11-27 18:42:58',37),(982,1690,411,NULL,'2016-01-05','2013-11-27 18:42:58',37),(983,1691,412,NULL,'2015-10-20','2013-11-27 18:56:59',37),(984,1692,413,NULL,'2016-07-01','2013-11-27 19:10:58',37),(985,721,413,NULL,'2017-12-01','2013-11-27 19:10:58',37),(986,865,413,NULL,'2014-03-01','2013-11-27 19:10:58',37),(987,1693,414,NULL,'2014-05-01','2013-11-28 08:05:16',37),(988,1694,415,NULL,'2015-01-01','2013-11-28 08:06:48',37),(989,1695,416,NULL,'2016-01-01','2013-11-28 08:46:26',37),(990,1696,416,NULL,'2015-01-01','2013-11-28 08:46:26',37),(991,1697,416,NULL,'2014-10-01','2013-11-28 08:46:26',37),(992,424,416,NULL,'2016-05-24','2013-11-28 08:46:26',37),(993,1698,417,NULL,'2014-07-29','2013-11-28 08:56:30',37),(994,1699,417,NULL,'2014-06-01','2013-11-28 08:56:30',37),(995,1700,417,NULL,'2015-10-20','2013-11-28 08:56:31',37),(996,1701,417,NULL,'2014-01-01','2013-11-28 08:56:31',37),(997,1702,418,NULL,'2014-10-01','2013-11-28 09:06:31',37),(999,1704,419,NULL,'2014-08-01','2013-11-28 09:25:36',37),(1000,840,420,NULL,'2016-03-01','2013-11-28 09:30:32',37),(1001,839,420,NULL,'2016-09-01','2013-11-28 09:30:32',37),(1002,1011,420,NULL,'2017-08-01','2013-11-28 09:30:32',37),(1003,982,420,NULL,'2015-02-01','2013-11-28 09:30:32',37),(1004,683,420,NULL,'2016-03-01','2013-11-28 09:30:32',37),(1005,881,420,NULL,'2015-10-03','2013-11-28 09:30:32',37),(1006,879,421,NULL,'2015-10-01','2013-11-28 09:43:29',37),(1007,880,421,NULL,'2016-03-04','2013-11-28 09:43:29',37),(1008,324,421,NULL,'2016-03-01','2013-11-28 09:43:30',37),(1009,843,422,NULL,'2016-10-02','2013-11-28 09:54:04',37),(1010,493,422,NULL,'2015-03-01','2013-11-28 09:54:04',37),(1011,1651,422,NULL,'2018-01-01','2013-11-28 09:54:04',37),(1012,812,422,NULL,'2016-10-09','2013-11-28 09:54:04',37),(1013,355,422,NULL,'2016-10-09','2013-11-28 09:54:04',37),(1014,498,423,NULL,'2016-05-19','2013-11-28 09:57:51',37),(1015,807,423,NULL,'2015-11-01','2013-11-28 09:57:51',37),(1016,1583,423,NULL,'2016-05-19','2013-11-28 09:57:51',37),(1017,222,423,NULL,'2017-03-01','2013-11-28 09:57:51',37),(1018,604,423,NULL,'2016-03-31','2013-11-28 09:57:51',37),(1019,1698,424,NULL,'2016-01-01','2013-11-28 10:00:39',37),(1020,1409,425,NULL,'2014-03-07','2013-11-28 10:45:03',37),(1021,1705,425,NULL,'2015-03-06','2013-11-28 10:45:03',37),(1022,1706,425,NULL,'2014-03-01','2013-11-28 10:45:04',37),(1023,1707,425,NULL,'2014-03-01','2013-11-28 10:45:04',37),(1024,1708,425,NULL,'2014-03-01','2013-11-28 10:45:04',37),(1025,1709,425,NULL,'2014-04-16','2013-11-28 10:45:04',37),(1026,1710,425,NULL,'2014-03-01','2013-11-28 10:45:04',37),(1027,1711,425,NULL,'2014-07-04','2013-11-28 10:45:04',37),(1028,1712,426,NULL,'2014-04-04','2013-11-28 10:59:01',37),(1029,1713,426,NULL,'2014-04-17','2013-11-28 10:59:01',37),(1030,291,427,NULL,'2015-03-02','2013-11-28 11:01:58',37),(1031,1715,428,NULL,'2014-03-01','2013-11-28 15:50:50',37),(1032,961,429,NULL,'2014-03-06','2013-11-28 16:01:45',37),(1033,1716,429,NULL,'2014-04-04','2013-11-28 16:01:45',37),(1034,1717,429,NULL,'2014-04-04','2013-11-28 16:01:45',37),(1035,1718,429,NULL,'2014-04-04','2013-11-28 16:01:45',37),(1036,1719,430,NULL,'2014-04-03','2013-11-28 16:04:57',37),(1037,954,431,NULL,'2014-03-01','2013-11-28 16:35:17',37),(1038,1720,432,NULL,'2015-03-04','2013-11-28 16:49:13',37),(1039,1721,433,NULL,'2015-04-09','2013-11-28 16:57:56',37),(1040,1724,434,NULL,'2015-03-02','2013-11-28 17:05:06',37),(1041,1727,435,NULL,'2015-03-06','2013-11-28 17:12:44',37),(1042,1728,436,NULL,'2014-07-03','2013-11-28 17:34:17',37),(1043,1729,436,NULL,'2014-03-01','2013-11-28 17:34:18',37),(1044,1730,437,NULL,'2014-04-11','2013-11-28 17:37:49',37),(1045,1731,438,NULL,'2016-06-30','2013-11-28 17:42:24',37),(1046,823,440,NULL,'2015-07-02','2013-11-28 18:47:21',37),(1047,643,440,NULL,'2015-11-06','2013-11-28 18:47:21',37),(1048,181,440,NULL,'2015-05-05','2013-11-28 18:47:21',37),(1049,179,440,NULL,'2016-05-02','2013-11-28 18:47:21',37),(1050,178,440,NULL,'2016-06-01','2013-11-28 18:47:21',37),(1051,89,440,NULL,'2015-04-01','2013-11-28 18:47:21',37),(1052,750,441,NULL,'2016-06-01','2013-11-28 18:50:39',37),(1053,1214,441,NULL,'2015-09-01','2013-11-28 18:50:39',37),(1054,1734,442,NULL,'2015-03-03','2013-11-28 18:59:47',37),(1055,717,443,NULL,'2015-03-01','2013-11-29 08:25:49',37),(1056,1068,444,NULL,'2016-01-01','2013-11-29 08:55:09',37),(1057,1054,444,NULL,'2016-01-01','2013-11-29 08:55:09',37),(1058,1061,444,NULL,'2016-01-01','2013-11-29 08:55:09',37),(1059,1056,444,NULL,'2016-01-01','2013-11-29 08:55:09',37),(1060,1062,444,NULL,'2016-01-01','2013-11-29 08:55:09',37),(1061,1058,444,NULL,'2016-01-01','2013-11-29 08:55:09',37),(1062,1055,444,NULL,'2016-01-01','2013-11-29 08:55:09',37),(1063,1050,444,NULL,'2016-01-01','2013-11-29 08:55:09',37),(1064,1049,444,NULL,'2016-01-01','2013-11-29 08:55:09',37),(1065,1066,444,NULL,'2016-01-01','2013-11-29 08:55:09',37),(1066,1051,445,NULL,'2016-01-01','2013-11-29 08:56:25',37),(1067,1052,445,NULL,'2016-01-01','2013-11-29 08:56:25',37),(1068,1067,445,NULL,'2016-01-01','2013-11-29 08:56:25',37),(1069,503,446,NULL,'2015-09-08','2013-11-29 09:44:50',37),(1070,1632,447,NULL,'2015-04-01','2013-11-29 09:54:46',37),(1071,1506,448,NULL,'2016-01-01','2013-11-29 10:15:45',37),(1072,485,449,NULL,'2015-03-01','2013-11-29 10:21:13',37),(1073,593,450,NULL,'2013-11-01','2013-11-29 10:28:32',37),(1074,791,450,NULL,'2016-09-08','2013-11-29 10:28:32',37),(1075,965,451,NULL,'2015-04-01','2013-11-29 10:40:51',37),(1076,939,452,NULL,'2017-01-11','2013-11-29 10:42:47',37),(1077,591,453,NULL,'2015-06-01','2013-11-29 10:50:23',37),(1078,1199,454,NULL,'2016-01-01','2013-11-29 10:56:47',37),(1079,724,455,NULL,'2016-06-01','2013-11-29 11:03:50',37),(1080,649,456,NULL,'2016-05-01','2013-11-29 15:10:04',37),(1081,824,458,NULL,'2015-03-01','2013-11-29 17:07:46',37),(1082,165,459,NULL,'2016-04-01','2013-11-29 17:08:41',37),(1083,462,460,NULL,'2015-03-04','2013-11-29 17:11:23',37),(1084,1505,461,NULL,'2015-02-23','2013-11-29 17:52:25',37),(1085,893,462,NULL,'2016-03-04','2013-11-29 17:53:23',37),(1086,897,463,NULL,'2014-09-04','2013-11-29 17:59:09',37),(1087,1028,464,NULL,'2015-06-03','2013-11-29 18:02:01',37),(1088,1506,465,NULL,'2016-07-01','2013-11-29 18:07:58',37),(1089,1572,466,NULL,'2016-10-01','2013-11-29 18:10:34',37),(1090,741,467,NULL,'2016-03-01','2013-11-29 18:15:19',37),(1091,224,468,NULL,'2017-07-01','2013-11-29 18:16:15',37),(1092,175,469,NULL,'2016-01-01','2013-11-30 09:29:58',37),(1093,1735,470,NULL,'2013-06-20','2013-11-30 10:16:56',37),(1094,1742,472,NULL,'2018-02-15','2013-11-30 10:33:29',37),(1095,1742,473,NULL,'2018-02-15','2013-11-30 10:36:16',37),(1096,767,474,NULL,'2015-07-02','2013-11-30 10:39:23',37),(1097,776,474,NULL,'2017-06-01','2013-11-30 10:39:23',37),(1098,1511,475,NULL,'2016-08-04','2013-11-30 10:40:41',37),(1099,777,476,NULL,'2015-04-01','2013-11-30 10:42:27',37),(1100,693,477,NULL,'2015-09-01','2013-11-30 10:45:50',37),(1101,691,477,NULL,'2016-09-01','2013-11-30 10:45:50',37),(1102,1500,478,NULL,'2016-04-01','2013-11-30 10:51:00',37),(1103,1743,479,NULL,'2015-10-01','2013-11-30 10:53:33',37),(1104,645,480,NULL,'2016-04-01','2013-11-30 11:23:12',37),(1105,502,480,NULL,'2015-06-01','2013-11-30 11:23:12',37),(1106,489,480,NULL,'2015-03-01','2013-11-30 11:23:12',37),(1107,1603,481,NULL,'2018-09-01','2013-11-30 11:29:58',37),(1108,261,481,NULL,'2016-03-01','2013-11-30 11:29:58',37),(1109,1582,481,NULL,'2016-08-01','2013-11-30 11:29:58',37),(1110,164,481,NULL,'2016-05-01','2013-11-30 11:29:58',37),(1111,990,481,NULL,'2016-01-01','2013-11-30 11:29:58',37),(1112,413,481,NULL,'2015-08-01','2013-11-30 11:29:58',37),(1113,203,482,NULL,'2017-06-08','2013-11-30 14:15:23',37),(1114,201,483,NULL,'2016-02-01','2013-11-30 14:23:57',37),(1115,1744,484,NULL,'2015-06-01','2013-11-30 14:34:04',37),(1116,1745,485,NULL,'2016-03-01','2013-11-30 14:37:59',37),(1117,743,486,NULL,'2015-06-01','2013-11-30 14:47:44',37),(1118,1746,487,NULL,'2015-09-05','2013-11-30 14:50:57',37),(1119,1747,488,NULL,'2016-04-01','2013-11-30 14:55:15',37),(1120,1748,489,NULL,'2016-04-02','2013-11-30 14:58:28',37),(1121,1501,490,NULL,'2015-04-01','2013-11-30 14:59:56',37),(1122,692,491,NULL,'2014-10-01','2013-11-30 15:01:51',37),(1123,766,492,NULL,'2017-06-29','2013-11-30 15:06:38',37),(1124,1749,493,NULL,'2017-08-01','2013-11-30 15:12:44',37),(1125,1750,494,NULL,'2016-06-23','2013-11-30 15:16:53',37),(1126,1751,495,NULL,'2015-02-01','2013-11-30 15:24:49',37),(1127,1752,497,NULL,'2015-09-01','2013-11-30 15:37:54',37),(1128,1753,498,NULL,'2014-10-01','2013-11-30 15:53:51',37),(1129,1754,499,NULL,'2015-03-01','2013-11-30 16:05:31',37),(1130,773,500,NULL,'2013-12-01','2013-11-30 16:08:36',37),(1131,775,501,NULL,'2018-05-01','2013-11-30 16:11:59',37),(1132,255,502,NULL,'2018-05-01','2013-11-30 16:13:32',37),(1133,909,503,NULL,'2016-03-01','2013-11-30 16:14:55',37),(1134,718,504,NULL,'2014-04-01','2013-11-30 17:45:23',37),(1135,1755,505,NULL,'2014-04-09','2013-11-30 17:48:28',37),(1136,1756,506,NULL,'2014-03-01','2013-11-30 18:56:33',37),(1137,1757,506,NULL,'2014-04-03','2013-11-30 18:56:33',37),(1138,1758,506,NULL,'2014-04-03','2013-11-30 18:56:33',37),(1139,1759,507,NULL,'2015-05-21','2013-11-30 19:00:28',37),(1140,1760,508,NULL,'2015-03-01','2013-11-30 19:16:59',37),(1141,1761,508,NULL,'2016-04-01','2013-11-30 19:16:59',37),(1142,1762,508,NULL,'2016-03-03','2013-11-30 19:16:59',37),(1143,1763,508,NULL,'2015-03-04','2013-11-30 19:16:59',37),(1144,1764,508,NULL,'2015-03-02','2013-11-30 19:16:59',37),(1145,1765,508,NULL,'2014-03-04','2013-11-30 19:16:59',37),(1146,1766,508,NULL,'2015-03-03','2013-11-30 19:16:59',37),(1147,1767,508,NULL,'2015-03-01','2013-11-30 19:16:59',37),(1148,1768,509,NULL,'2015-03-01','2013-11-30 19:29:51',37),(1149,1769,509,NULL,'2015-03-01','2013-11-30 19:29:51',37),(1150,1770,509,NULL,'2015-03-03','2013-11-30 19:29:51',37),(1151,1771,509,NULL,'2015-03-01','2013-11-30 19:29:52',37),(1152,1772,509,NULL,'2015-03-01','2013-11-30 19:29:52',37),(1153,1773,509,NULL,'2015-03-01','2013-11-30 19:29:52',37),(1154,1774,510,NULL,'2014-03-28','2013-12-01 06:57:50',37),(1155,1775,510,NULL,'2015-04-09','2013-12-01 06:57:50',37),(1156,1050,511,NULL,'2015-03-04','2013-12-01 07:13:37',37),(1157,1049,512,NULL,'2015-04-10','2013-12-01 07:14:46',37),(1158,1776,513,NULL,'2017-11-01','2013-12-01 11:40:41',37),(1159,1777,514,NULL,'2015-03-01','2013-12-01 11:57:25',37),(1160,1778,514,NULL,'2015-03-01','2013-12-01 11:57:25',37),(1161,1779,514,NULL,'2015-04-01','2013-12-01 11:57:25',37),(1162,1780,514,NULL,'2015-03-01','2013-12-01 11:57:25',37),(1163,1781,514,NULL,'2015-02-23','2013-12-01 11:57:25',37),(1164,1782,515,NULL,'2015-04-01','2013-12-01 11:59:20',37),(1165,1783,516,NULL,'2015-03-01','2013-12-01 12:03:57',37),(1166,1784,516,NULL,'2015-03-01','2013-12-01 12:03:57',37),(1167,1098,517,NULL,'2016-12-01','2013-12-01 12:06:30',37),(1168,1098,518,NULL,'2015-01-20','2013-12-01 12:08:04',37),(1169,1098,519,NULL,'2015-03-01','2013-12-01 12:08:58',37);

UNLOCK TABLES;

/*Table structure for table `item_price` */

DROP TABLE IF EXISTS `item_price`;

CREATE TABLE `item_price` (
  `id` int(11) NOT NULL AUTO_INCREMENT,
  `item_id` int(11) NOT NULL,
  `employee_id` int(11) NOT NULL,
  `old_price` double(15,4) DEFAULT NULL,
  `new_price` double(15,4) DEFAULT NULL,
  `modified_date` datetime DEFAULT NULL,
  PRIMARY KEY (`id`),
  KEY `FK_item_price_item_id` (`item_id`),
  KEY `FK_item_price_emp_id` (`employee_id`)
) ENGINE=InnoDB AUTO_INCREMENT=35 DEFAULT CHARSET=utf8;

/*Data for the table `item_price` */

LOCK TABLES `item_price` WRITE;

insert  into `item_price`(`id`,`item_id`,`employee_id`,`old_price`,`new_price`,`modified_date`) values (1,80,38,3.0000,2.0000,'2013-11-06 12:39:44'),(2,80,38,2.0000,1.0000,'2013-11-06 13:21:15'),(3,1649,38,0.3750,0.3750,'2013-12-03 05:50:50'),(4,1649,38,0.3750,0.3750,'2013-12-03 05:52:44'),(5,1649,38,0.3750,0.3750,'2013-12-03 05:53:14'),(6,1649,38,0.3750,0.3750,'2013-12-03 06:07:33'),(7,1649,38,0.3750,0.3750,'2013-12-03 06:08:36'),(8,1649,38,0.3750,0.3750,'2013-12-03 06:10:40'),(9,1649,38,0.3750,0.3750,'2013-12-03 06:11:53'),(10,1649,38,0.3750,0.3750,'2013-12-03 06:13:52'),(11,1649,38,0.3750,0.3750,'2013-12-03 06:17:02'),(12,908,38,5.0000,5.0000,'2013-12-03 06:18:31'),(13,1649,38,0.3750,0.3750,'2013-12-03 06:20:46'),(14,828,38,5.0000,5.0000,'2013-12-03 06:22:14'),(15,1649,38,0.3750,0.3750,'2013-12-03 06:23:26'),(16,1649,38,0.3750,0.3750,'2013-12-03 06:33:26'),(17,1649,38,0.3750,0.3750,'2013-12-03 06:36:28'),(18,1649,38,0.3750,0.3750,'2013-12-03 06:38:40'),(19,1649,38,0.3750,0.3750,'2013-12-03 06:41:41'),(20,1649,38,0.3750,0.3750,'2013-12-03 06:44:11'),(21,1649,38,0.3750,0.3750,'2013-12-03 06:45:32'),(22,1649,38,0.3750,0.3750,'2013-12-03 06:47:55'),(23,1649,38,0.3750,0.3750,'2013-12-03 06:50:27'),(24,1649,38,0.3750,0.3750,'2013-12-03 06:51:28'),(25,1649,38,0.3750,0.3750,'2013-12-03 06:52:56'),(26,1649,38,0.3750,0.3750,'2013-12-03 06:54:35'),(27,1649,38,0.3750,0.3750,'2013-12-03 10:42:46'),(28,1649,38,0.3750,0.3750,'2013-12-03 10:45:17'),(29,1649,38,0.3750,0.3750,'2013-12-03 10:47:53'),(30,1649,38,0.3750,0.3750,'2013-12-03 23:01:39'),(31,1649,38,0.3750,0.3750,'2013-12-03 23:07:50'),(32,1649,38,0.3750,0.3750,'2013-12-03 23:08:34'),(33,1649,38,0.3750,0.3750,'2013-12-04 01:55:27'),(34,1649,38,0.3750,0.3800,'2014-01-03 13:26:02');

UNLOCK TABLES;

/*Table structure for table `item_sub_unit` */

DROP TABLE IF EXISTS `item_sub_unit`;

CREATE TABLE `item_sub_unit` (
  `id` int(11) NOT NULL AUTO_INCREMENT,
  `unit_name` varchar(50) NOT NULL,
  PRIMARY KEY (`id`)
) ENGINE=InnoDB DEFAULT CHARSET=utf8;

/*Data for the table `item_sub_unit` */

LOCK TABLES `item_sub_unit` WRITE;

UNLOCK TABLES;

/*Table structure for table `item_unit` */

DROP TABLE IF EXISTS `item_unit`;

CREATE TABLE `item_unit` (
  `id` int(11) NOT NULL AUTO_INCREMENT,
  `unit_name` varchar(50) NOT NULL,
  PRIMARY KEY (`id`)
) ENGINE=InnoDB AUTO_INCREMENT=5 DEFAULT CHARSET=utf8;

/*Data for the table `item_unit` */

LOCK TABLES `item_unit` WRITE;

insert  into `item_unit`(`id`,`unit_name`) values (1,'បន្ទះ'),(2,'ប្រអប់'),(3,'ដប'),(4,'កំបុង');

UNLOCK TABLES;

/*Table structure for table `item_unit_quantity` */

DROP TABLE IF EXISTS `item_unit_quantity`;

CREATE TABLE `item_unit_quantity` (
  `item_id` int(11) NOT NULL,
  `unit_id` int(11) NOT NULL,
  `quantity` double(15,2) NOT NULL,
  `cost_price` double(15,2) DEFAULT NULL,
  `unit_price` double(15,2) DEFAULT NULL,
  PRIMARY KEY (`item_id`),
  KEY `FK_item_unit_quantity_unit_id` (`unit_id`),
  CONSTRAINT `FK_item_unit_quantity_item_id` FOREIGN KEY (`item_id`) REFERENCES `item` (`id`) ON DELETE CASCADE,
  CONSTRAINT `FK_item_unit_quantity_unit_id` FOREIGN KEY (`unit_id`) REFERENCES `item_unit` (`id`) ON DELETE CASCADE
) ENGINE=InnoDB DEFAULT CHARSET=utf8;

/*Data for the table `item_unit_quantity` */

LOCK TABLES `item_unit_quantity` WRITE;

UNLOCK TABLES;

/*Table structure for table `rbac_group` */

DROP TABLE IF EXISTS `rbac_group`;

CREATE TABLE `rbac_group` (
  `id` int(11) NOT NULL AUTO_INCREMENT,
  `title` varchar(60) NOT NULL,
  `note` varchar(250) DEFAULT NULL,
  `status` tinyint(1) DEFAULT '1',
  PRIMARY KEY (`id`)
) ENGINE=InnoDB DEFAULT CHARSET=utf8;

/*Data for the table `rbac_group` */

LOCK TABLES `rbac_group` WRITE;

UNLOCK TABLES;

/*Table structure for table `rbac_user` */

DROP TABLE IF EXISTS `rbac_user`;

CREATE TABLE `rbac_user` (
  `id` int(11) NOT NULL AUTO_INCREMENT,
  `user_name` varchar(60) NOT NULL,
  `group_id` int(11) DEFAULT NULL,
  `employee_id` int(11) NOT NULL,
  `user_password` varchar(128) NOT NULL,
  `deleted` tinyint(1) DEFAULT '0',
  `status` tinyint(1) DEFAULT '1',
  `date_entered` datetime DEFAULT NULL,
  `modified_date` datetime DEFAULT NULL,
  `created_by` int(11) DEFAULT NULL,
  PRIMARY KEY (`id`),
  UNIQUE KEY `username_indx` (`user_name`),
  KEY `FK_rbac_user_group_id` (`group_id`),
  KEY `FK_rbac_user_employee_id` (`employee_id`),
  CONSTRAINT `FK_rbac_user_employee_id` FOREIGN KEY (`employee_id`) REFERENCES `employee` (`id`) ON DELETE CASCADE,
  CONSTRAINT `FK_rbac_user_group_id` FOREIGN KEY (`group_id`) REFERENCES `rbac_group` (`id`) ON DELETE CASCADE
) ENGINE=InnoDB AUTO_INCREMENT=6 DEFAULT CHARSET=utf8;

/*Data for the table `rbac_user` */

LOCK TABLES `rbac_user` WRITE;

insert  into `rbac_user`(`id`,`user_name`,`group_id`,`employee_id`,`user_password`,`deleted`,`status`,`date_entered`,`modified_date`,`created_by`) values (2,'admin',NULL,37,'$2a$08$kKVMtfzih6dRntjDCM88v.MsWbnTPHVKcMhCod2ZTj0arGkuMpscG',0,1,NULL,'2013-11-11 10:13:34',NULL),(3,'super',NULL,38,'$2a$08$RS/BwvGI0XU.LhVa9bwPYuoU5TexCq/xtwSLTwk5EkCZHMr7ci99.',0,1,'2013-10-10 09:44:04','2013-10-10 09:44:04',NULL),(5,'Doch',NULL,40,'$2a$08$tgXRiY7GkyU8zhFds1NRUe384eFfprUGQKBNAV7A00EJPCcvMCJZ2',0,1,'2013-11-02 10:49:10','2013-11-02 10:49:10',NULL);

UNLOCK TABLES;

/*Table structure for table `receiving` */

DROP TABLE IF EXISTS `receiving`;

CREATE TABLE `receiving` (
  `id` int(11) NOT NULL AUTO_INCREMENT,
  `receive_time` datetime NOT NULL,
  `supplier_id` int(11) DEFAULT NULL,
  `employee_id` int(11) DEFAULT NULL,
  `sub_total` double(15,4) DEFAULT NULL,
  `payment_type` varchar(255) DEFAULT NULL,
  `status` varchar(20) DEFAULT NULL,
  `remark` text,
  PRIMARY KEY (`id`),
  KEY `FK_sale_emp_id` (`employee_id`)
) ENGINE=InnoDB AUTO_INCREMENT=521 DEFAULT CHARSET=utf8;

/*Data for the table `receiving` */

LOCK TABLES `receiving` WRITE;

insert  into `receiving`(`id`,`receive_time`,`supplier_id`,`employee_id`,`sub_total`,`payment_type`,`status`,`remark`) values (4,'2013-10-10 13:41:39',NULL,37,1116.0000,NULL,NULL,NULL),(9,'2013-10-10 14:31:26',NULL,37,754.0000,NULL,NULL,NULL),(10,'2013-10-10 14:32:39',NULL,37,754.0000,NULL,NULL,NULL),(11,'2013-10-10 14:36:18',NULL,37,754.0000,NULL,NULL,NULL),(12,'2013-10-10 15:17:50',NULL,37,65112.0000,NULL,NULL,NULL),(13,'2013-10-10 16:34:50',NULL,37,1751.0000,NULL,NULL,NULL),(14,'2013-10-10 16:35:29',NULL,37,1201.0000,NULL,NULL,NULL),(16,'2013-10-10 20:22:32',NULL,37,1003.0000,NULL,NULL,NULL),(18,'2013-10-13 21:33:22',NULL,37,6.0000,NULL,NULL,NULL),(19,'2013-10-14 12:09:12',NULL,37,2.0000,NULL,NULL,NULL),(20,'2013-10-14 13:48:31',NULL,37,4.0000,NULL,NULL,NULL),(22,'2013-10-16 21:48:10',NULL,38,124.0000,NULL,NULL,NULL),(23,'2013-10-17 09:30:29',NULL,37,24.0000,NULL,NULL,NULL),(28,'2013-10-17 09:43:38',NULL,37,27545.0000,NULL,NULL,NULL),(29,'2013-10-17 09:45:27',NULL,37,27545.0000,NULL,NULL,NULL),(30,'2013-10-17 09:46:26',NULL,37,27545.0000,NULL,NULL,NULL),(33,'2013-10-26 10:37:47',NULL,38,8.0000,NULL,NULL,NULL),(34,'2013-10-26 10:39:24',NULL,38,4.0000,NULL,NULL,NULL),(35,'2013-10-29 10:19:08',NULL,38,12.0000,NULL,NULL,NULL),(39,'2013-10-31 00:37:36',NULL,38,1200.0000,NULL,NULL,NULL),(40,'2013-11-01 06:36:37',NULL,38,2.0000,NULL,NULL,NULL),(41,'2013-11-01 09:11:09',NULL,38,2.0000,NULL,NULL,NULL),(42,'2013-11-01 09:13:09',NULL,38,1.0000,NULL,NULL,NULL),(43,'2013-11-01 09:13:34',NULL,38,1.0000,NULL,NULL,NULL),(44,'2013-11-01 11:18:00',NULL,38,5.0000,NULL,NULL,NULL),(45,'2013-11-01 11:18:51',NULL,38,2.0000,NULL,NULL,NULL),(46,'2013-11-01 22:28:00',NULL,38,550.0000,NULL,NULL,NULL),(47,'2013-11-02 11:31:20',2,37,1200.0000,NULL,NULL,NULL),(48,'2013-11-02 11:36:46',NULL,37,500.0000,NULL,NULL,NULL),(49,'2013-11-02 11:38:48',NULL,37,495.0000,NULL,NULL,NULL),(50,'2013-11-02 11:40:51',NULL,37,5.0000,NULL,NULL,NULL),(51,'2013-11-02 11:42:48',NULL,37,10.0000,NULL,NULL,NULL),(52,'2013-11-08 15:23:57',NULL,37,1.5000,'',NULL,NULL),(53,'2013-11-08 15:30:10',NULL,37,2.6500,'',NULL,NULL),(54,'2013-11-08 15:39:25',NULL,37,0.6625,'',NULL,NULL),(55,'2013-11-08 15:41:58',NULL,37,2.6500,'',NULL,NULL),(56,'2013-11-08 15:43:43',NULL,37,10.0000,'',NULL,NULL),(57,'2013-11-08 15:45:32',NULL,37,0.1000,'',NULL,NULL),(58,'2013-11-08 15:52:12',NULL,37,0.0000,'',NULL,NULL),(59,'2013-11-08 15:54:45',NULL,37,0.0000,'',NULL,NULL),(60,'2013-11-08 16:12:55',NULL,37,0.0000,'',NULL,NULL),(61,'2013-11-11 10:04:12',NULL,37,20.0000,'',NULL,NULL),(62,'2013-11-11 10:52:23',NULL,37,12.1100,'',NULL,NULL),(63,'2013-11-22 07:39:51',NULL,37,14.8000,'',NULL,NULL),(64,'2013-11-22 07:51:42',NULL,37,0.4000,'',NULL,NULL),(65,'2013-11-22 07:52:48',NULL,37,0.3000,'',NULL,NULL),(66,'2013-11-22 07:54:46',NULL,37,5.4000,'',NULL,NULL),(67,'2013-11-22 08:41:53',NULL,37,106.4210,'',NULL,NULL),(68,'2013-11-22 08:48:14',NULL,37,0.3695,'',NULL,NULL),(69,'2013-11-22 08:51:07',NULL,37,0.7390,'',NULL,NULL),(70,'2013-11-22 08:54:02',NULL,37,14.8000,'',NULL,NULL),(71,'2013-11-22 09:16:02',NULL,37,52.8600,'',NULL,NULL),(72,'2013-11-22 15:35:32',NULL,37,206.7500,'',NULL,NULL),(73,'2013-11-22 15:47:07',NULL,37,123.1730,'',NULL,NULL),(74,'2013-11-22 15:56:52',NULL,37,33.4750,'',NULL,NULL),(75,'2013-11-22 16:01:08',NULL,37,48.4000,'',NULL,NULL),(76,'2013-11-22 16:07:08',NULL,37,35.7800,'',NULL,NULL),(77,'2013-11-22 16:16:42',NULL,37,11.5850,'',NULL,NULL),(78,'2013-11-22 16:20:28',NULL,37,34.3000,'',NULL,NULL),(79,'2013-11-22 16:24:30',NULL,37,26.1000,'',NULL,NULL),(80,'2013-11-23 07:35:12',NULL,37,24.7000,'',NULL,NULL),(81,'2013-11-23 07:43:58',NULL,37,23.7000,'',NULL,NULL),(82,'2013-11-23 08:06:45',NULL,37,45.9200,'',NULL,NULL),(83,'2013-11-23 08:12:09',NULL,37,54.3850,'',NULL,NULL),(84,'2013-11-23 08:13:34',NULL,37,5.8080,'',NULL,NULL),(85,'2013-11-23 08:18:26',NULL,37,45.8140,'',NULL,NULL),(86,'2013-11-23 08:21:42',NULL,37,101.3000,'',NULL,NULL),(87,'2013-11-23 08:30:11',NULL,37,6.4000,'',NULL,NULL),(88,'2013-11-23 08:44:59',NULL,37,19.1500,'',NULL,NULL),(89,'2013-11-23 08:47:31',NULL,37,5.1000,'',NULL,NULL),(90,'2013-11-23 08:49:20',NULL,37,15.6500,'',NULL,NULL),(91,'2013-11-23 08:55:43',NULL,37,41.0000,'',NULL,NULL),(92,'2013-11-23 08:58:06',NULL,37,36.1400,'',NULL,NULL),(93,'2013-11-23 09:00:05',NULL,37,20.8550,'',NULL,NULL),(94,'2013-11-23 09:03:26',NULL,37,27.9160,'',NULL,NULL),(95,'2013-11-23 09:06:10',NULL,37,4.1200,'',NULL,NULL),(96,'2013-11-23 09:08:33',NULL,37,105.1500,'',NULL,NULL),(97,'2013-11-23 09:11:55',NULL,37,65.0000,'',NULL,NULL),(98,'2013-11-23 09:15:47',NULL,37,18.0000,'',NULL,NULL),(99,'2013-11-23 09:22:02',NULL,37,7.2000,'',NULL,NULL),(100,'2013-11-23 09:24:57',NULL,37,10.0000,'',NULL,NULL),(101,'2013-11-23 09:33:12',NULL,37,45.0000,'',NULL,NULL),(102,'2013-11-23 09:34:53',NULL,37,10.0000,'',NULL,NULL),(103,'2013-11-23 09:40:12',NULL,37,4.0000,'',NULL,NULL),(104,'2013-11-23 09:42:56',NULL,37,62.5000,'',NULL,NULL),(105,'2013-11-23 09:46:39',NULL,37,36.3500,'',NULL,NULL),(106,'2013-11-23 09:48:12',NULL,37,43.9200,'',NULL,NULL),(107,'2013-11-23 09:52:23',NULL,37,26.6400,'',NULL,NULL),(108,'2013-11-23 09:56:57',NULL,37,8.0000,'',NULL,NULL),(109,'2013-11-23 10:00:29',NULL,37,87.6100,'',NULL,NULL),(110,'2013-11-23 10:00:54',NULL,37,5.0000,'',NULL,NULL),(111,'2013-11-23 10:03:13',NULL,37,5.0000,'',NULL,NULL),(112,'2013-11-23 10:08:51',NULL,37,39.0000,'',NULL,NULL),(113,'2013-11-23 10:11:37',NULL,37,73.0000,'',NULL,NULL),(114,'2013-11-23 10:12:06',NULL,37,42.9000,'',NULL,NULL),(115,'2013-11-23 10:12:18',NULL,37,1.6500,'',NULL,NULL),(116,'2013-11-23 10:13:55',NULL,37,88.4000,'',NULL,NULL),(117,'2013-11-23 10:14:45',NULL,37,18.0000,'',NULL,NULL),(118,'2013-11-23 10:18:56',NULL,37,11.5500,'',NULL,NULL),(119,'2013-11-23 10:26:30',NULL,37,510.5000,'',NULL,NULL),(120,'2013-11-23 10:27:48',NULL,37,31.0000,'',NULL,NULL),(121,'2013-11-23 10:32:26',NULL,37,6.5000,'',NULL,NULL),(122,'2013-11-23 10:36:28',NULL,37,18.0000,'',NULL,NULL),(123,'2013-11-23 10:41:41',NULL,37,84.2500,'',NULL,NULL),(124,'2013-11-23 10:45:30',NULL,37,86.7000,'',NULL,NULL),(125,'2013-11-23 10:51:18',NULL,37,23.0000,'',NULL,NULL),(126,'2013-11-23 10:58:27',NULL,37,126.0000,'',NULL,NULL),(127,'2013-11-23 11:03:18',NULL,37,129.0000,'',NULL,NULL),(128,'2013-11-23 11:11:27',NULL,37,157.0000,'',NULL,NULL),(129,'2013-11-23 11:13:56',NULL,37,81.7500,'',NULL,NULL),(130,'2013-11-23 11:17:36',NULL,37,48.0000,'',NULL,NULL),(131,'2013-11-23 11:19:18',NULL,37,12.0000,'',NULL,NULL),(132,'2013-11-23 11:32:04',NULL,37,504.5000,'',NULL,NULL),(133,'2013-11-23 11:34:18',NULL,37,102.0000,'',NULL,NULL),(134,'2013-11-23 14:49:44',NULL,37,34.5000,'',NULL,NULL),(135,'2013-11-23 15:05:03',NULL,37,144.5000,'',NULL,NULL),(136,'2013-11-23 15:20:01',NULL,37,162.0000,'',NULL,NULL),(137,'2013-11-23 19:42:40',NULL,37,16.0000,'',NULL,NULL),(138,'2013-11-24 07:31:33',NULL,37,160.5400,'',NULL,NULL),(139,'2013-11-24 07:33:34',NULL,37,9.0000,'',NULL,NULL),(140,'2013-11-24 07:47:49',NULL,37,74.0900,'',NULL,NULL),(141,'2013-11-24 08:00:06',NULL,37,49.0900,'',NULL,NULL),(142,'2013-11-24 08:05:29',NULL,37,31.2000,'',NULL,NULL),(143,'2013-11-24 08:22:09',NULL,37,83.8320,'',NULL,NULL),(144,'2013-11-24 08:32:23',NULL,37,38.8200,'',NULL,NULL),(145,'2013-11-24 08:51:43',NULL,37,64.3650,'',NULL,NULL),(146,'2013-11-24 09:05:38',NULL,37,69.1700,'',NULL,NULL),(147,'2013-11-24 09:17:03',NULL,37,109.3100,'',NULL,NULL),(148,'2013-11-24 09:21:41',NULL,37,24.0500,'',NULL,NULL),(149,'2013-11-24 09:26:28',NULL,37,4.0000,'',NULL,NULL),(150,'2013-11-24 09:28:58',NULL,37,22.2800,'',NULL,NULL),(151,'2013-11-24 09:35:03',NULL,37,1.8000,'',NULL,NULL),(152,'2013-11-24 09:39:47',NULL,37,3.2800,'',NULL,NULL),(153,'2013-11-24 09:45:10',NULL,37,11.2800,'',NULL,NULL),(154,'2013-11-24 09:53:22',NULL,37,97.9880,'',NULL,NULL),(155,'2013-11-24 10:01:01',NULL,37,52.9800,'',NULL,NULL),(156,'2013-11-24 10:07:23',NULL,37,45.3790,'',NULL,NULL),(157,'2013-11-24 10:14:28',NULL,37,91.1430,'',NULL,NULL),(158,'2013-11-24 10:22:56',NULL,37,16.3230,'',NULL,NULL),(159,'2013-11-24 10:29:08',NULL,37,104.3220,'',NULL,NULL),(160,'2013-11-24 11:22:39',NULL,37,129.5620,'',NULL,NULL),(161,'2013-11-24 11:35:39',NULL,37,94.4250,'',NULL,NULL),(162,'2013-11-24 11:49:02',NULL,37,10.9500,'',NULL,NULL),(163,'2013-11-24 11:55:54',NULL,37,81.9030,'',NULL,NULL),(164,'2013-11-24 14:47:26',NULL,37,100.0520,'',NULL,NULL),(165,'2013-11-24 14:53:16',NULL,37,39.0150,'',NULL,NULL),(166,'2013-11-24 15:06:54',NULL,37,164.5400,'',NULL,NULL),(167,'2013-11-24 15:16:48',NULL,37,111.4400,'',NULL,NULL),(168,'2013-11-24 15:24:32',NULL,37,83.8000,'',NULL,NULL),(169,'2013-11-24 15:34:32',NULL,37,222.1160,'',NULL,NULL),(170,'2013-11-24 16:03:34',NULL,37,289.4660,'',NULL,NULL),(171,'2013-11-24 16:10:29',NULL,37,79.4300,'',NULL,NULL),(172,'2013-11-24 16:16:24',NULL,37,133.6200,'',NULL,NULL),(173,'2013-11-24 16:24:11',NULL,37,82.9500,'',NULL,NULL),(174,'2013-11-24 16:25:48',NULL,37,38.6400,'',NULL,NULL),(175,'2013-11-24 16:27:35',NULL,37,12.5180,'',NULL,NULL),(176,'2013-11-24 16:38:21',NULL,37,159.7000,'',NULL,NULL),(177,'2013-11-24 17:44:33',NULL,37,40.7350,'',NULL,NULL),(178,'2013-11-24 18:00:36',NULL,37,192.9915,'',NULL,NULL),(179,'2013-11-24 18:03:47',NULL,37,71.7550,'',NULL,NULL),(180,'2013-11-24 18:11:51',NULL,37,17.9510,'',NULL,NULL),(181,'2013-11-24 18:23:12',NULL,37,20.0590,'',NULL,NULL),(182,'2013-11-24 18:36:30',NULL,37,25.8500,'',NULL,NULL),(183,'2013-11-24 18:42:45',NULL,37,54.1840,'',NULL,NULL),(184,'2013-11-24 18:47:39',NULL,37,11.4000,'',NULL,NULL),(185,'2013-11-24 18:53:10',NULL,37,33.8400,'',NULL,NULL),(186,'2013-11-24 19:03:07',NULL,37,15.6250,'',NULL,NULL),(187,'2013-11-24 19:09:55',NULL,37,37.5540,'',NULL,NULL),(188,'2013-11-24 19:16:29',NULL,37,91.6900,'',NULL,NULL),(189,'2013-11-24 19:20:53',NULL,37,48.0100,'',NULL,NULL),(190,'2013-11-24 19:23:13',NULL,37,8.2160,'',NULL,NULL),(191,'2013-11-24 19:26:26',NULL,37,0.1700,'',NULL,NULL),(192,'2013-11-24 19:34:01',NULL,37,95.0070,'',NULL,NULL),(193,'2013-11-24 19:36:06',NULL,37,0.9100,'',NULL,NULL),(194,'2013-11-24 19:40:29',NULL,37,61.5205,'',NULL,NULL),(195,'2013-11-24 19:43:12',NULL,37,27.1000,'',NULL,NULL),(196,'2013-11-24 19:44:08',NULL,37,1.2400,'',NULL,NULL),(197,'2013-11-25 07:13:44',NULL,37,139.9790,'',NULL,NULL),(198,'2013-11-25 07:35:08',NULL,37,23.2300,'',NULL,NULL),(199,'2013-11-25 07:47:28',NULL,37,62.5650,'',NULL,NULL),(200,'2013-11-25 07:55:21',NULL,37,85.6680,'',NULL,NULL),(201,'2013-11-25 08:03:42',NULL,37,111.1170,'',NULL,NULL),(202,'2013-11-25 08:09:47',NULL,37,8.7690,'',NULL,NULL),(203,'2013-11-25 08:16:42',NULL,37,118.8910,'',NULL,NULL),(204,'2013-11-25 08:31:14',NULL,37,62.8935,'',NULL,NULL),(205,'2013-11-25 08:41:00',NULL,37,6.2500,'',NULL,NULL),(206,'2013-11-25 08:55:28',NULL,37,110.7680,'',NULL,NULL),(207,'2013-11-25 09:09:21',NULL,37,150.8190,'',NULL,NULL),(208,'2013-11-25 09:22:02',NULL,37,128.0475,'',NULL,NULL),(209,'2013-11-25 09:32:54',NULL,37,102.6800,'',NULL,NULL),(210,'2013-11-25 09:39:43',NULL,37,19.6380,'',NULL,NULL),(211,'2013-11-25 09:49:44',NULL,37,3.7880,'',NULL,NULL),(212,'2013-11-25 09:58:09',NULL,37,52.2285,'',NULL,NULL),(213,'2013-11-25 10:00:22',NULL,37,33.5300,'',NULL,NULL),(214,'2013-11-25 10:09:22',NULL,37,23.6000,'',NULL,NULL),(215,'2013-11-25 10:10:05',NULL,37,2.7500,'',NULL,NULL),(216,'2013-11-25 10:12:22',NULL,37,2.3500,'',NULL,NULL),(217,'2013-11-25 10:14:21',NULL,37,2.4500,'',NULL,NULL),(218,'2013-11-25 10:19:03',NULL,37,77.5750,'',NULL,NULL),(219,'2013-11-25 10:22:41',NULL,37,2.5800,'',NULL,NULL),(220,'2013-11-25 10:23:23',NULL,37,0.6750,'',NULL,NULL),(221,'2013-11-25 10:25:51',NULL,37,2.1000,'',NULL,NULL),(222,'2013-11-25 10:31:01',NULL,37,22.5000,'',NULL,NULL),(223,'2013-11-25 10:32:34',NULL,37,8.4000,'',NULL,NULL),(224,'2013-11-25 10:35:32',NULL,37,6.3000,'',NULL,NULL),(225,'2013-11-25 10:46:01',NULL,37,31.3510,'',NULL,NULL),(226,'2013-11-25 10:49:30',NULL,37,35.3280,'',NULL,NULL),(227,'2013-11-25 10:50:37',NULL,37,6.4000,'',NULL,NULL),(228,'2013-11-25 10:57:34',NULL,37,45.2250,'',NULL,NULL),(229,'2013-11-25 11:11:38',NULL,37,52.1450,'',NULL,NULL),(230,'2013-11-25 11:13:33',NULL,37,26.4000,'',NULL,NULL),(231,'2013-11-25 11:18:55',NULL,37,19.0250,'',NULL,NULL),(232,'2013-11-25 11:22:13',NULL,37,9.9000,'',NULL,NULL),(233,'2013-11-25 11:24:14',NULL,37,14.6000,'',NULL,NULL),(234,'2013-11-25 11:25:55',NULL,37,4.0000,'',NULL,NULL),(235,'2013-11-25 11:27:16',NULL,37,2.5000,'',NULL,NULL),(236,'2013-11-25 11:28:58',NULL,37,20.0000,'',NULL,NULL),(237,'2013-11-25 11:33:43',NULL,37,58.3150,'',NULL,NULL),(238,'2013-11-25 11:39:07',NULL,37,9.0329,'',NULL,NULL),(239,'2013-11-25 11:42:28',NULL,37,51.6100,'',NULL,NULL),(240,'2013-11-25 11:45:27',NULL,37,13.0840,'',NULL,NULL),(241,'2013-11-25 11:54:27',NULL,37,10.8405,'',NULL,NULL),(242,'2013-11-25 11:55:25',NULL,37,22.3200,'',NULL,NULL),(243,'2013-11-25 14:18:54',NULL,37,84.7150,'',NULL,NULL),(244,'2013-11-25 14:20:31',NULL,37,14.0000,'',NULL,NULL),(245,'2013-11-25 14:22:07',NULL,37,54.0000,'',NULL,NULL),(246,'2013-11-25 14:23:17',NULL,37,64.8000,'',NULL,NULL),(247,'2013-11-25 14:29:02',NULL,37,111.6800,'',NULL,NULL),(248,'2013-11-25 14:30:44',NULL,37,40.7790,'',NULL,NULL),(249,'2013-11-25 14:38:28',NULL,37,55.6770,'',NULL,NULL),(250,'2013-11-25 14:39:19',NULL,37,2.0000,'',NULL,NULL),(251,'2013-11-25 14:52:43',NULL,37,79.0740,'',NULL,NULL),(252,'2013-11-25 14:55:49',NULL,37,12.5000,'',NULL,NULL),(253,'2013-11-25 14:59:16',NULL,37,4.0000,'',NULL,NULL),(254,'2013-11-25 15:07:00',NULL,37,32.5500,'',NULL,NULL),(255,'2013-11-25 15:09:07',NULL,37,3.4000,'',NULL,NULL),(256,'2013-11-25 15:18:41',NULL,37,46.7200,'',NULL,NULL),(257,'2013-11-25 15:21:39',NULL,37,36.0000,'',NULL,NULL),(258,'2013-11-25 15:31:49',NULL,37,5.0310,'',NULL,NULL),(259,'2013-11-25 15:46:48',NULL,37,128.7500,'',NULL,NULL),(260,'2013-11-25 15:54:37',NULL,37,76.5950,'',NULL,NULL),(261,'2013-11-25 15:58:43',NULL,37,1.1250,'',NULL,NULL),(262,'2013-11-25 16:00:28',NULL,37,3.5000,'',NULL,NULL),(263,'2013-11-25 16:03:04',NULL,37,6.6000,'',NULL,NULL),(264,'2013-11-25 16:05:48',NULL,37,5.0000,'',NULL,NULL),(265,'2013-11-25 16:09:51',NULL,37,3.5000,'',NULL,NULL),(266,'2013-11-25 16:29:19',NULL,37,45.5700,'',NULL,NULL),(267,'2013-11-25 16:33:11',NULL,37,6.5625,'',NULL,NULL),(268,'2013-11-25 16:52:45',NULL,37,72.0400,'',NULL,NULL),(269,'2013-11-25 17:03:56',NULL,37,49.4550,'',NULL,NULL),(270,'2013-11-25 17:37:31',NULL,37,23.2770,'',NULL,NULL),(271,'2013-11-25 17:48:15',NULL,37,24.8520,'',NULL,NULL),(272,'2013-11-25 17:52:53',NULL,37,36.8900,'',NULL,NULL),(273,'2013-11-25 18:07:08',NULL,37,22.0250,'',NULL,NULL),(274,'2013-11-25 18:13:20',NULL,37,14.0400,'',NULL,NULL),(275,'2013-11-25 18:20:13',NULL,37,15.1000,'',NULL,NULL),(276,'2013-11-25 18:24:34',NULL,37,9.0000,'',NULL,NULL),(277,'2013-11-25 18:39:54',NULL,37,17.9000,'',NULL,NULL),(278,'2013-11-25 18:53:07',NULL,37,116.9800,'',NULL,NULL),(279,'2013-11-25 18:59:52',NULL,37,90.7900,'',NULL,NULL),(280,'2013-11-25 19:11:16',NULL,37,97.0500,'',NULL,NULL),(281,'2013-11-26 07:19:56',NULL,37,1.6000,'',NULL,NULL),(282,'2013-11-26 07:30:42',NULL,37,50.1830,'',NULL,NULL),(283,'2013-11-26 07:33:58',NULL,37,146.0200,'',NULL,NULL),(284,'2013-11-26 07:38:50',NULL,37,47.7000,'',NULL,NULL),(285,'2013-11-26 07:39:26',NULL,37,0.0410,'',NULL,NULL),(286,'2013-11-26 07:46:52',NULL,37,0.5600,'',NULL,NULL),(287,'2013-11-26 07:47:07',NULL,37,0.5600,'',NULL,NULL),(288,'2013-11-26 07:53:40',NULL,37,46.5500,'',NULL,NULL),(289,'2013-11-26 07:54:31',NULL,37,9.1800,'',NULL,NULL),(290,'2013-11-26 07:57:28',NULL,37,16.5600,'',NULL,NULL),(291,'2013-11-26 08:20:21',NULL,37,9.0000,'',NULL,NULL),(292,'2013-11-26 08:23:40',NULL,37,0.9000,'',NULL,NULL),(293,'2013-11-26 08:39:22',NULL,37,16.7800,'',NULL,NULL),(294,'2013-11-26 08:50:59',NULL,37,0.1800,'',NULL,NULL),(295,'2013-11-26 08:54:07',NULL,37,36.2000,'',NULL,NULL),(296,'2013-11-26 08:58:36',NULL,37,52.3600,'',NULL,NULL),(297,'2013-11-26 09:04:01',NULL,37,29.4800,'',NULL,NULL),(298,'2013-11-26 09:25:14',NULL,37,65.0000,'',NULL,NULL),(299,'2013-11-26 09:39:33',NULL,37,53.7456,'',NULL,NULL),(300,'2013-11-26 09:48:41',NULL,37,45.4500,'',NULL,NULL),(301,'2013-11-26 10:02:13',NULL,37,1.4000,'',NULL,NULL),(302,'2013-11-26 10:06:52',NULL,37,22.7400,'',NULL,NULL),(303,'2013-11-26 10:09:28',NULL,37,70.0000,'',NULL,NULL),(304,'2013-11-26 10:17:07',NULL,37,167.0300,'',NULL,NULL),(305,'2013-11-26 10:20:10',NULL,37,37.4800,'',NULL,NULL),(306,'2013-11-26 10:31:55',NULL,37,50.5030,'',NULL,NULL),(307,'2013-11-26 11:09:46',NULL,37,123.5490,'',NULL,NULL),(308,'2013-11-26 11:14:44',NULL,37,22.3350,'',NULL,NULL),(309,'2013-11-26 11:17:32',NULL,37,8.8000,'',NULL,NULL),(310,'2013-11-26 11:28:23',NULL,37,2.0000,'',NULL,NULL),(311,'2013-11-26 11:42:50',NULL,37,141.3600,'',NULL,NULL),(312,'2013-11-26 11:48:40',NULL,37,19.8120,'',NULL,NULL),(313,'2013-11-26 11:52:44',NULL,37,1.2000,'',NULL,NULL),(314,'2013-11-26 12:00:26',NULL,37,32.3680,'',NULL,NULL),(315,'2013-11-26 12:03:24',NULL,37,1.4000,'',NULL,NULL),(316,'2013-11-26 12:08:05',NULL,37,0.6000,'',NULL,NULL),(317,'2013-11-26 12:18:24',NULL,37,11.1500,'',NULL,NULL),(318,'2013-11-26 12:28:40',NULL,37,147.1313,'',NULL,NULL),(319,'2013-11-26 12:34:37',NULL,37,40.0630,'',NULL,NULL),(320,'2013-11-26 12:45:27',NULL,37,43.8325,'',NULL,NULL),(321,'2013-11-26 12:53:08',NULL,37,29.2875,'',NULL,NULL),(322,'2013-11-26 13:00:57',NULL,37,119.2020,'',NULL,NULL),(323,'2013-11-26 13:14:02',NULL,37,132.2780,'',NULL,NULL),(324,'2013-11-26 13:16:18',NULL,37,93.9000,'',NULL,NULL),(325,'2013-11-26 13:24:13',NULL,37,54.1860,'',NULL,NULL),(326,'2013-11-26 13:36:31',NULL,37,69.0950,'',NULL,NULL),(327,'2013-11-26 13:41:32',NULL,37,66.4000,'',NULL,NULL),(328,'2013-11-26 13:46:24',NULL,37,3.5250,'',NULL,NULL),(329,'2013-11-26 13:47:49',NULL,37,23.5000,'',NULL,NULL),(330,'2013-11-26 13:54:42',NULL,37,3.1000,'',NULL,NULL),(331,'2013-11-26 13:56:28',NULL,37,0.5760,'',NULL,NULL),(332,'2013-11-26 14:02:37',NULL,37,167.6400,'',NULL,NULL),(333,'2013-11-26 14:10:40',NULL,37,20.9600,'',NULL,NULL),(334,'2013-11-26 14:48:17',NULL,37,78.8020,'',NULL,NULL),(335,'2013-11-26 14:54:52',NULL,37,45.1480,'',NULL,NULL),(336,'2013-11-26 14:58:07',NULL,37,7.6800,'',NULL,NULL),(337,'2013-11-26 15:04:09',NULL,37,2.5500,'',NULL,NULL),(338,'2013-11-26 15:17:18',NULL,37,24.4000,'',NULL,NULL),(339,'2013-11-26 15:30:54',NULL,37,17.2500,'',NULL,NULL),(340,'2013-11-26 15:33:47',NULL,37,16.2600,'',NULL,NULL),(341,'2013-11-26 15:35:03',NULL,37,4.2900,'',NULL,NULL),(342,'2013-11-26 15:46:29',NULL,37,96.5120,'',NULL,NULL),(343,'2013-11-26 15:58:15',NULL,37,38.4140,'',NULL,NULL),(344,'2013-11-26 16:04:55',NULL,37,7.0100,'',NULL,NULL),(345,'2013-11-26 16:14:38',NULL,37,11.6440,'',NULL,NULL),(346,'2013-11-26 16:16:49',NULL,37,6.8800,'',NULL,NULL),(347,'2013-11-26 16:24:18',NULL,37,2.5600,'',NULL,NULL),(348,'2013-11-26 16:28:48',NULL,37,34.4880,'',NULL,NULL),(349,'2013-11-26 16:30:11',NULL,37,7.0800,'',NULL,NULL),(350,'2013-11-26 16:36:08',NULL,37,8.9000,'',NULL,NULL),(351,'2013-11-26 16:38:49',NULL,37,10.6080,'',NULL,NULL),(352,'2013-11-26 16:40:45',NULL,37,10.7800,'',NULL,NULL),(353,'2013-11-26 16:51:29',NULL,37,9.2100,'',NULL,NULL),(354,'2013-11-26 17:06:11',NULL,37,28.8900,'',NULL,NULL),(355,'2013-11-26 17:18:45',NULL,37,23.4500,'',NULL,NULL),(356,'2013-11-26 17:31:25',NULL,37,23.0760,'',NULL,NULL),(357,'2013-11-26 18:09:14',NULL,37,20.0000,'',NULL,NULL),(358,'2013-11-26 18:21:43',NULL,37,7.5000,'',NULL,NULL),(359,'2013-11-26 18:36:37',NULL,37,21.4950,'',NULL,NULL),(360,'2013-11-26 18:41:31',NULL,37,14.5820,'',NULL,NULL),(361,'2013-11-26 18:50:16',NULL,37,134.6750,'',NULL,NULL),(362,'2013-11-26 18:51:51',NULL,37,8.4000,'',NULL,NULL),(363,'2013-11-26 19:02:56',NULL,37,1.6740,'',NULL,NULL),(364,'2013-11-26 19:13:58',NULL,37,101.0850,'',NULL,NULL),(365,'2013-11-26 19:25:59',NULL,37,54.3690,'',NULL,NULL),(366,'2013-11-26 19:36:25',NULL,37,110.8250,'',NULL,NULL),(367,'2013-11-27 07:26:42',NULL,37,43.1000,'',NULL,NULL),(368,'2013-11-27 07:55:37',NULL,37,11.3400,'',NULL,NULL),(369,'2013-11-27 08:03:51',NULL,37,24.7469,'',NULL,NULL),(370,'2013-11-27 08:07:47',NULL,37,23.0140,'',NULL,NULL),(371,'2013-11-27 08:09:11',NULL,37,1.4250,'',NULL,NULL),(372,'2013-11-27 08:12:50',NULL,37,2.7000,'',NULL,NULL),(373,'2013-11-27 08:17:21',NULL,37,0.2700,'',NULL,NULL),(374,'2013-11-27 09:07:48',NULL,37,1.0200,'',NULL,NULL),(375,'2013-11-27 09:37:38',NULL,37,12.1000,'',NULL,NULL),(376,'2013-11-27 10:01:00',NULL,37,44.2000,'',NULL,NULL),(377,'2013-11-27 10:19:07',NULL,37,81.9860,'',NULL,NULL),(378,'2013-11-27 10:42:26',NULL,37,36.8000,'Cash: 0.525<br />',NULL,NULL),(379,'2013-11-27 11:45:47',NULL,37,1702.3300,'',NULL,NULL),(380,'2013-11-27 11:55:41',NULL,37,80.2900,'',NULL,NULL),(381,'2013-11-27 12:05:06',NULL,37,24.2600,'',NULL,NULL),(382,'2013-11-27 12:18:14',NULL,37,6.8700,'',NULL,NULL),(383,'2013-11-27 12:19:29',NULL,37,6.0000,'',NULL,NULL),(384,'2013-11-27 12:33:42',NULL,37,14.1700,'',NULL,NULL),(385,'2013-11-27 13:01:05',NULL,37,46.2300,'',NULL,NULL),(386,'2013-11-27 13:18:09',NULL,37,11.5400,'',NULL,NULL),(387,'2013-11-27 13:22:29',NULL,37,29.0400,'',NULL,NULL),(388,'2013-11-27 14:11:29',NULL,37,3290.5295,'',NULL,NULL),(389,'2013-11-27 14:21:48',NULL,37,19.7500,'',NULL,NULL),(390,'2013-11-27 14:35:10',NULL,37,36.0130,'',NULL,NULL),(391,'2013-11-27 14:53:39',NULL,37,5.8250,'Cash: 0.4000<br />',NULL,NULL),(392,'2013-11-27 15:03:13',NULL,37,5.9250,'',NULL,NULL),(393,'2013-11-27 15:29:08',NULL,37,1.8000,'',NULL,NULL),(394,'2013-11-27 15:33:50',NULL,37,3.2000,'',NULL,NULL),(395,'2013-11-27 15:43:23',NULL,37,11.0000,'',NULL,NULL),(396,'2013-11-27 16:05:12',NULL,37,32.7100,'',NULL,NULL),(397,'2013-11-27 16:16:03',NULL,37,70.2000,'',NULL,NULL),(398,'2013-11-27 16:28:20',NULL,37,56.0400,'',NULL,NULL),(399,'2013-11-27 16:39:41',NULL,37,46.7920,'',NULL,NULL),(400,'2013-11-27 16:42:31',NULL,37,7.0130,'',NULL,NULL),(401,'2013-11-27 16:52:17',NULL,37,27.7500,'',NULL,NULL),(402,'2013-11-27 16:57:26',NULL,37,2.4000,'',NULL,NULL),(403,'2013-11-27 16:59:46',NULL,37,7.4020,'',NULL,NULL),(404,'2013-11-27 17:18:57',NULL,37,15.2000,'',NULL,NULL),(405,'2013-11-27 17:27:56',NULL,37,8.0750,'',NULL,NULL),(406,'2013-11-27 18:12:28',NULL,37,22.0000,'',NULL,NULL),(407,'2013-11-27 18:13:33',NULL,37,1.0000,'',NULL,NULL),(408,'2013-11-27 18:18:45',NULL,37,3.5000,'',NULL,NULL),(409,'2013-11-27 18:25:45',NULL,37,5.5000,'',NULL,NULL),(410,'2013-11-27 18:32:28',NULL,37,5.0000,'',NULL,NULL),(411,'2013-11-27 18:42:58',NULL,37,4.3000,'',NULL,NULL),(412,'2013-11-27 18:56:59',NULL,37,10.0000,'',NULL,NULL),(413,'2013-11-27 19:10:58',NULL,37,9.7500,'',NULL,NULL),(414,'2013-11-28 08:05:15',NULL,37,3.3000,'',NULL,NULL),(415,'2013-11-28 08:06:48',NULL,37,48.0000,'',NULL,NULL),(416,'2013-11-28 08:46:26',NULL,37,72.2575,'',NULL,NULL),(417,'2013-11-28 08:56:30',NULL,37,29.4300,'',NULL,NULL),(418,'2013-11-28 09:06:31',NULL,37,0.9750,'',NULL,NULL),(419,'2013-11-28 09:25:35',NULL,37,8.4000,'',NULL,NULL),(420,'2013-11-28 09:30:32',NULL,37,75.0800,'',NULL,NULL),(421,'2013-11-28 09:43:29',NULL,37,43.0000,'',NULL,NULL),(422,'2013-11-28 09:54:04',NULL,37,73.7600,'',NULL,NULL),(423,'2013-11-28 09:57:51',NULL,37,79.5000,'',NULL,NULL),(424,'2013-11-28 10:00:39',NULL,37,5.5660,'',NULL,NULL),(425,'2013-11-28 10:45:03',NULL,37,89.1320,'',NULL,NULL),(426,'2013-11-28 10:59:01',NULL,37,62.5000,'',NULL,NULL),(427,'2013-11-28 11:01:57',NULL,37,53.0330,'',NULL,NULL),(428,'2013-11-28 15:50:49',NULL,37,8.7000,'',NULL,NULL),(429,'2013-11-28 16:01:45',NULL,37,36.1025,'',NULL,NULL),(430,'2013-11-28 16:04:56',NULL,37,1.8000,'',NULL,NULL),(431,'2013-11-28 16:35:17',NULL,37,3.3840,'',NULL,NULL),(432,'2013-11-28 16:49:13',NULL,37,14.7500,'',NULL,NULL),(433,'2013-11-28 16:57:56',NULL,37,9.3900,'',NULL,NULL),(434,'2013-11-28 17:05:06',NULL,37,12.6000,'',NULL,NULL),(435,'2013-11-28 17:12:44',NULL,37,2.0790,'',NULL,NULL),(436,'2013-11-28 17:34:17',NULL,37,23.1930,'',NULL,NULL),(437,'2013-11-28 17:37:49',NULL,37,15.0000,'',NULL,NULL),(438,'2013-11-28 17:42:24',NULL,37,3.8400,'',NULL,NULL),(439,'2013-11-28 18:24:47',NULL,37,10.0000,'',NULL,NULL),(440,'2013-11-28 18:47:21',NULL,37,272.4500,'',NULL,NULL),(441,'2013-11-28 18:50:39',NULL,37,90.9000,'',NULL,NULL),(442,'2013-11-28 18:59:47',NULL,37,25.5000,'',NULL,NULL),(443,'2013-11-29 08:25:49',NULL,37,103.5000,'',NULL,NULL),(444,'2013-11-29 08:55:09',NULL,37,62.9300,'',NULL,NULL),(445,'2013-11-29 08:56:25',NULL,37,8.2000,'',NULL,NULL),(446,'2013-11-29 09:44:50',NULL,37,5.0160,'',NULL,NULL),(447,'2013-11-29 09:54:46',NULL,37,8.8400,'',NULL,NULL),(448,'2013-11-29 10:15:45',NULL,37,2.0000,'',NULL,NULL),(449,'2013-11-29 10:21:13',NULL,37,9.6320,'',NULL,NULL),(450,'2013-11-29 10:28:32',NULL,37,9.0800,'',NULL,NULL),(451,'2013-11-29 10:40:50',NULL,37,8.8000,'',NULL,NULL),(452,'2013-11-29 10:42:47',NULL,37,10.3200,'',NULL,NULL),(453,'2013-11-29 10:50:23',NULL,37,11.0800,'',NULL,NULL),(454,'2013-11-29 10:56:47',NULL,37,6.0000,'',NULL,NULL),(455,'2013-11-29 11:03:50',NULL,37,2.4000,'',NULL,NULL),(456,'2013-11-29 15:10:03',NULL,37,80.0000,'',NULL,NULL),(457,'2013-11-29 17:05:51',NULL,37,15.2500,'',NULL,NULL),(458,'2013-11-29 17:07:46',NULL,37,7.1000,'',NULL,NULL),(459,'2013-11-29 17:08:41',NULL,37,8.5000,'',NULL,NULL),(460,'2013-11-29 17:11:23',NULL,37,10.8000,'',NULL,NULL),(461,'2013-11-29 17:52:25',NULL,37,4.0040,'',NULL,NULL),(462,'2013-11-29 17:53:23',NULL,37,5.2500,'',NULL,NULL),(463,'2013-11-29 17:59:09',NULL,37,6.6000,'',NULL,NULL),(464,'2013-11-29 18:02:00',NULL,37,15.2000,'',NULL,NULL),(465,'2013-11-29 18:07:58',NULL,37,12.0000,'',NULL,NULL),(466,'2013-11-29 18:10:34',NULL,37,3.2000,'',NULL,NULL),(467,'2013-11-29 18:15:19',NULL,37,14.2800,'',NULL,NULL),(468,'2013-11-29 18:16:15',NULL,37,19.2000,'',NULL,NULL),(469,'2013-11-30 09:29:57',NULL,37,10.3000,'Cash: 0.6250<br />',NULL,NULL),(470,'2013-11-30 10:16:56',NULL,37,2.6400,'',NULL,NULL),(471,'2013-11-30 10:20:29',NULL,37,0.5000,'',NULL,NULL),(472,'2013-11-30 10:33:29',NULL,37,2.5000,'',NULL,NULL),(473,'2013-11-30 10:36:15',NULL,37,3.0000,'',NULL,NULL),(474,'2013-11-30 10:39:23',NULL,37,884.5928,'',NULL,NULL),(475,'2013-11-30 10:40:41',NULL,37,13.1000,'',NULL,NULL),(476,'2013-11-30 10:42:26',NULL,37,0.8000,'',NULL,NULL),(477,'2013-11-30 10:45:49',NULL,37,13.4760,'',NULL,NULL),(478,'2013-11-30 10:51:00',NULL,37,1.3041,'',NULL,NULL),(479,'2013-11-30 10:53:33',NULL,37,24.7800,'',NULL,NULL),(480,'2013-11-30 11:23:12',NULL,37,39.7650,'',NULL,NULL),(481,'2013-11-30 11:29:58',NULL,37,93.6860,'',NULL,NULL),(482,'2013-11-30 14:15:23',NULL,37,8.0900,'',NULL,NULL),(483,'2013-11-30 14:23:57',NULL,37,21.2400,'',NULL,NULL),(484,'2013-11-30 14:34:04',NULL,37,8.0800,'',NULL,NULL),(485,'2013-11-30 14:37:59',NULL,37,33.0050,'',NULL,NULL),(486,'2013-11-30 14:47:44',NULL,37,6.6750,'',NULL,NULL),(487,'2013-11-30 14:50:57',NULL,37,3.3750,'',NULL,NULL),(488,'2013-11-30 14:55:15',NULL,37,0.6125,'',NULL,NULL),(489,'2013-11-30 14:58:28',NULL,37,2.6180,'',NULL,NULL),(490,'2013-11-30 14:59:56',NULL,37,0.9600,'',NULL,NULL),(491,'2013-11-30 15:01:51',NULL,37,4.0050,'',NULL,NULL),(492,'2013-11-30 15:06:38',NULL,37,7.5000,'',NULL,NULL),(493,'2013-11-30 15:12:44',NULL,37,2.9000,'',NULL,NULL),(494,'2013-11-30 15:16:53',NULL,37,9.2452,'',NULL,NULL),(495,'2013-11-30 15:24:48',NULL,37,3.5380,'',NULL,NULL),(496,'2013-11-30 15:31:01',NULL,37,0.3000,'',NULL,NULL),(497,'2013-11-30 15:37:54',NULL,37,16.5000,'',NULL,NULL),(498,'2013-11-30 15:53:51',NULL,37,0.9200,'',NULL,NULL),(499,'2013-11-30 16:05:31',NULL,37,4.8000,'',NULL,NULL),(500,'2013-11-30 16:08:36',NULL,37,2.3000,'',NULL,NULL),(501,'2013-11-30 16:11:58',NULL,37,3.6000,'',NULL,NULL),(502,'2013-11-30 16:13:32',NULL,37,43.5000,'',NULL,NULL),(503,'2013-11-30 16:14:55',NULL,37,27.0000,'',NULL,NULL),(504,'2013-11-30 17:45:23',NULL,37,13.3000,'',NULL,NULL),(505,'2013-11-30 17:48:27',NULL,37,4.0250,'',NULL,NULL),(506,'2013-11-30 18:56:33',NULL,37,7.0000,'',NULL,NULL),(507,'2013-11-30 19:00:27',NULL,37,3.2000,'',NULL,NULL),(508,'2013-11-30 19:16:58',NULL,37,392.0500,'',NULL,NULL),(509,'2013-11-30 19:29:51',NULL,37,163.1500,'',NULL,NULL),(510,'2013-12-01 06:57:50',NULL,37,36.0000,'',NULL,NULL),(511,'2013-12-01 07:13:34',NULL,37,4.3750,'',NULL,NULL),(512,'2013-12-01 07:14:46',NULL,37,17.2500,'',NULL,NULL),(513,'2013-12-01 11:40:41',NULL,37,5.7600,'',NULL,NULL),(514,'2013-12-01 11:57:24',NULL,37,56.0000,'',NULL,NULL),(515,'2013-12-01 11:59:20',NULL,37,25.0000,'',NULL,NULL),(516,'2013-12-01 12:03:57',NULL,37,20.0000,'',NULL,NULL),(517,'2013-12-01 12:06:30',NULL,37,25.0000,'',NULL,NULL),(518,'2013-12-01 12:08:04',NULL,37,2.5000,'',NULL,NULL),(519,'2013-12-01 12:08:58',NULL,37,25.0000,'',NULL,NULL),(520,'2013-12-03 05:44:35',NULL,38,0.1800,'',NULL,NULL);

UNLOCK TABLES;

/*Table structure for table `receiving_item` */

DROP TABLE IF EXISTS `receiving_item`;

CREATE TABLE `receiving_item` (
  `receive_id` int(11) NOT NULL,
  `item_id` int(11) NOT NULL,
  `description` text,
  `line` int(11) DEFAULT NULL,
  `quantity` double(15,2) DEFAULT NULL,
  `cost_price` double(15,4) DEFAULT NULL,
  `unit_price` double(15,4) DEFAULT NULL,
  `price` double(15,4) DEFAULT NULL,
  `discount_amount` double(15,2) DEFAULT NULL,
  `discount_type` varchar(2) DEFAULT '%',
  PRIMARY KEY (`receive_id`,`item_id`),
  KEY `FK_sale_item_item_id` (`item_id`),
  CONSTRAINT `FK_receiving_item_item_id` FOREIGN KEY (`item_id`) REFERENCES `item` (`id`) ON DELETE CASCADE,
  CONSTRAINT `FK_receiving_item_receive_id` FOREIGN KEY (`receive_id`) REFERENCES `receiving` (`id`) ON DELETE CASCADE
) ENGINE=InnoDB DEFAULT CHARSET=utf8;

/*Data for the table `receiving_item` */

LOCK TABLES `receiving_item` WRITE;

insert  into `receiving_item`(`receive_id`,`item_id`,`description`,`line`,`quantity`,`cost_price`,`unit_price`,`price`,`discount_amount`,`discount_type`) values (56,99,NULL,99,100.00,0.1000,0.1200,0.1000,0.00,'%'),(57,99,NULL,99,1.00,0.1000,0.1200,0.1000,0.00,'%'),(58,209,NULL,209,100.00,0.0000,0.2500,0.0000,0.00,'%'),(59,210,NULL,210,100.00,0.0000,0.3000,0.0000,0.00,'%'),(60,209,NULL,209,50.00,0.0000,0.2500,0.0000,0.00,'%'),(60,210,NULL,210,50.00,0.0000,0.3000,0.0000,0.00,'%'),(61,90,NULL,90,50.00,0.1800,0.3000,0.1800,0.00,'%'),(61,99,NULL,99,100.00,0.1100,0.1600,0.1100,0.00,'%'),(62,99,NULL,99,100.00,0.1200,0.1600,0.1200,0.00,'%'),(63,1190,NULL,1190,1.00,6.0000,7.0000,6.0000,0.00,'%'),(63,1193,NULL,1193,2.00,4.4000,6.0000,4.4000,0.00,'%'),(64,162,NULL,162,10.00,0.0400,0.0600,0.0400,0.00,'%'),(65,161,NULL,161,10.00,0.0300,0.0500,0.0300,0.00,'%'),(66,90,NULL,90,30.00,0.1800,0.3000,0.1800,0.00,'%'),(67,89,NULL,89,18.00,0.5200,0.6000,0.5200,0.00,'%'),(67,180,NULL,180,10.00,0.0500,0.0700,0.0500,0.00,'%'),(67,229,NULL,229,100.00,0.0210,0.0375,0.0210,0.00,'%'),(67,422,NULL,422,10.00,3.1000,3.7500,3.1000,0.00,'%'),(67,559,NULL,559,10.00,0.0500,0.0750,0.0500,0.00,'%'),(67,588,NULL,588,2.00,0.0730,0.0875,0.0730,0.00,'%'),(67,643,NULL,643,20.00,0.2070,0.2500,0.2070,0.00,'%'),(67,647,NULL,647,47.00,0.2250,0.3500,0.2250,0.00,'%'),(67,668,NULL,668,27.00,1.2000,1.6250,1.2000,0.00,'%'),(67,785,NULL,785,100.00,0.1570,0.2500,0.1570,0.00,'%'),(68,587,NULL,587,1.00,0.0095,0.0250,0.0095,0.00,'%'),(68,590,NULL,590,2.00,0.1800,0.2400,0.1800,0.00,'%'),(69,587,NULL,587,2.00,0.0095,0.0250,0.0095,0.00,'%'),(69,590,NULL,590,4.00,0.1800,0.2400,0.1800,0.00,'%'),(70,209,NULL,209,100.00,0.0000,0.2500,0.0000,0.00,'%'),(70,210,NULL,210,96.00,0.0000,0.3000,0.0000,0.00,'%'),(70,1190,NULL,1190,1.00,6.0000,7.0000,6.0000,0.00,'%'),(70,1193,NULL,1193,2.00,4.4000,6.0000,4.4000,0.00,'%'),(71,1190,NULL,1190,1.00,6.0000,7.0000,6.0000,0.00,'%'),(71,1191,NULL,1191,2.00,6.0000,7.0000,6.0000,0.00,'%'),(71,1192,NULL,1192,2.00,4.4000,6.0000,4.4000,0.00,'%'),(71,1193,NULL,1193,2.00,4.4000,6.0000,4.4000,0.00,'%'),(71,1266,NULL,1266,3.00,4.2000,5.0000,4.2000,0.00,'%'),(71,1267,NULL,1267,1.00,4.6600,5.5000,4.6600,0.00,'%'),(72,1194,NULL,1194,4.00,4.0000,5.0000,4.0000,0.00,'%'),(72,1195,NULL,1195,2.00,4.0000,5.0000,4.0000,0.00,'%'),(72,1196,NULL,1196,2.00,4.3000,5.0000,4.3000,0.00,'%'),(72,1233,NULL,1233,1.00,5.0000,6.0000,5.0000,0.00,'%'),(72,1241,NULL,1241,2.00,5.0000,6.0000,5.0000,0.00,'%'),(72,1246,NULL,1246,2.00,5.0000,6.0000,5.0000,0.00,'%'),(72,1258,NULL,1258,4.00,2.5000,3.2500,2.5000,0.00,'%'),(72,1259,NULL,1259,19.00,1.2100,1.7500,1.2100,0.00,'%'),(72,1260,NULL,1260,16.00,0.7400,1.0000,0.7400,0.00,'%'),(72,1261,NULL,1261,1.00,2.7000,3.7500,2.7000,0.00,'%'),(72,1262,NULL,1262,2.00,1.8000,2.5000,1.8000,0.00,'%'),(72,1263,NULL,1263,5.00,0.5000,0.7500,0.5000,0.00,'%'),(72,1264,NULL,1264,4.00,0.5000,0.7500,0.5000,0.00,'%'),(72,1265,NULL,1265,4.00,3.2000,4.0000,3.2000,0.00,'%'),(72,1268,NULL,1268,1.00,2.5000,3.0000,2.5000,0.00,'%'),(72,1269,NULL,1269,1.00,2.5000,3.0000,2.5000,0.00,'%'),(72,1270,NULL,1270,3.00,2.9000,3.5000,2.9000,0.00,'%'),(72,1274,NULL,1274,2.00,3.5000,4.0000,3.5000,0.00,'%'),(72,1275,NULL,1275,4.00,0.5000,0.6250,0.5000,0.00,'%'),(72,1276,NULL,1276,1.00,0.5000,0.6250,0.5000,0.00,'%'),(72,1277,NULL,1277,6.00,0.5000,0.7500,0.5000,0.00,'%'),(72,1278,NULL,1278,5.00,0.5000,0.7500,0.5000,0.00,'%'),(72,1279,NULL,1279,4.00,0.7500,0.8750,0.7500,0.00,'%'),(72,1280,NULL,1280,9.00,0.7200,0.8750,0.7200,0.00,'%'),(72,1281,NULL,1281,12.00,0.6200,0.8750,0.6200,0.00,'%'),(72,1282,NULL,1282,1.00,2.3000,3.0000,2.3000,0.00,'%'),(72,1283,NULL,1283,1.00,2.3000,3.0000,2.3000,0.00,'%'),(72,1284,NULL,1284,1.00,3.3000,4.2500,3.3000,0.00,'%'),(72,1286,NULL,1286,1.00,2.6000,3.2500,2.6000,0.00,'%'),(72,1287,NULL,1287,2.00,2.6000,3.2500,2.6000,0.00,'%'),(72,1288,NULL,1288,1.00,2.6000,3.2500,2.6000,0.00,'%'),(72,1289,NULL,1289,1.00,3.3000,4.0000,3.3000,0.00,'%'),(72,1295,NULL,1295,2.00,3.0000,4.0000,3.0000,0.00,'%'),(72,1297,NULL,1297,2.00,1.5000,2.0000,1.5000,0.00,'%'),(72,1298,NULL,1298,3.00,1.5000,2.0000,1.5000,0.00,'%'),(73,1296,NULL,1296,5.00,0.6250,0.8750,0.6250,0.00,'%'),(73,1299,NULL,1299,2.00,4.0000,5.0000,4.0000,0.00,'%'),(73,1300,NULL,1300,1.00,1.7500,2.1250,1.7500,0.00,'%'),(73,1301,NULL,1301,3.00,5.8000,6.5000,5.8000,0.00,'%'),(73,1302,NULL,1302,2.00,5.8000,6.5000,5.8000,0.00,'%'),(73,1303,NULL,1303,2.00,3.5000,4.2500,3.5000,0.00,'%'),(73,1304,NULL,1304,2.00,3.5000,4.2500,3.5000,0.00,'%'),(73,1305,NULL,1305,1.00,3.5000,4.2500,3.5000,0.00,'%'),(73,1306,NULL,1306,2.00,1.4200,1.8750,1.4200,0.00,'%'),(73,1307,NULL,1307,7.00,1.4200,1.8750,1.4200,0.00,'%'),(73,1308,NULL,1308,2.00,3.2500,4.0000,3.2500,0.00,'%'),(73,1309,NULL,1309,5.00,1.1000,1.5000,1.1000,0.00,'%'),(73,1310,NULL,1310,3.00,1.0000,1.5000,1.0000,0.00,'%'),(73,1351,NULL,1351,3.00,1.5500,1.8750,1.5500,0.00,'%'),(73,1352,NULL,1352,2.00,1.5500,1.8750,1.5500,0.00,'%'),(73,1353,NULL,1353,4.00,1.4000,1.8750,1.4000,0.00,'%'),(73,1355,NULL,1355,4.00,1.4000,1.8750,1.4000,0.00,'%'),(73,1357,NULL,1357,16.00,0.2530,0.3750,0.2530,0.00,'%'),(73,1358,NULL,1358,2.00,2.7000,3.2500,2.7000,0.00,'%'),(73,1359,NULL,1359,2.00,0.7900,1.1250,0.7900,0.00,'%'),(73,1360,NULL,1360,1.00,0.7900,1.1250,0.7900,0.00,'%'),(73,1514,NULL,1514,3.00,1.7500,2.0000,1.7500,0.00,'%'),(74,1311,NULL,1311,8.00,0.1750,0.2500,0.1750,0.00,'%'),(74,1329,NULL,1329,5.00,1.0000,1.2500,1.0000,0.00,'%'),(74,1392,NULL,1392,5.00,0.7000,1.0000,0.7000,0.00,'%'),(74,1401,NULL,1401,9.00,0.3750,0.5000,0.3750,0.00,'%'),(74,1402,NULL,1402,9.00,1.0000,1.2500,1.0000,0.00,'%'),(74,1403,NULL,1403,19.00,0.5000,0.7500,0.5000,0.00,'%'),(74,1406,NULL,1406,10.00,0.1700,0.3000,0.1700,0.00,'%'),(75,1364,NULL,1364,2.00,5.0000,6.0000,5.0000,0.00,'%'),(75,1385,NULL,1385,2.00,2.7000,3.5000,2.7000,0.00,'%'),(75,1515,NULL,1515,11.00,3.0000,3.5000,3.0000,0.00,'%'),(76,1362,NULL,1362,2.00,2.0000,2.2500,2.0000,0.00,'%'),(76,1363,NULL,1363,4.00,3.2000,4.0000,3.2000,0.00,'%'),(76,1387,NULL,1387,1.00,0.8400,1.1250,0.8400,0.00,'%'),(76,1388,NULL,1388,2.00,0.3200,0.6250,0.3200,0.00,'%'),(76,1516,NULL,1516,5.00,3.5000,5.0000,3.5000,0.00,'%'),(77,1373,NULL,1373,4.00,0.8400,1.1250,0.8400,0.00,'%'),(77,1374,NULL,1374,3.00,0.8400,1.1250,0.8400,0.00,'%'),(77,1399,NULL,1399,5.00,0.0610,0.8750,0.0610,0.00,'%'),(77,1400,NULL,1400,3.00,0.3000,0.5000,0.3000,0.00,'%'),(77,1407,NULL,1407,6.00,0.5000,0.6250,0.5000,0.00,'%'),(77,1518,NULL,1518,3.00,0.5000,0.8750,0.5000,0.00,'%'),(78,1365,NULL,1365,6.00,1.0000,1.2500,1.0000,0.00,'%'),(78,1366,NULL,1366,5.00,1.0000,1.2500,1.0000,0.00,'%'),(78,1370,NULL,1370,4.00,1.7500,2.1250,1.7500,0.00,'%'),(78,1371,NULL,1371,2.00,1.7500,2.1250,1.7500,0.00,'%'),(78,1372,NULL,1372,8.00,1.6000,2.0000,1.6000,0.00,'%'),(79,1368,NULL,1368,5.00,1.0000,1.2500,1.0000,0.00,'%'),(79,1369,NULL,1369,5.00,1.0000,1.2500,1.0000,0.00,'%'),(79,1383,NULL,1383,4.00,2.8700,3.5000,2.8700,0.00,'%'),(79,1384,NULL,1384,1.00,2.8700,3.5000,2.8700,0.00,'%'),(79,1519,NULL,1519,1.00,1.7500,2.0000,1.7500,0.00,'%'),(80,1330,NULL,1330,1.00,1.4000,1.7500,1.4000,0.00,'%'),(80,1338,NULL,1338,2.00,1.4000,1.7500,1.4000,0.00,'%'),(80,1376,NULL,1376,5.00,2.3000,3.0000,2.3000,0.00,'%'),(80,1377,NULL,1377,2.00,2.5000,3.5000,2.5000,0.00,'%'),(80,1521,NULL,1521,1.00,4.0000,4.5000,4.0000,0.00,'%'),(81,1342,NULL,1342,2.00,1.3000,1.6250,1.3000,0.00,'%'),(81,1347,NULL,1347,1.00,1.8600,3.0000,1.8600,0.00,'%'),(81,1348,NULL,1348,9.00,1.8600,3.0000,1.8600,0.00,'%'),(81,1522,NULL,1522,1.00,2.5000,3.0000,2.5000,0.00,'%'),(82,1331,NULL,1331,2.00,2.4000,3.0000,2.4000,0.00,'%'),(82,1332,NULL,1332,1.00,2.4000,3.0000,2.4000,0.00,'%'),(82,1333,NULL,1333,4.00,2.4000,3.0000,2.4000,0.00,'%'),(82,1334,NULL,1334,2.00,3.0000,3.7500,3.0000,0.00,'%'),(82,1335,NULL,1335,1.00,2.5000,3.0000,2.5000,0.00,'%'),(82,1336,NULL,1336,1.00,2.5000,3.0000,2.5000,0.00,'%'),(82,1337,NULL,1337,1.00,2.5000,3.0000,2.5000,0.00,'%'),(82,1346,NULL,1346,2.00,1.6000,1.8750,1.6000,0.00,'%'),(82,1349,NULL,1349,1.00,1.2200,1.5000,1.2200,0.00,'%'),(82,1350,NULL,1350,5.00,1.2200,1.5000,1.2200,0.00,'%'),(82,1389,NULL,1389,1.00,2.3000,3.0000,2.3000,0.00,'%'),(82,1390,NULL,1390,14.00,0.2000,0.2500,0.2000,0.00,'%'),(83,1312,NULL,1312,2.00,0.3380,0.5000,0.3380,0.00,'%'),(83,1313,NULL,1313,14.00,1.1170,1.3750,1.1170,0.00,'%'),(83,1314,NULL,1314,2.00,0.5000,0.8750,0.5000,0.00,'%'),(83,1315,NULL,1315,1.00,0.5000,0.8750,0.5000,0.00,'%'),(83,1316,NULL,1316,1.00,1.1920,1.3750,1.1920,0.00,'%'),(83,1317,NULL,1317,1.00,1.6000,1.8750,1.6000,0.00,'%'),(83,1318,NULL,1318,5.00,0.2920,0.3750,0.2920,0.00,'%'),(83,1319,NULL,1319,3.00,0.2920,0.3750,0.2920,0.00,'%'),(83,1320,NULL,1320,2.00,1.0340,1.2500,1.0340,0.00,'%'),(83,1321,NULL,1321,6.00,1.0000,1.2500,1.0000,0.00,'%'),(83,1339,NULL,1339,12.00,0.5000,0.6250,0.5000,0.00,'%'),(83,1340,NULL,1340,12.00,0.5000,0.6250,0.5000,0.00,'%'),(83,1343,NULL,1343,8.00,0.5000,0.7500,0.5000,0.00,'%'),(83,1344,NULL,1344,5.00,0.3750,0.5000,0.3750,0.00,'%'),(83,1345,NULL,1345,2.00,2.7500,3.2500,2.7500,0.00,'%'),(84,1322,NULL,1322,14.00,0.2420,0.3000,0.2420,0.00,'%'),(84,1324,NULL,1324,10.00,0.2420,0.3000,0.2420,0.00,'%'),(85,1460,NULL,1460,19.00,0.1750,0.2500,0.1750,0.00,'%'),(85,1462,NULL,1462,1.00,0.2100,0.3250,0.2100,0.00,'%'),(85,1464,NULL,1464,1.00,0.7600,1.2500,0.7600,0.00,'%'),(85,1465,NULL,1465,2.00,5.0000,6.0000,5.0000,0.00,'%'),(85,1467,NULL,1467,1.00,0.5000,0.7500,0.5000,0.00,'%'),(85,1468,NULL,1468,23.00,0.2530,0.3750,0.2530,0.00,'%'),(85,1469,NULL,1469,1.00,0.2500,0.3750,0.2500,0.00,'%'),(85,1476,NULL,1476,17.00,0.2500,0.3650,0.2500,0.00,'%'),(85,1478,NULL,1478,11.00,1.8000,2.5000,1.8000,0.00,'%'),(85,1481,NULL,1481,6.00,0.1500,0.2500,0.1500,0.00,'%'),(86,1449,NULL,1449,5.00,1.4000,2.0000,1.4000,0.00,'%'),(86,1450,NULL,1450,2.00,5.7000,7.0000,5.7000,0.00,'%'),(86,1457,NULL,1457,4.00,9.2000,10.0000,9.2000,0.00,'%'),(86,1458,NULL,1458,8.00,4.1000,5.0000,4.1000,0.00,'%'),(86,1463,NULL,1463,1.00,2.0000,2.2500,2.0000,0.00,'%'),(86,1477,NULL,1477,5.00,1.3000,1.7500,1.3000,0.00,'%'),(86,1479,NULL,1479,2.00,2.4000,3.0000,2.4000,0.00,'%'),(87,1474,NULL,1474,11.00,0.5000,0.6250,0.5000,0.00,'%'),(87,1475,NULL,1475,15.00,0.0600,0.0900,0.0600,0.00,'%'),(88,1523,NULL,1523,18.00,0.2500,0.3000,0.2500,0.00,'%'),(88,1524,NULL,1524,5.00,0.2500,0.3000,0.2500,0.00,'%'),(88,1525,NULL,1525,25.00,0.2500,0.3000,0.2500,0.00,'%'),(88,1526,NULL,1526,1.00,0.2500,0.3750,0.2500,0.00,'%'),(88,1527,NULL,1527,23.00,0.3000,0.3750,0.3000,0.00,'%'),(89,1528,NULL,1528,17.00,0.3000,0.3750,0.3000,0.00,'%'),(90,1451,NULL,1451,4.00,0.6000,0.8750,0.6000,0.00,'%'),(90,1452,NULL,1452,3.00,1.5000,1.7500,1.5000,0.00,'%'),(90,1454,NULL,1454,12.00,0.2500,0.3250,0.2500,0.00,'%'),(90,1456,NULL,1456,23.00,0.2500,0.3750,0.2500,0.00,'%'),(91,1426,NULL,1426,1.00,8.5000,11.0000,8.5000,0.00,'%'),(91,1427,NULL,1427,1.00,8.5000,11.0000,8.5000,0.00,'%'),(91,1431,NULL,1431,3.00,7.0000,8.0000,7.0000,0.00,'%'),(91,1473,NULL,1473,10.00,0.3000,0.5000,0.3000,0.00,'%'),(92,1415,NULL,1415,6.00,1.0750,1.6250,1.0750,0.00,'%'),(92,1420,NULL,1420,2.00,0.8200,1.1250,0.8200,0.00,'%'),(92,1428,NULL,1428,1.00,6.0000,7.0000,6.0000,0.00,'%'),(92,1429,NULL,1429,1.00,6.0000,7.0000,6.0000,0.00,'%'),(92,1430,NULL,1430,2.00,1.5500,2.2500,1.5500,0.00,'%'),(92,1435,NULL,1435,4.00,1.8000,2.2500,1.8000,0.00,'%'),(92,1440,NULL,1440,2.00,1.8750,2.1250,1.8750,0.00,'%'),(92,1442,NULL,1442,1.00,2.0000,2.5000,2.0000,0.00,'%'),(93,1411,NULL,1411,4.00,0.3700,0.6250,0.3700,0.00,'%'),(93,1414,NULL,1414,5.00,0.9750,1.1250,0.9750,0.00,'%'),(93,1418,NULL,1418,12.00,0.3000,0.6250,0.3000,0.00,'%'),(93,1421,NULL,1421,18.00,0.3500,0.6250,0.3500,0.00,'%'),(93,1423,NULL,1423,5.00,0.3000,0.3750,0.3000,0.00,'%'),(93,1432,NULL,1432,1.00,3.1000,4.0000,3.1000,0.00,'%'),(94,1410,NULL,1410,9.00,0.3840,0.4750,0.3840,0.00,'%'),(94,1416,NULL,1416,5.00,1.5500,1.7500,1.5500,0.00,'%'),(94,1417,NULL,1417,3.00,0.8200,1.1250,0.8200,0.00,'%'),(94,1424,NULL,1424,6.00,0.3000,0.3750,0.3000,0.00,'%'),(94,1425,NULL,1425,4.00,0.5000,0.7500,0.5000,0.00,'%'),(94,1436,NULL,1436,3.00,0.7500,0.8750,0.7500,0.00,'%'),(94,1441,NULL,1441,5.00,1.6400,2.1250,1.6400,0.00,'%'),(95,1445,NULL,1445,2.00,0.5000,0.6250,0.5000,0.00,'%'),(95,1446,NULL,1446,2.00,0.5000,0.6250,0.5000,0.00,'%'),(95,1447,NULL,1447,1.00,0.5000,0.6250,0.5000,0.00,'%'),(95,1448,NULL,1448,1.00,0.5000,0.6250,0.5000,0.00,'%'),(95,1529,NULL,1529,1.00,1.1200,1.5000,1.1200,0.00,'%'),(96,1187,NULL,1187,14.00,3.6000,5.0000,3.6000,0.00,'%'),(96,1188,NULL,1188,10.00,3.6000,5.0000,3.6000,0.00,'%'),(96,1189,NULL,1189,4.00,3.0000,4.0000,3.0000,0.00,'%'),(96,1409,NULL,1409,15.00,0.2500,0.3000,0.2500,0.00,'%'),(96,1443,NULL,1443,4.00,0.7500,1.0000,0.7500,0.00,'%'),(97,1240,NULL,1240,8.00,5.0000,6.0000,5.0000,0.00,'%'),(97,1241,NULL,1241,2.00,5.0000,6.0000,5.0000,0.00,'%'),(97,1243,NULL,1243,1.00,5.0000,6.0000,5.0000,0.00,'%'),(97,1246,NULL,1246,1.00,5.0000,6.0000,5.0000,0.00,'%'),(97,1247,NULL,1247,1.00,5.0000,6.0000,5.0000,0.00,'%'),(98,1243,NULL,1243,2.00,5.0000,6.0000,5.0000,0.00,'%'),(98,1247,NULL,1247,1.00,5.0000,6.0000,5.0000,0.00,'%'),(98,1250,NULL,1250,1.00,3.0000,4.0000,3.0000,0.00,'%'),(99,1433,NULL,1433,1.00,3.6000,5.0000,3.6000,0.00,'%'),(99,1434,NULL,1434,1.00,3.6000,5.0000,3.6000,0.00,'%'),(100,1249,NULL,1249,5.00,2.0000,2.5000,2.0000,0.00,'%'),(101,1223,NULL,1223,18.00,2.5000,3.0000,2.5000,0.00,'%'),(102,1231,NULL,1231,1.00,5.0000,6.0000,5.0000,0.00,'%'),(102,1232,NULL,1232,1.00,5.0000,6.0000,5.0000,0.00,'%'),(103,1530,NULL,1530,1.00,4.0000,6.0000,4.0000,0.00,'%'),(104,1225,NULL,1225,1.00,16.0000,18.0000,16.0000,0.00,'%'),(104,1229,NULL,1229,1.00,7.5000,9.0000,7.5000,0.00,'%'),(104,1234,NULL,1234,1.00,4.0000,5.0000,4.0000,0.00,'%'),(104,1235,NULL,1235,2.00,4.0000,5.0000,4.0000,0.00,'%'),(104,1236,NULL,1236,1.00,4.0000,5.0000,4.0000,0.00,'%'),(104,1237,NULL,1237,1.00,4.0000,5.0000,4.0000,0.00,'%'),(104,1238,NULL,1238,1.00,4.0000,5.0000,4.0000,0.00,'%'),(104,1245,NULL,1245,3.00,5.0000,6.0000,5.0000,0.00,'%'),(105,1186,NULL,1186,11.00,1.8500,3.0000,1.8500,0.00,'%'),(105,1203,NULL,1203,2.00,6.0000,8.0000,6.0000,0.00,'%'),(105,1244,NULL,1244,1.00,4.0000,5.0000,4.0000,0.00,'%'),(106,1253,NULL,1253,6.00,2.6400,3.2500,2.6400,0.00,'%'),(106,1254,NULL,1254,3.00,2.6400,3.2500,2.6400,0.00,'%'),(106,1255,NULL,1255,3.00,2.0000,2.2500,2.0000,0.00,'%'),(106,1256,NULL,1256,4.00,3.5400,4.5000,3.5400,0.00,'%'),(107,1224,NULL,1224,4.00,6.0000,8.0000,6.0000,0.00,'%'),(107,1531,NULL,1531,1.00,2.6400,3.2500,2.6400,0.00,'%'),(108,1532,NULL,1532,1.00,8.0000,10.0000,8.0000,0.00,'%'),(109,1173,NULL,1173,7.00,3.0000,4.0000,3.0000,0.00,'%'),(109,1174,NULL,1174,1.00,2.5000,3.5000,2.5000,0.00,'%'),(109,1179,NULL,1179,13.00,1.6700,2.5000,1.6700,0.00,'%'),(109,1228,NULL,1228,3.00,1.8000,2.5000,1.8000,0.00,'%'),(109,1230,NULL,1230,6.00,4.0000,5.0000,4.0000,0.00,'%'),(109,1251,NULL,1251,6.00,1.5000,1.7500,1.5000,0.00,'%'),(109,1252,NULL,1252,2.00,2.0000,2.5000,2.0000,0.00,'%'),(110,1175,NULL,1175,2.00,2.5000,3.0000,2.5000,0.00,'%'),(111,1533,NULL,1533,2.00,2.5000,3.0000,2.5000,0.00,'%'),(112,1172,NULL,1172,1.00,8.0000,10.0000,8.0000,0.00,'%'),(112,1534,NULL,1534,1.00,4.0000,4.5000,4.0000,0.00,'%'),(112,1535,NULL,1535,6.00,4.5000,6.0000,4.5000,0.00,'%'),(113,1176,NULL,1176,5.00,11.0000,14.0000,11.0000,0.00,'%'),(113,1177,NULL,1177,1.00,12.0000,15.0000,12.0000,0.00,'%'),(113,1182,NULL,1182,1.00,2.5000,3.5000,2.5000,0.00,'%'),(113,1257,NULL,1257,5.00,0.7000,1.2500,0.7000,0.00,'%'),(114,1180,NULL,1180,26.00,1.6500,3.0000,1.6500,0.00,'%'),(115,1180,NULL,1180,1.00,1.6500,3.0000,1.6500,0.00,'%'),(116,1183,NULL,1183,31.00,2.4000,5.0000,2.4000,0.00,'%'),(116,1184,NULL,1184,7.00,2.0000,3.0000,2.0000,0.00,'%'),(117,1185,NULL,1185,9.00,2.0000,3.0000,2.0000,0.00,'%'),(118,1180,NULL,1180,7.00,1.6500,3.0000,1.6500,0.00,'%'),(119,1178,NULL,1178,31.00,2.4750,5.0000,2.4750,0.00,'%'),(119,1181,NULL,1181,21.00,2.4750,5.0000,2.4750,0.00,'%'),(119,1196,NULL,1196,2.00,4.3000,5.0000,4.3000,0.00,'%'),(119,1204,NULL,1204,2.00,6.0000,7.5000,6.0000,0.00,'%'),(119,1205,NULL,1205,15.00,1.0800,2.0000,1.0800,0.00,'%'),(119,1208,NULL,1208,3.00,5.0000,6.0000,5.0000,0.00,'%'),(119,1209,NULL,1209,15.00,13.0000,15.0000,13.0000,0.00,'%'),(119,1210,NULL,1210,4.00,13.0000,15.0000,13.0000,0.00,'%'),(119,1213,NULL,1213,3.00,2.0000,5.0000,2.0000,0.00,'%'),(119,1216,NULL,1216,1.00,4.0000,5.0000,4.0000,0.00,'%'),(119,1218,NULL,1218,1.00,4.0000,5.0000,4.0000,0.00,'%'),(119,1219,NULL,1219,1.00,3.0000,4.0000,3.0000,0.00,'%'),(119,1220,NULL,1220,1.00,6.0000,7.0000,6.0000,0.00,'%'),(119,1221,NULL,1221,2.00,5.0000,7.0000,5.0000,0.00,'%'),(119,1520,NULL,1520,4.00,2.0000,4.0000,2.0000,0.00,'%'),(119,1536,NULL,1536,7.00,6.0000,7.0000,6.0000,0.00,'%'),(120,1201,NULL,1201,4.00,7.0000,9.0000,7.0000,0.00,'%'),(120,1211,NULL,1211,1.00,3.0000,4.0000,3.0000,0.00,'%'),(121,1537,NULL,1537,1.00,6.5000,8.0000,6.5000,0.00,'%'),(122,1203,NULL,1203,3.00,6.0000,8.0000,6.0000,0.00,'%'),(123,1108,NULL,1108,2.00,3.0000,5.0000,3.0000,0.00,'%'),(123,1119,NULL,1119,1.00,3.0000,5.0000,3.0000,0.00,'%'),(123,1127,NULL,1127,1.00,7.0000,9.0000,7.0000,0.00,'%'),(123,1128,NULL,1128,3.00,7.0000,9.0000,7.0000,0.00,'%'),(123,1130,NULL,1130,1.00,7.0000,9.0000,7.0000,0.00,'%'),(123,1206,NULL,1206,8.00,2.0000,2.5000,2.0000,0.00,'%'),(123,1215,NULL,1215,15.00,0.7500,3.7500,0.7500,0.00,'%'),(123,1538,NULL,1538,1.00,13.0000,15.0000,13.0000,0.00,'%'),(124,1106,NULL,1106,1.00,3.0000,5.0000,3.0000,0.00,'%'),(124,1111,NULL,1111,2.00,3.0000,5.0000,3.0000,0.00,'%'),(124,1112,NULL,1112,3.00,5.0000,7.0000,5.0000,0.00,'%'),(124,1114,NULL,1114,3.00,5.0000,7.0000,5.0000,0.00,'%'),(124,1118,NULL,1118,1.00,25.0000,30.0000,25.0000,0.00,'%'),(124,1214,NULL,1214,8.00,1.9000,5.0000,1.9000,0.00,'%'),(124,1217,NULL,1217,5.00,1.5000,4.0000,1.5000,0.00,'%'),(125,1110,NULL,1110,3.00,3.0000,5.0000,3.0000,0.00,'%'),(125,1539,NULL,1539,4.00,3.5000,5.0000,3.5000,0.00,'%'),(126,1141,NULL,1141,4.00,2.0000,2.5000,2.0000,0.00,'%'),(126,1142,NULL,1142,3.00,2.0000,2.5000,2.0000,0.00,'%'),(126,1143,NULL,1143,1.00,2.0000,2.5000,2.0000,0.00,'%'),(126,1144,NULL,1144,3.00,2.0000,2.5000,2.0000,0.00,'%'),(126,1145,NULL,1145,3.00,2.0000,2.5000,2.0000,0.00,'%'),(126,1146,NULL,1146,2.00,2.0000,2.5000,2.0000,0.00,'%'),(126,1147,NULL,1147,1.00,2.0000,2.5000,2.0000,0.00,'%'),(126,1148,NULL,1148,1.00,2.0000,2.5000,2.0000,0.00,'%'),(126,1149,NULL,1149,3.00,2.0000,2.5000,2.0000,0.00,'%'),(126,1150,NULL,1150,3.00,2.0000,2.5000,2.0000,0.00,'%'),(126,1151,NULL,1151,2.00,2.0000,2.5000,2.0000,0.00,'%'),(126,1156,NULL,1156,3.00,2.0000,2.5000,2.0000,0.00,'%'),(126,1157,NULL,1157,2.00,2.0000,2.5000,2.0000,0.00,'%'),(126,1158,NULL,1158,1.00,2.0000,2.5000,2.0000,0.00,'%'),(126,1159,NULL,1159,1.00,2.0000,2.5000,2.0000,0.00,'%'),(126,1160,NULL,1160,1.00,2.0000,2.5000,2.0000,0.00,'%'),(126,1161,NULL,1161,21.00,2.0000,2.5000,2.0000,0.00,'%'),(126,1162,NULL,1162,1.00,2.0000,2.5000,2.0000,0.00,'%'),(126,1163,NULL,1163,7.00,2.0000,2.5000,2.0000,0.00,'%'),(127,1132,NULL,1132,4.00,4.0000,5.0000,4.0000,0.00,'%'),(127,1139,NULL,1139,3.00,4.0000,5.0000,4.0000,0.00,'%'),(127,1165,NULL,1165,2.00,10.0000,12.0000,10.0000,0.00,'%'),(127,1167,NULL,1167,2.00,10.0000,12.0000,10.0000,0.00,'%'),(127,1168,NULL,1168,2.00,10.0000,12.0000,10.0000,0.00,'%'),(127,1169,NULL,1169,1.00,5.0000,7.0000,5.0000,0.00,'%'),(127,1170,NULL,1170,8.00,1.5000,2.0000,1.5000,0.00,'%'),(127,1171,NULL,1171,2.00,12.0000,15.0000,12.0000,0.00,'%'),(128,1109,NULL,1109,2.00,3.0000,5.0000,3.0000,0.00,'%'),(128,1113,NULL,1113,3.00,5.0000,7.0000,5.0000,0.00,'%'),(128,1115,NULL,1115,2.00,5.0000,7.0000,5.0000,0.00,'%'),(128,1116,NULL,1116,3.00,5.0000,7.0000,5.0000,0.00,'%'),(128,1117,NULL,1117,1.00,5.0000,7.0000,5.0000,0.00,'%'),(128,1120,NULL,1120,2.00,3.0000,5.0000,3.0000,0.00,'%'),(128,1121,NULL,1121,1.00,3.0000,5.0000,3.0000,0.00,'%'),(128,1122,NULL,1122,2.00,3.0000,5.0000,3.0000,0.00,'%'),(128,1124,NULL,1124,1.00,3.0000,5.0000,3.0000,0.00,'%'),(128,1126,NULL,1126,3.00,5.0000,7.0000,5.0000,0.00,'%'),(128,1129,NULL,1129,3.00,7.0000,9.0000,7.0000,0.00,'%'),(128,1131,NULL,1131,3.00,4.0000,5.0000,4.0000,0.00,'%'),(128,1134,NULL,1134,2.00,12.0000,15.0000,12.0000,0.00,'%'),(128,1140,NULL,1140,4.00,4.0000,5.0000,4.0000,0.00,'%'),(129,1137,NULL,1137,17.00,4.0000,6.0000,4.0000,0.00,'%'),(129,1138,NULL,1138,4.00,3.0000,4.0000,3.0000,0.00,'%'),(129,1222,NULL,1222,1.00,1.7500,2.0000,1.7500,0.00,'%'),(130,1125,NULL,1125,3.00,8.0000,10.0000,8.0000,0.00,'%'),(130,1164,NULL,1164,3.00,8.0000,10.0000,8.0000,0.00,'%'),(131,1540,NULL,1540,3.00,4.0000,5.0000,4.0000,0.00,'%'),(132,1072,NULL,1072,7.00,20.0000,23.0000,20.0000,0.00,'%'),(132,1073,NULL,1073,2.00,12.0000,15.0000,12.0000,0.00,'%'),(132,1074,NULL,1074,4.00,26.0000,30.0000,26.0000,0.00,'%'),(132,1075,NULL,1075,1.00,18.0000,20.0000,18.0000,0.00,'%'),(132,1076,NULL,1076,1.00,21.0000,25.0000,21.0000,0.00,'%'),(132,1077,NULL,1077,2.00,17.0000,20.0000,17.0000,0.00,'%'),(132,1079,NULL,1079,1.00,15.0000,20.0000,15.0000,0.00,'%'),(132,1080,NULL,1080,1.00,20.0000,25.0000,20.0000,0.00,'%'),(132,1081,NULL,1081,1.00,16.0000,20.0000,16.0000,0.00,'%'),(132,1082,NULL,1082,1.00,11.0000,12.0000,11.0000,0.00,'%'),(132,1085,NULL,1085,1.00,45.0000,50.0000,45.0000,0.00,'%'),(132,1086,NULL,1086,1.00,12.0000,15.0000,12.0000,0.00,'%'),(132,1091,NULL,1091,1.00,17.0000,20.0000,17.0000,0.00,'%'),(132,1095,NULL,1095,1.00,5.0000,6.0000,5.0000,0.00,'%'),(132,1096,NULL,1096,1.00,8.5000,12.0000,8.5000,0.00,'%'),(132,1099,NULL,1099,2.00,4.0000,5.0000,4.0000,0.00,'%'),(132,1136,NULL,1136,2.00,3.0000,4.0000,3.0000,0.00,'%'),(133,1078,NULL,1078,2.00,30.0000,35.0000,30.0000,0.00,'%'),(133,1083,NULL,1083,1.00,17.0000,20.0000,17.0000,0.00,'%'),(133,1084,NULL,1084,1.00,12.0000,15.0000,12.0000,0.00,'%'),(133,1092,NULL,1092,1.00,13.0000,15.0000,13.0000,0.00,'%'),(134,1090,NULL,1090,2.00,7.5000,10.0000,7.5000,0.00,'%'),(134,1094,NULL,1094,1.00,4.0000,6.0000,4.0000,0.00,'%'),(134,1104,NULL,1104,1.00,8.0000,10.0000,8.0000,0.00,'%'),(134,1541,NULL,1541,1.00,7.5000,10.0000,7.5000,0.00,'%'),(135,1087,NULL,1087,6.00,8.0000,10.0000,8.0000,0.00,'%'),(135,1088,NULL,1088,6.00,7.0000,8.0000,7.0000,0.00,'%'),(135,1102,NULL,1102,2.00,8.0000,10.0000,8.0000,0.00,'%'),(135,1542,NULL,1542,1.00,4.0000,6.0000,4.0000,0.00,'%'),(135,1543,NULL,1543,2.00,8.0000,10.0000,8.0000,0.00,'%'),(135,1544,NULL,1544,2.00,8.0000,10.0000,8.0000,0.00,'%'),(135,1545,NULL,1545,1.00,2.5000,4.0000,2.5000,0.00,'%'),(136,1089,NULL,1089,2.00,30.0000,35.0000,30.0000,0.00,'%'),(136,1093,NULL,1093,2.00,6.0000,8.0000,6.0000,0.00,'%'),(136,1100,NULL,1100,5.00,4.0000,5.0000,4.0000,0.00,'%'),(136,1101,NULL,1101,4.00,4.0000,5.0000,4.0000,0.00,'%'),(136,1103,NULL,1103,1.00,22.0000,25.0000,22.0000,0.00,'%'),(136,1546,NULL,1546,1.00,8.0000,10.0000,8.0000,0.00,'%'),(136,1547,NULL,1547,2.00,8.0000,10.0000,8.0000,0.00,'%'),(136,1548,NULL,1548,1.00,8.0000,10.0000,8.0000,0.00,'%'),(137,1551,NULL,1551,2.00,8.0000,10.0000,8.0000,0.00,'%'),(138,89,NULL,89,50.00,0.5200,0.6000,0.5200,0.00,'%'),(138,90,NULL,90,65.00,0.1800,0.3000,0.1800,0.00,'%'),(138,91,NULL,91,17.00,0.0600,0.1000,0.0600,0.00,'%'),(138,92,NULL,92,20.00,0.0800,0.1200,0.0800,0.00,'%'),(138,93,NULL,93,131.00,0.1800,0.2200,0.1800,0.00,'%'),(138,94,NULL,94,90.00,0.0400,0.0500,0.0400,0.00,'%'),(138,96,NULL,96,19.00,0.0900,0.1200,0.0900,0.00,'%'),(138,97,NULL,97,53.00,0.6000,0.7500,0.6000,0.00,'%'),(138,98,NULL,98,528.00,0.0500,0.0600,0.0500,0.00,'%'),(138,99,NULL,99,109.00,0.1200,0.1600,0.1200,0.00,'%'),(138,101,NULL,101,25.00,0.1300,0.2000,0.1300,0.00,'%'),(138,1552,NULL,1552,84.00,0.2000,0.2500,0.2000,0.00,'%'),(139,157,NULL,157,300.00,0.0300,0.0400,0.0300,0.00,'%'),(140,100,NULL,100,153.00,0.0500,0.0600,0.0500,0.00,'%'),(140,119,NULL,119,672.00,0.0700,0.0900,0.0700,0.00,'%'),(140,161,NULL,161,240.00,0.0300,0.0500,0.0300,0.00,'%'),(140,167,NULL,167,20.00,0.2000,0.2500,0.2000,0.00,'%'),(140,1553,NULL,1553,20.00,0.4100,0.5500,0.4100,0.00,'%'),(141,123,NULL,123,36.00,0.2500,0.3000,0.2500,0.00,'%'),(141,154,NULL,154,15.00,0.1600,0.2500,0.1600,0.00,'%'),(141,155,NULL,155,142.00,0.2200,0.3300,0.2200,0.00,'%'),(141,159,NULL,159,7.00,0.2900,0.3800,0.2900,0.00,'%'),(141,163,NULL,163,2.00,0.5000,0.7500,0.5000,0.00,'%'),(141,166,NULL,166,6.00,0.3200,0.4200,0.3200,0.00,'%'),(141,1554,NULL,1554,30.00,0.0500,0.0625,0.0500,0.00,'%'),(142,107,NULL,107,2.00,5.8000,6.5000,5.8000,0.00,'%'),(142,108,NULL,108,2.00,4.4000,6.0000,4.4000,0.00,'%'),(142,1042,NULL,1042,54.00,0.2000,0.2500,0.2000,0.00,'%'),(143,102,NULL,102,162.00,0.0600,0.0800,0.0600,0.00,'%'),(143,278,NULL,278,2.00,3.6000,5.0000,3.6000,0.00,'%'),(143,1555,NULL,1555,52.00,0.0185,0.0350,0.0185,0.00,'%'),(143,1556,NULL,1556,250.00,0.0400,0.0500,0.0400,0.00,'%'),(143,1557,NULL,1557,94.00,0.3000,0.3750,0.3000,0.00,'%'),(143,1558,NULL,1558,185.00,0.1500,0.1850,0.1500,0.00,'%'),(144,104,NULL,104,224.00,0.0200,0.0400,0.0200,0.00,'%'),(144,110,NULL,110,186.00,0.0400,0.0600,0.0400,0.00,'%'),(144,111,NULL,111,524.00,0.0200,0.0300,0.0200,0.00,'%'),(144,112,NULL,112,300.00,0.0300,0.0400,0.0300,0.00,'%'),(144,113,NULL,113,2.00,0.7100,1.0000,0.7100,0.00,'%'),(144,131,NULL,131,6.00,1.0000,1.3800,1.0000,0.00,'%'),(145,117,NULL,117,1.00,1.3000,1.6200,1.3000,0.00,'%'),(145,156,NULL,156,15.00,0.6000,0.8800,0.6000,0.00,'%'),(145,174,NULL,174,7.00,1.2500,1.7500,1.2500,0.00,'%'),(145,175,NULL,175,990.00,0.0100,0.0200,0.0100,0.00,'%'),(145,184,NULL,184,101.00,0.1300,0.2500,0.1300,0.00,'%'),(145,1559,NULL,1559,10.00,0.5000,0.8750,0.5000,0.00,'%'),(145,1560,NULL,1560,1.00,0.8600,1.1250,0.8600,0.00,'%'),(145,1561,NULL,1561,657.00,0.0250,0.0325,0.0250,0.00,'%'),(146,115,NULL,115,170.00,0.0900,0.1800,0.0900,0.00,'%'),(146,118,NULL,118,1.00,1.0000,1.5000,1.0000,0.00,'%'),(146,173,NULL,173,5.00,0.9800,1.5000,0.9800,0.00,'%'),(146,180,NULL,180,100.00,0.0500,0.0700,0.0500,0.00,'%'),(146,182,NULL,182,9.00,0.4000,0.5000,0.4000,0.00,'%'),(146,190,NULL,190,556.00,0.0100,0.0200,0.0100,0.00,'%'),(146,192,NULL,192,70.00,0.0100,0.1200,0.0100,0.00,'%'),(146,193,NULL,193,100.00,0.0600,0.0900,0.0600,0.00,'%'),(146,194,NULL,194,67.00,0.1200,0.1600,0.1200,0.00,'%'),(146,199,NULL,199,90.00,0.0300,0.0500,0.0300,0.00,'%'),(146,225,NULL,225,30.00,0.0990,0.1500,0.0990,0.00,'%'),(146,1562,NULL,1562,67.00,0.2000,0.2500,0.2000,0.00,'%'),(147,103,NULL,103,41.00,0.0800,0.1200,0.0800,0.00,'%'),(147,114,NULL,114,20.00,0.9000,1.1250,0.9000,0.00,'%'),(147,121,NULL,121,12.00,0.1200,0.2500,0.1200,0.00,'%'),(147,183,NULL,183,430.00,0.0200,0.0400,0.0200,0.00,'%'),(147,187,NULL,187,7.00,0.7500,1.2500,0.7500,0.00,'%'),(147,196,NULL,196,115.00,0.2000,0.2500,0.2000,0.00,'%'),(147,197,NULL,197,44.00,0.4400,0.5700,0.4400,0.00,'%'),(147,598,NULL,598,257.00,0.0400,0.0500,0.0400,0.00,'%'),(147,951,NULL,951,150.00,0.0260,0.0750,0.0260,0.00,'%'),(147,1563,NULL,1563,54.00,0.3000,0.3750,0.3000,0.00,'%'),(148,189,NULL,189,11.00,0.5500,0.8800,0.5500,0.00,'%'),(148,200,NULL,200,70.00,0.2000,0.2500,0.2000,0.00,'%'),(148,598,NULL,598,100.00,0.0400,0.0500,0.0400,0.00,'%'),(149,598,NULL,598,100.00,0.0400,0.0500,0.0400,0.00,'%'),(150,103,NULL,103,100.00,0.0800,0.1200,0.0800,0.00,'%'),(150,598,NULL,598,357.00,0.0400,0.0500,0.0400,0.00,'%'),(151,341,NULL,341,60.00,0.0300,0.0500,0.0300,0.00,'%'),(152,103,NULL,103,41.00,0.0800,0.1200,0.0800,0.00,'%'),(153,103,NULL,103,141.00,0.0800,0.1200,0.0800,0.00,'%'),(154,222,NULL,222,190.00,0.0550,0.0630,0.0550,0.00,'%'),(154,237,NULL,237,66.00,0.4000,0.5500,0.4000,0.00,'%'),(154,306,NULL,306,128.00,0.1050,0.1500,0.1050,0.00,'%'),(154,321,NULL,321,158.00,0.0560,0.0700,0.0560,0.00,'%'),(154,329,NULL,329,302.00,0.0550,0.0750,0.0550,0.00,'%'),(154,343,NULL,343,30.00,0.0800,0.1100,0.0800,0.00,'%'),(154,345,NULL,345,62.00,0.3200,0.5000,0.3200,0.00,'%'),(155,223,NULL,223,320.00,0.0365,0.0625,0.0365,0.00,'%'),(155,227,NULL,227,180.00,0.0800,0.1000,0.0800,0.00,'%'),(155,278,NULL,278,4.00,3.6000,5.0000,3.6000,0.00,'%'),(155,314,NULL,314,50.00,0.1075,0.1250,0.1075,0.00,'%'),(155,322,NULL,322,95.00,0.0750,0.0875,0.0750,0.00,'%'),(156,285,NULL,285,46.00,0.1530,0.2500,0.1530,0.00,'%'),(156,289,NULL,289,23.00,0.1670,0.3750,0.1670,0.00,'%'),(156,301,NULL,301,79.00,0.1800,0.2500,0.1800,0.00,'%'),(156,311,NULL,311,70.00,0.0820,0.1130,0.0820,0.00,'%'),(156,349,NULL,349,60.00,0.1730,0.2500,0.1730,0.00,'%'),(156,351,NULL,351,64.00,0.0650,0.1000,0.0650,0.00,'%'),(157,218,NULL,218,132.00,0.0600,0.1000,0.0600,0.00,'%'),(157,291,NULL,291,191.00,0.2930,0.3750,0.2930,0.00,'%'),(157,304,NULL,304,120.00,0.0230,0.0375,0.0230,0.00,'%'),(157,340,NULL,340,125.00,0.1960,0.2500,0.1960,0.00,'%'),(158,235,NULL,235,182.00,0.0265,0.0375,0.0265,0.00,'%'),(158,284,NULL,284,44.00,0.1250,0.2000,0.1250,0.00,'%'),(158,456,NULL,456,100.00,0.0390,0.0500,0.0390,0.00,'%'),(158,1564,NULL,1564,7.00,0.3000,0.3750,0.3000,0.00,'%'),(159,231,NULL,231,138.00,0.0150,0.0250,0.0150,0.00,'%'),(159,242,NULL,242,239.00,0.0240,0.0375,0.0240,0.00,'%'),(159,295,NULL,295,9.00,3.5000,4.5000,3.5000,0.00,'%'),(159,330,NULL,330,29.00,0.1240,0.1700,0.1240,0.00,'%'),(159,338,NULL,338,26.00,0.3200,0.4500,0.3200,0.00,'%'),(159,346,NULL,346,840.00,0.0250,0.0375,0.0250,0.00,'%'),(159,347,NULL,347,60.00,0.1200,0.7500,0.1200,0.00,'%'),(159,352,NULL,352,3.00,8.3000,9.0000,8.3000,0.00,'%'),(160,174,NULL,174,10.00,1.2500,1.7500,1.2500,0.00,'%'),(160,198,NULL,198,140.00,0.3600,0.4200,0.3600,0.00,'%'),(160,244,NULL,244,60.00,0.3700,0.4500,0.3700,0.00,'%'),(160,248,NULL,248,143.00,0.1290,0.2000,0.1290,0.00,'%'),(160,258,NULL,258,100.00,0.1250,0.1600,0.1250,0.00,'%'),(160,334,NULL,334,51.00,0.2650,0.3250,0.2650,0.00,'%'),(161,188,NULL,188,3.00,2.3500,3.0000,2.3500,0.00,'%'),(161,226,NULL,226,527.00,0.0450,0.0650,0.0450,0.00,'%'),(161,243,NULL,243,15.00,0.2000,0.3000,0.2000,0.00,'%'),(161,268,NULL,268,544.00,0.0400,0.0600,0.0400,0.00,'%'),(161,272,NULL,272,3.00,0.5000,0.8750,0.5000,0.00,'%'),(161,283,NULL,283,20.00,0.2300,0.3750,0.2300,0.00,'%'),(161,287,NULL,287,3.00,1.5000,2.0000,1.5000,0.00,'%'),(161,307,NULL,307,120.00,0.1700,0.2500,0.1700,0.00,'%'),(161,332,NULL,332,20.00,0.1550,0.2300,0.1550,0.00,'%'),(161,410,NULL,410,6.00,0.8000,1.1250,0.8000,0.00,'%'),(162,1565,NULL,1565,1.00,2.5000,3.0000,2.5000,0.00,'%'),(162,1566,NULL,1566,2.00,0.8000,1.0000,0.8000,0.00,'%'),(162,1567,NULL,1567,13.00,0.4500,0.5000,0.4500,0.00,'%'),(162,1568,NULL,1568,50.00,0.0200,0.0250,0.0200,0.00,'%'),(163,245,NULL,245,11.00,1.3000,1.5000,1.3000,0.00,'%'),(163,261,NULL,261,139.00,0.0970,0.1250,0.0970,0.00,'%'),(163,281,NULL,281,2.00,0.9300,1.2500,0.9300,0.00,'%'),(163,305,NULL,305,132.00,0.2100,0.2250,0.2100,0.00,'%'),(163,435,NULL,435,409.00,0.0600,0.0875,0.0600,0.00,'%'),(164,212,NULL,212,68.00,0.1440,0.1750,0.1440,0.00,'%'),(164,230,NULL,230,200.00,0.1000,0.1250,0.1000,0.00,'%'),(164,239,NULL,239,43.00,0.5000,0.5750,0.5000,0.00,'%'),(164,255,NULL,255,68.00,0.4350,0.5500,0.4350,0.00,'%'),(164,281,NULL,281,6.00,0.9300,1.2500,0.9300,0.00,'%'),(164,317,NULL,317,4.00,0.7000,1.0000,0.7000,0.00,'%'),(164,328,NULL,328,40.00,0.1700,0.2500,0.1700,0.00,'%'),(164,333,NULL,333,20.00,0.2000,0.5000,0.2000,0.00,'%'),(165,211,NULL,211,214.00,0.0300,0.0500,0.0300,0.00,'%'),(165,215,NULL,215,68.00,0.0970,0.1750,0.0970,0.00,'%'),(165,259,NULL,259,102.00,0.1290,0.2000,0.1290,0.00,'%'),(165,262,NULL,262,101.00,0.0660,0.1750,0.0660,0.00,'%'),(165,415,NULL,415,26.00,0.2375,0.3250,0.2375,0.00,'%'),(166,186,NULL,186,5.00,1.5500,2.5000,1.5500,0.00,'%'),(166,214,NULL,214,30.00,0.1270,0.2000,0.1270,0.00,'%'),(166,216,NULL,216,200.00,0.0550,0.0750,0.0550,0.00,'%'),(166,265,NULL,265,200.00,0.0245,0.0375,0.0245,0.00,'%'),(166,302,NULL,302,13.00,0.0700,0.1000,0.0700,0.00,'%'),(166,315,NULL,315,79.00,0.1000,0.1380,0.1000,0.00,'%'),(166,541,NULL,541,50.00,0.6400,0.7500,0.6400,0.00,'%'),(166,551,NULL,551,60.00,0.2500,0.3750,0.2500,0.00,'%'),(166,561,NULL,561,6.00,4.5000,5.5000,4.5000,0.00,'%'),(166,574,NULL,574,238.00,0.1650,0.2250,0.1650,0.00,'%'),(166,1569,NULL,1569,240.00,0.0625,0.0875,0.0625,0.00,'%'),(167,229,NULL,229,340.00,0.0210,0.0375,0.0210,0.00,'%'),(167,236,NULL,236,154.00,0.0560,0.0875,0.0560,0.00,'%'),(167,252,NULL,252,140.00,0.1290,0.2000,0.1290,0.00,'%'),(167,325,NULL,325,57.00,0.7200,1.0000,0.7200,0.00,'%'),(167,337,NULL,337,7.00,0.2950,0.3750,0.2950,0.00,'%'),(167,350,NULL,350,20.00,0.2950,0.3750,0.2950,0.00,'%'),(167,357,NULL,357,12.00,0.3250,0.5000,0.3250,0.00,'%'),(167,549,NULL,549,177.00,0.0950,0.1500,0.0950,0.00,'%'),(167,557,NULL,557,120.00,0.0160,0.0375,0.0160,0.00,'%'),(167,568,NULL,568,72.00,0.0830,0.1250,0.0830,0.00,'%'),(168,542,NULL,542,60.00,0.3700,0.5000,0.3700,0.00,'%'),(168,581,NULL,581,2.00,3.0500,4.0000,3.0500,0.00,'%'),(168,582,NULL,582,1.00,15.5000,17.0000,15.5000,0.00,'%'),(168,1570,NULL,1570,2.00,20.0000,21.5000,20.0000,0.00,'%'),(169,263,NULL,263,174.00,0.1290,0.2000,0.1290,0.00,'%'),(169,267,NULL,267,370.00,0.2840,0.3100,0.2840,0.00,'%'),(169,270,NULL,270,240.00,0.0110,0.0250,0.0110,0.00,'%'),(169,323,NULL,323,5.00,1.1000,1.2500,1.1000,0.00,'%'),(169,336,NULL,336,6.00,1.0000,1.5000,1.0000,0.00,'%'),(169,532,NULL,532,50.00,0.0200,0.0375,0.0200,0.00,'%'),(169,534,NULL,534,65.00,0.2400,0.3000,0.2400,0.00,'%'),(169,559,NULL,559,29.00,0.0500,0.0750,0.0500,0.00,'%'),(169,566,NULL,566,60.00,0.4800,0.5250,0.4800,0.00,'%'),(169,570,NULL,570,105.00,0.3200,0.3750,0.3200,0.00,'%'),(170,250,NULL,250,185.00,0.1500,0.2000,0.1500,0.00,'%'),(170,256,NULL,256,364.00,0.0090,0.0200,0.0090,0.00,'%'),(170,266,NULL,266,540.00,0.1400,0.1550,0.1400,0.00,'%'),(170,356,NULL,356,30.00,0.0830,0.1000,0.0830,0.00,'%'),(170,461,NULL,461,144.00,0.0950,0.1670,0.0950,0.00,'%'),(170,528,NULL,528,400.00,0.0360,0.0625,0.0360,0.00,'%'),(170,530,NULL,530,1985.00,0.0355,0.0500,0.0355,0.00,'%'),(170,536,NULL,536,155.00,0.0350,0.0500,0.0350,0.00,'%'),(170,539,NULL,539,20.00,1.0800,1.2500,1.0800,0.00,'%'),(170,571,NULL,571,213.00,0.0925,0.1250,0.0925,0.00,'%'),(170,575,NULL,575,80.00,0.0710,0.1000,0.0710,0.00,'%'),(170,580,NULL,580,5.00,0.1070,0.1750,0.1070,0.00,'%'),(170,659,NULL,659,20.00,0.7150,1.0000,0.7150,0.00,'%'),(170,660,NULL,660,16.00,0.9100,1.1250,0.9100,0.00,'%'),(171,213,NULL,213,210.00,0.0320,0.0500,0.0320,0.00,'%'),(171,339,NULL,339,10.00,0.8500,1.1250,0.8500,0.00,'%'),(171,342,NULL,342,13.00,0.8000,1.1300,0.8000,0.00,'%'),(171,453,NULL,453,112.00,0.0550,0.0750,0.0550,0.00,'%'),(171,455,NULL,455,90.00,0.0500,0.0750,0.0500,0.00,'%'),(171,470,NULL,470,230.00,0.1250,0.1625,0.1250,0.00,'%'),(171,538,NULL,538,3.00,4.8000,6.0000,4.8000,0.00,'%'),(172,319,NULL,319,241.00,0.1450,0.1750,0.1450,0.00,'%'),(172,416,NULL,416,13.00,0.5600,0.8750,0.5600,0.00,'%'),(172,455,NULL,455,190.00,0.0500,0.0750,0.0500,0.00,'%'),(172,464,NULL,464,21.00,0.1250,0.1750,0.1250,0.00,'%'),(172,533,NULL,533,156.00,0.0980,0.1375,0.0980,0.00,'%'),(172,535,NULL,535,116.00,0.0680,0.0875,0.0680,0.00,'%'),(172,539,NULL,539,29.00,1.0800,1.2500,1.0800,0.00,'%'),(172,540,NULL,540,77.00,0.1620,0.2300,0.1620,0.00,'%'),(172,543,NULL,543,164.00,0.0750,0.1000,0.0750,0.00,'%'),(173,444,NULL,444,20.00,0.4350,0.5500,0.4350,0.00,'%'),(173,445,NULL,445,145.00,0.1550,0.2000,0.1550,0.00,'%'),(173,448,NULL,448,35.00,0.1320,0.2500,0.1320,0.00,'%'),(173,466,NULL,466,60.00,0.0860,0.1000,0.0860,0.00,'%'),(173,531,NULL,531,85.00,0.1650,0.2500,0.1650,0.00,'%'),(173,550,NULL,550,55.00,0.0740,0.1000,0.0740,0.00,'%'),(173,558,NULL,558,63.00,0.1400,0.1875,0.1400,0.00,'%'),(173,565,NULL,565,12.00,0.6500,0.1000,0.6500,0.00,'%'),(173,567,NULL,567,100.00,0.0200,0.0250,0.0200,0.00,'%'),(173,573,NULL,573,110.00,0.0480,0.0750,0.0480,0.00,'%'),(174,554,NULL,554,11.00,3.2500,3.7500,3.2500,0.00,'%'),(174,562,NULL,562,17.00,0.1700,0.2500,0.1700,0.00,'%'),(175,576,NULL,576,569.00,0.0220,0.0375,0.0220,0.00,'%'),(176,119,NULL,119,1220.00,0.0700,0.0900,0.0700,0.00,'%'),(176,269,NULL,269,520.00,0.0120,0.0250,0.0120,0.00,'%'),(176,475,NULL,475,210.00,0.1300,0.2000,0.1300,0.00,'%'),(176,476,NULL,476,130.00,0.1200,0.1375,0.1200,0.00,'%'),(176,489,NULL,489,7.00,0.4600,0.5750,0.4600,0.00,'%'),(176,495,NULL,495,200.00,0.0360,0.0500,0.0360,0.00,'%'),(176,508,NULL,508,80.00,0.0390,0.0500,0.0390,0.00,'%'),(176,553,NULL,553,30.00,0.2080,0.3000,0.2080,0.00,'%'),(176,560,NULL,560,10.00,0.3000,0.5000,0.3000,0.00,'%'),(176,1504,NULL,1504,14.00,0.1700,0.2500,0.1700,0.00,'%'),(177,462,NULL,462,64.00,0.1200,0.1500,0.1200,0.00,'%'),(177,479,NULL,479,19.00,0.3750,0.4500,0.3750,0.00,'%'),(177,492,NULL,492,10.00,0.7200,0.8720,0.7200,0.00,'%'),(177,498,NULL,498,108.00,0.0590,0.0750,0.0590,0.00,'%'),(177,501,NULL,501,250.00,0.0100,0.0250,0.0100,0.00,'%'),(177,505,NULL,505,93.00,0.1060,0.1500,0.1060,0.00,'%'),(178,288,NULL,288,47.00,0.3500,0.6250,0.3500,0.00,'%'),(178,449,NULL,449,172.00,0.2000,0.2250,0.2000,0.00,'%'),(178,451,NULL,451,8.00,0.6600,0.8750,0.6600,0.00,'%'),(178,452,NULL,452,89.00,0.1225,0.1500,0.1225,0.00,'%'),(178,460,NULL,460,210.00,0.0300,0.0500,0.0300,0.00,'%'),(178,478,NULL,478,38.00,0.1450,0.2000,0.1450,0.00,'%'),(178,490,NULL,490,28.00,0.4100,0.5750,0.4100,0.00,'%'),(178,491,NULL,491,54.00,0.2500,0.4000,0.2500,0.00,'%'),(178,511,NULL,511,16.00,0.4670,0.6250,0.4670,0.00,'%'),(178,552,NULL,552,160.00,0.1850,0.2500,0.1850,0.00,'%'),(178,563,NULL,563,100.00,0.0630,0.0750,0.0630,0.00,'%'),(178,564,NULL,564,27.00,0.5000,0.7500,0.5000,0.00,'%'),(178,569,NULL,569,100.00,0.0520,0.0625,0.0520,0.00,'%'),(178,572,NULL,572,1.00,14.5000,16.0000,14.5000,0.00,'%'),(178,578,NULL,578,111.00,0.0570,0.1000,0.0570,0.00,'%'),(178,579,NULL,579,38.00,0.1650,0.2125,0.1650,0.00,'%'),(179,447,NULL,447,5.00,2.0000,2.5000,2.0000,0.00,'%'),(179,458,NULL,458,8.00,0.6750,0.8750,0.6750,0.00,'%'),(179,529,NULL,529,1326.00,0.0425,0.0625,0.0425,0.00,'%'),(180,1571,NULL,1571,313.00,0.0550,0.8750,0.0550,0.00,'%'),(180,1572,NULL,1572,23.00,0.0320,0.1000,0.0320,0.00,'%'),(181,1573,NULL,1573,52.00,0.0750,0.1250,0.0750,0.00,'%'),(181,1574,NULL,1574,3.00,3.0000,3.7500,3.0000,0.00,'%'),(181,1575,NULL,1575,7.00,0.1250,0.2000,0.1250,0.00,'%'),(181,1576,NULL,1576,5.00,1.0000,1.1250,1.0000,0.00,'%'),(181,1577,NULL,1577,214.00,0.0060,0.0175,0.0060,0.00,'%'),(182,1578,NULL,1578,3.00,0.7500,0.8750,0.7500,0.00,'%'),(182,1579,NULL,1579,10.00,0.6250,0.8750,0.6250,0.00,'%'),(182,1580,NULL,1580,40.00,0.2500,0.3750,0.2500,0.00,'%'),(182,1581,NULL,1581,6.00,0.3750,0.5000,0.3750,0.00,'%'),(182,1582,NULL,1582,22.00,0.0500,0.0625,0.0500,0.00,'%'),(182,1583,NULL,1583,1.00,1.5000,1.7500,1.5000,0.00,'%'),(182,1584,NULL,1584,50.00,0.0500,0.0625,0.0500,0.00,'%'),(183,474,NULL,474,10.00,1.5500,2.0000,1.5500,0.00,'%'),(183,483,NULL,483,236.00,0.1200,0.1500,0.1200,0.00,'%'),(183,484,NULL,484,24.00,0.2300,0.3750,0.2300,0.00,'%'),(183,487,NULL,487,79.00,0.0360,0.0500,0.0360,0.00,'%'),(183,1585,NULL,1585,1.00,2.0000,3.0000,2.0000,0.00,'%'),(184,482,NULL,482,285.00,0.0400,0.0700,0.0400,0.00,'%'),(185,477,NULL,477,18.00,1.6000,2.0000,1.6000,0.00,'%'),(185,488,NULL,488,42.00,0.1200,0.1750,0.1200,0.00,'%'),(186,1586,NULL,1586,125.00,0.1250,0.2000,0.1250,0.00,'%'),(187,446,NULL,446,258.00,0.0450,0.0625,0.0450,0.00,'%'),(187,472,NULL,472,98.00,0.0565,0.1000,0.0565,0.00,'%'),(187,473,NULL,473,33.00,0.0670,0.1250,0.0670,0.00,'%'),(187,496,NULL,496,2.00,5.3000,6.0000,5.3000,0.00,'%'),(187,500,NULL,500,144.00,0.0090,0.0250,0.0090,0.00,'%'),(187,504,NULL,504,6.00,1.0500,1.2500,1.0500,0.00,'%'),(188,462,NULL,462,59.00,0.1200,0.1500,0.1200,0.00,'%'),(188,507,NULL,507,413.00,0.1500,0.1750,0.1500,0.00,'%'),(188,520,NULL,520,103.00,0.2200,0.3000,0.2200,0.00,'%'),(189,509,NULL,509,200.00,0.0850,0.1250,0.0850,0.00,'%'),(189,510,NULL,510,30.00,0.1620,0.2000,0.1620,0.00,'%'),(189,524,NULL,524,120.00,0.1400,0.1750,0.1400,0.00,'%'),(189,527,NULL,527,85.00,0.1100,0.1750,0.1100,0.00,'%'),(190,523,NULL,523,79.00,0.1040,0.1500,0.1040,0.00,'%'),(191,562,NULL,562,1.00,0.1700,0.2500,0.1700,0.00,'%'),(192,512,NULL,512,40.00,1.2500,1.3750,1.2500,0.00,'%'),(192,515,NULL,515,93.00,0.1750,0.2000,0.1750,0.00,'%'),(192,517,NULL,517,328.00,0.0200,0.0375,0.0200,0.00,'%'),(192,525,NULL,525,4.00,1.0430,1.2500,1.0430,0.00,'%'),(192,1587,NULL,1587,9.00,2.0000,2.2500,2.0000,0.00,'%'),(193,475,NULL,475,7.00,0.1300,0.2000,0.1300,0.00,'%'),(194,475,NULL,475,217.00,0.1300,0.2000,0.1300,0.00,'%'),(194,494,NULL,494,1.00,2.0000,3.0000,2.0000,0.00,'%'),(194,499,NULL,499,187.00,0.0475,0.0750,0.0475,0.00,'%'),(194,513,NULL,513,40.00,0.1500,0.1750,0.1500,0.00,'%'),(194,514,NULL,514,230.00,0.0570,0.0750,0.0570,0.00,'%'),(194,516,NULL,516,158.00,0.0210,0.0500,0.0210,0.00,'%'),(195,497,NULL,497,13.00,0.7000,0.8750,0.7000,0.00,'%'),(195,518,NULL,518,180.00,0.0500,0.0750,0.0500,0.00,'%'),(195,521,NULL,521,9.00,1.0000,1.2500,1.0000,0.00,'%'),(196,493,NULL,493,31.00,0.0400,0.0625,0.0400,0.00,'%'),(197,282,NULL,282,103.00,0.2710,0.3000,0.2710,0.00,'%'),(197,361,NULL,361,126.00,0.1460,0.1750,0.1460,0.00,'%'),(197,374,NULL,374,296.00,0.2100,0.2500,0.2100,0.00,'%'),(197,379,NULL,379,108.00,0.1200,0.1500,0.1200,0.00,'%'),(197,381,NULL,381,180.00,0.0700,0.1000,0.0700,0.00,'%'),(197,383,NULL,383,85.00,0.0700,0.1000,0.0700,0.00,'%'),(198,359,NULL,359,2.00,1.4000,1.7500,1.4000,0.00,'%'),(198,382,NULL,382,259.00,0.0700,0.1000,0.0700,0.00,'%'),(198,399,NULL,399,46.00,0.0500,0.0750,0.0500,0.00,'%'),(199,371,NULL,371,70.00,0.1350,0.2500,0.1350,0.00,'%'),(199,373,NULL,373,100.00,0.1200,0.1500,0.1200,0.00,'%'),(199,393,NULL,393,270.00,0.0120,0.0250,0.0120,0.00,'%'),(199,404,NULL,404,101.00,0.3750,0.5000,0.3750,0.00,'%'),(200,367,NULL,367,687.00,0.0290,0.0425,0.0290,0.00,'%'),(200,376,NULL,376,255.00,0.0550,0.0625,0.0550,0.00,'%'),(200,377,NULL,377,78.00,0.1000,0.1500,0.1000,0.00,'%'),(200,385,NULL,385,55.00,0.0660,0.0875,0.0660,0.00,'%'),(200,390,NULL,390,320.00,0.0420,0.0600,0.0420,0.00,'%'),(200,398,NULL,398,30.00,0.3950,0.5000,0.3950,0.00,'%'),(200,1507,NULL,1507,150.00,0.1000,0.1250,0.1000,0.00,'%'),(201,362,NULL,362,12.00,3.2000,3.7500,3.2000,0.00,'%'),(201,366,NULL,366,82.00,0.2150,0.2750,0.2150,0.00,'%'),(201,372,NULL,372,8.00,0.1650,0.3000,0.1650,0.00,'%'),(201,378,NULL,378,36.00,0.1600,0.2500,0.1600,0.00,'%'),(201,384,NULL,384,1.00,9.5000,12.0000,9.5000,0.00,'%'),(201,387,NULL,387,87.00,0.0360,0.0500,0.0360,0.00,'%'),(201,391,NULL,391,55.00,0.0850,0.1500,0.0850,0.00,'%'),(201,397,NULL,397,9.00,1.0000,1.2500,1.0000,0.00,'%'),(201,422,NULL,422,7.00,3.1000,3.7500,3.1000,0.00,'%'),(202,396,NULL,396,57.00,0.0670,0.0875,0.0670,0.00,'%'),(202,1508,NULL,1508,300.00,0.0165,0.1000,0.0165,0.00,'%'),(203,388,NULL,388,1779.00,0.0410,0.0550,0.0410,0.00,'%'),(203,389,NULL,389,160.00,0.0500,0.6250,0.0500,0.00,'%'),(203,392,NULL,392,590.00,0.0290,0.0450,0.0290,0.00,'%'),(203,394,NULL,394,202.00,0.0710,0.1000,0.0710,0.00,'%'),(203,400,NULL,400,20.00,0.3250,0.3750,0.3250,0.00,'%'),(204,363,NULL,363,200.00,0.0800,0.1125,0.0800,0.00,'%'),(204,386,NULL,386,93.00,0.0770,0.1000,0.0770,0.00,'%'),(204,407,NULL,407,22.00,0.2700,0.3750,0.2700,0.00,'%'),(204,427,NULL,427,302.00,0.0375,0.0625,0.0375,0.00,'%'),(204,428,NULL,428,130.00,0.0500,0.0625,0.0500,0.00,'%'),(204,429,NULL,429,110.00,0.0620,0.1250,0.0620,0.00,'%'),(204,433,NULL,433,145.00,0.0275,0.0450,0.0275,0.00,'%'),(204,459,NULL,459,30.00,0.1720,0.2500,0.1720,0.00,'%'),(205,406,NULL,406,5.00,0.4500,0.6250,0.4500,0.00,'%'),(205,1588,NULL,1588,1.00,4.0000,5.0000,4.0000,0.00,'%'),(206,221,NULL,221,16.00,0.9100,1.1250,0.9100,0.00,'%'),(206,409,NULL,409,82.00,0.0540,0.0625,0.0540,0.00,'%'),(206,414,NULL,414,100.00,0.0735,0.0875,0.0735,0.00,'%'),(206,419,NULL,419,70.00,0.0300,0.0500,0.0300,0.00,'%'),(206,423,NULL,423,5.00,0.9500,1.2500,0.9500,0.00,'%'),(206,434,NULL,434,9.00,7.3000,8.0000,7.3000,0.00,'%'),(206,436,NULL,436,24.00,0.2850,0.3250,0.2850,0.00,'%'),(206,439,NULL,439,72.00,0.0700,0.0875,0.0700,0.00,'%'),(207,369,NULL,369,205.00,0.1670,0.2400,0.1670,0.00,'%'),(207,375,NULL,375,690.00,0.0180,0.0375,0.0180,0.00,'%'),(207,417,NULL,417,58.00,0.1220,0.1750,0.1220,0.00,'%'),(207,432,NULL,432,177.00,0.2000,0.2750,0.2000,0.00,'%'),(207,437,NULL,437,5.00,2.9500,3.7500,2.9500,0.00,'%'),(207,440,NULL,440,6.00,2.2000,2.5000,2.2000,0.00,'%'),(207,441,NULL,441,30.00,0.1750,0.2500,0.1750,0.00,'%'),(207,443,NULL,443,54.00,0.4720,0.5750,0.4720,0.00,'%'),(207,454,NULL,454,1.00,3.0000,4.0000,3.0000,0.00,'%'),(208,408,NULL,408,50.00,0.1200,0.1630,0.1200,0.00,'%'),(208,411,NULL,411,10.00,1.0000,1.2500,1.0000,0.00,'%'),(208,412,NULL,412,335.00,0.0330,0.0500,0.0330,0.00,'%'),(208,430,NULL,430,365.00,0.0280,0.0500,0.0280,0.00,'%'),(208,431,NULL,431,1230.00,0.0175,0.0375,0.0175,0.00,'%'),(208,442,NULL,442,235.00,0.0785,0.1250,0.0785,0.00,'%'),(208,679,NULL,679,6.00,3.3000,3.8750,3.3000,0.00,'%'),(208,681,NULL,681,5.00,1.0000,1.3750,1.0000,0.00,'%'),(208,730,NULL,730,16.00,0.8000,1.1250,0.8000,0.00,'%'),(208,734,NULL,734,11.00,1.2000,1.5000,1.2000,0.00,'%'),(209,413,NULL,413,67.00,0.1000,0.1250,0.1000,0.00,'%'),(209,421,NULL,421,150.00,0.1700,0.2250,0.1700,0.00,'%'),(209,425,NULL,425,55.00,0.3350,0.5000,0.3350,0.00,'%'),(209,426,NULL,426,90.00,0.1200,0.1750,0.1200,0.00,'%'),(209,673,NULL,673,12.00,0.1950,0.3000,0.1950,0.00,'%'),(209,677,NULL,677,47.00,0.0500,0.0750,0.0500,0.00,'%'),(209,683,NULL,683,17.00,0.5950,0.7000,0.5950,0.00,'%'),(209,722,NULL,722,1.00,4.2000,5.0000,4.2000,0.00,'%'),(209,725,NULL,725,55.00,0.3500,0.4250,0.3500,0.00,'%'),(209,731,NULL,731,30.00,0.1000,0.1750,0.1000,0.00,'%'),(210,395,NULL,395,49.00,0.1670,0.2500,0.1670,0.00,'%'),(210,401,NULL,401,58.00,0.1975,0.2500,0.1975,0.00,'%'),(211,682,NULL,682,24.00,0.0275,0.0500,0.0275,0.00,'%'),(211,719,NULL,719,68.00,0.0460,0.0750,0.0460,0.00,'%'),(212,680,NULL,680,454.00,0.0270,0.0625,0.0270,0.00,'%'),(212,720,NULL,720,16.00,0.2600,0.3750,0.2600,0.00,'%'),(212,726,NULL,726,108.00,0.0185,0.0250,0.0185,0.00,'%'),(212,727,NULL,727,155.00,0.0150,0.0250,0.0150,0.00,'%'),(212,729,NULL,729,52.00,0.0375,0.0500,0.0375,0.00,'%'),(212,732,NULL,732,151.00,0.1000,0.1375,0.1000,0.00,'%'),(212,733,NULL,733,385.00,0.0375,0.0625,0.0375,0.00,'%'),(213,358,NULL,358,130.00,0.1750,0.2250,0.1750,0.00,'%'),(213,675,NULL,675,11.00,0.9800,1.1250,0.9800,0.00,'%'),(214,609,NULL,609,8.00,1.6000,2.0000,1.6000,0.00,'%'),(214,610,NULL,610,3.00,1.8000,2.2500,1.8000,0.00,'%'),(214,613,NULL,613,4.00,1.3500,2.0000,1.3500,0.00,'%'),(215,677,NULL,677,55.00,0.0500,0.0750,0.0500,0.00,'%'),(216,677,NULL,677,47.00,0.0500,0.0750,0.0500,0.00,'%'),(217,368,NULL,368,7.00,0.3500,0.5000,0.3500,0.00,'%'),(218,360,NULL,360,346.00,0.1650,0.2250,0.1650,0.00,'%'),(218,403,NULL,403,23.00,0.1950,0.3750,0.1950,0.00,'%'),(218,641,NULL,641,460.00,0.0250,0.0375,0.0250,0.00,'%'),(218,647,NULL,647,20.00,0.2250,0.3500,0.2250,0.00,'%'),(219,1589,NULL,1589,15.00,0.1720,0.4500,0.1720,0.00,'%'),(220,647,NULL,647,3.00,0.2250,0.3500,0.2250,0.00,'%'),(221,628,NULL,628,1.00,2.1000,3.0000,2.1000,0.00,'%'),(222,615,NULL,615,120.00,0.1250,0.1750,0.1250,0.00,'%'),(222,1590,NULL,1590,3.00,2.5000,3.2500,2.5000,0.00,'%'),(223,627,NULL,627,4.00,2.1000,3.0000,2.1000,0.00,'%'),(224,626,NULL,626,3.00,2.1000,3.0000,2.1000,0.00,'%'),(225,608,NULL,608,125.00,0.0700,0.8750,0.0700,0.00,'%'),(225,625,NULL,625,80.00,0.1200,0.1750,0.1200,0.00,'%'),(225,638,NULL,638,53.00,0.0770,0.1250,0.0770,0.00,'%'),(225,655,NULL,655,30.00,0.0840,0.1250,0.0840,0.00,'%'),(225,735,NULL,735,1.00,6.4000,7.5000,6.4000,0.00,'%'),(226,605,NULL,605,24.00,0.2040,0.2750,0.2040,0.00,'%'),(226,629,NULL,629,133.00,0.1900,0.2250,0.1900,0.00,'%'),(226,630,NULL,630,58.00,0.0890,0.1500,0.0890,0.00,'%'),(227,735,NULL,735,1.00,6.4000,7.5000,6.4000,0.00,'%'),(228,606,NULL,606,63.00,0.0670,0.1250,0.0670,0.00,'%'),(228,612,NULL,612,2.00,1.4000,1.6250,1.4000,0.00,'%'),(228,614,NULL,614,1.00,1.4500,2.0000,1.4500,0.00,'%'),(228,616,NULL,616,90.00,0.0770,0.1250,0.0770,0.00,'%'),(228,617,NULL,617,60.00,0.0770,0.1250,0.0770,0.00,'%'),(228,632,NULL,632,107.00,0.0220,0.0375,0.0220,0.00,'%'),(228,639,NULL,639,7.00,0.7500,1.1250,0.7500,0.00,'%'),(228,645,NULL,645,28.00,0.4500,0.5500,0.4500,0.00,'%'),(228,736,NULL,736,1.00,5.0000,6.0000,5.0000,0.00,'%'),(229,604,NULL,604,2.00,2.8000,3.1250,2.8000,0.00,'%'),(229,622,NULL,622,66.00,0.0550,0.0750,0.0550,0.00,'%'),(229,634,NULL,634,80.00,0.0500,0.0750,0.0500,0.00,'%'),(229,637,NULL,637,14.00,0.3550,0.5000,0.3550,0.00,'%'),(229,644,NULL,644,51.00,0.2700,0.3250,0.2700,0.00,'%'),(229,648,NULL,648,25.00,0.2400,0.3750,0.2400,0.00,'%'),(229,728,NULL,728,135.00,0.1050,0.1500,0.1050,0.00,'%'),(230,668,NULL,668,22.00,1.2000,1.6250,1.2000,0.00,'%'),(231,588,NULL,588,100.00,0.0730,0.0875,0.0730,0.00,'%'),(231,1591,NULL,1591,35.00,0.3350,0.4500,0.3350,0.00,'%'),(232,1592,NULL,1592,22.00,0.4500,0.6250,0.4500,0.00,'%'),(233,588,NULL,588,200.00,0.0730,0.0875,0.0730,0.00,'%'),(234,598,NULL,598,100.00,0.0400,0.0500,0.0400,0.00,'%'),(235,661,NULL,661,5.00,0.5000,0.6250,0.5000,0.00,'%'),(236,640,NULL,640,100.00,0.2000,0.2500,0.2000,0.00,'%'),(237,586,NULL,586,198.00,0.0300,0.0500,0.0300,0.00,'%'),(237,589,NULL,589,175.00,0.1370,0.1750,0.1370,0.00,'%'),(237,670,NULL,670,200.00,0.1120,0.1250,0.1120,0.00,'%'),(237,743,NULL,743,400.00,0.0150,0.0225,0.0150,0.00,'%'),(238,663,NULL,663,4.00,0.5500,1.0000,0.5500,0.00,'%'),(238,666,NULL,666,73.00,0.0173,0.0375,0.0173,0.00,'%'),(238,667,NULL,667,159.00,0.0300,0.0500,0.0300,0.00,'%'),(238,669,NULL,669,1.00,0.8000,1.2500,0.8000,0.00,'%'),(239,279,NULL,279,21.00,1.9500,2.3750,1.9500,0.00,'%'),(239,596,NULL,596,13.00,0.8200,1.0000,0.8200,0.00,'%'),(240,599,NULL,599,57.00,0.0770,0.1250,0.0770,0.00,'%'),(240,607,NULL,607,47.00,0.1850,0.2500,0.1850,0.00,'%'),(241,583,NULL,583,40.00,0.0600,0.0875,0.0600,0.00,'%'),(241,587,NULL,587,99.00,0.0095,0.0250,0.0095,0.00,'%'),(241,646,NULL,646,6.00,1.2500,1.5000,1.2500,0.00,'%'),(242,648,NULL,648,93.00,0.2400,0.3750,0.2400,0.00,'%'),(243,585,NULL,585,70.00,0.0700,0.1000,0.0700,0.00,'%'),(243,590,NULL,590,103.00,0.1800,0.2400,0.1800,0.00,'%'),(243,594,NULL,594,42.00,0.3300,0.4300,0.3300,0.00,'%'),(243,597,NULL,597,38.00,0.6300,0.7500,0.6300,0.00,'%'),(243,600,NULL,600,100.00,0.0430,0.1500,0.0430,0.00,'%'),(243,601,NULL,601,35.00,0.3050,0.3750,0.3050,0.00,'%'),(243,602,NULL,602,2.00,2.6500,3.5000,2.6500,0.00,'%'),(243,653,NULL,653,2.00,1.6000,2.2500,1.6000,0.00,'%'),(244,603,NULL,603,10.00,1.4000,1.7500,1.4000,0.00,'%'),(245,810,NULL,810,10.00,5.4000,6.0000,5.4000,0.00,'%'),(246,810,NULL,810,12.00,5.4000,6.0000,5.4000,0.00,'%'),(247,463,NULL,463,538.00,0.0800,0.1000,0.0800,0.00,'%'),(247,574,NULL,574,416.00,0.1650,0.2250,0.1650,0.00,'%'),(248,643,NULL,643,197.00,0.2070,0.2500,0.2070,0.00,'%'),(249,611,NULL,611,7.00,0.8500,1.2500,0.8500,0.00,'%'),(249,631,NULL,631,84.00,0.2380,0.3000,0.2380,0.00,'%'),(249,635,NULL,635,17.00,0.5450,0.6250,0.5450,0.00,'%'),(249,636,NULL,636,66.00,0.2550,0.3000,0.2550,0.00,'%'),(249,656,NULL,656,14.00,0.2600,0.3750,0.2600,0.00,'%'),(250,640,NULL,640,10.00,0.2000,0.2500,0.2000,0.00,'%'),(251,623,NULL,623,7.00,0.2500,0.3750,0.2500,0.00,'%'),(251,624,NULL,624,20.00,0.4950,0.6250,0.4950,0.00,'%'),(251,633,NULL,633,212.00,0.2200,0.3000,0.2200,0.00,'%'),(251,642,NULL,642,300.00,0.0200,0.0375,0.0200,0.00,'%'),(251,652,NULL,652,76.00,0.0640,0.1250,0.0640,0.00,'%'),(251,658,NULL,658,82.00,0.0100,0.0250,0.0100,0.00,'%'),(251,676,NULL,676,28.00,0.3250,0.4500,0.3250,0.00,'%'),(252,1593,NULL,1593,10.00,1.2500,1.5000,1.2500,0.00,'%'),(253,1594,NULL,1594,4.00,1.0000,1.2500,1.0000,0.00,'%'),(254,1595,NULL,1595,9.00,1.5000,1.8750,1.5000,0.00,'%'),(254,1596,NULL,1596,150.00,0.1270,0.1550,0.1270,0.00,'%'),(255,840,NULL,840,1.00,3.4000,4.5000,3.4000,0.00,'%'),(256,805,NULL,805,1.00,5.8500,7.0000,5.8500,0.00,'%'),(256,807,NULL,807,1.00,1.0000,1.2500,1.0000,0.00,'%'),(256,814,NULL,814,27.00,0.6500,0.8750,0.6500,0.00,'%'),(256,834,NULL,834,14.00,0.3150,0.5000,0.3150,0.00,'%'),(256,838,NULL,838,5.00,0.7500,1.1250,0.7500,0.00,'%'),(256,841,NULL,841,8.00,1.4200,1.7500,1.4200,0.00,'%'),(256,842,NULL,842,2.00,0.6500,0.8750,0.6500,0.00,'%'),(256,843,NULL,843,1.00,1.5000,2.0000,1.5000,0.00,'%'),(257,821,NULL,821,1.00,1.6000,2.0000,1.6000,0.00,'%'),(257,831,NULL,831,16.00,1.9000,2.1250,1.9000,0.00,'%'),(257,844,NULL,844,2.00,2.0000,2.5000,2.0000,0.00,'%'),(258,816,NULL,816,13.00,0.3870,0.6250,0.3870,0.00,'%'),(259,354,NULL,354,61.00,0.3200,0.4000,0.3200,0.00,'%'),(259,813,NULL,813,32.00,0.3500,0.5000,0.3500,0.00,'%'),(259,818,NULL,818,5.00,3.6500,4.3750,3.6500,0.00,'%'),(259,819,NULL,819,38.00,0.4000,0.5750,0.4000,0.00,'%'),(259,823,NULL,823,4.00,3.6500,4.3750,3.6500,0.00,'%'),(259,824,NULL,824,5.00,1.4200,1.7500,1.4200,0.00,'%'),(259,828,NULL,828,4.00,4.4700,5.0000,4.4700,0.00,'%'),(259,835,NULL,835,2.00,1.0000,1.5000,1.0000,0.00,'%'),(259,837,NULL,837,9.00,1.0000,1.5000,1.0000,0.00,'%'),(259,1004,NULL,1004,28.00,0.5000,0.6250,0.5000,0.00,'%'),(260,109,NULL,109,6.00,1.1500,1.5000,1.1500,0.00,'%'),(260,260,NULL,260,1.00,1.1700,1.5000,1.1700,0.00,'%'),(260,273,NULL,273,2.00,2.4000,3.0000,2.4000,0.00,'%'),(260,327,NULL,327,2.00,0.8000,1.1250,0.8000,0.00,'%'),(260,839,NULL,839,1.00,3.4000,4.0000,3.4000,0.00,'%'),(260,847,NULL,847,5.00,0.7500,0.8750,0.7500,0.00,'%'),(260,855,NULL,855,4.00,1.0000,1.2500,1.0000,0.00,'%'),(260,1003,NULL,1003,25.00,0.3750,0.5000,0.3750,0.00,'%'),(260,1453,NULL,1453,26.00,1.6000,2.0000,1.6000,0.00,'%'),(261,1597,NULL,1597,1.00,1.1250,1.3750,1.1250,0.00,'%'),(262,809,NULL,809,1.00,3.5000,4.0000,3.5000,0.00,'%'),(263,808,NULL,808,2.00,3.3000,3.8750,3.3000,0.00,'%'),(264,862,NULL,862,2.00,2.5000,3.0000,2.5000,0.00,'%'),(265,1598,NULL,1598,7.00,0.5000,0.8750,0.5000,0.00,'%'),(266,313,NULL,313,19.00,0.9300,1.2500,0.9300,0.00,'%'),(266,1600,NULL,1600,50.00,0.0250,0.0375,0.0250,0.00,'%'),(266,1601,NULL,1601,5.00,1.0000,1.2500,1.0000,0.00,'%'),(266,1602,NULL,1602,98.00,0.0750,0.1200,0.0750,0.00,'%'),(266,1603,NULL,1603,55.00,0.2600,0.3750,0.2600,0.00,'%'),(267,1604,NULL,1604,175.00,0.0375,0.0500,0.0375,0.00,'%'),(268,234,NULL,234,120.00,0.1900,0.3000,0.1900,0.00,'%'),(268,866,NULL,866,16.00,0.5000,0.7500,0.5000,0.00,'%'),(268,867,NULL,867,16.00,1.4400,1.8000,1.4400,0.00,'%'),(268,869,NULL,869,18.00,0.9000,1.1000,0.9000,0.00,'%'),(268,1605,NULL,1605,4.00,0.5000,0.6250,0.5000,0.00,'%'),(269,233,NULL,233,1.00,0.2500,0.3000,0.2500,0.00,'%'),(269,812,NULL,812,16.00,0.6200,0.7500,0.6200,0.00,'%'),(269,852,NULL,852,22.00,0.2400,0.3750,0.2400,0.00,'%'),(269,882,NULL,882,50.00,0.1800,0.3750,0.1800,0.00,'%'),(269,883,NULL,883,45.00,0.3950,0.5000,0.3950,0.00,'%'),(269,884,NULL,884,30.00,0.2410,0.3500,0.2410,0.00,'%'),(270,286,NULL,286,241.00,0.0380,0.0630,0.0380,0.00,'%'),(270,309,NULL,309,120.00,0.0450,0.0750,0.0450,0.00,'%'),(270,310,NULL,310,133.00,0.0430,0.0630,0.0430,0.00,'%'),(270,945,NULL,945,3.00,1.0000,1.2500,1.0000,0.00,'%'),(271,132,NULL,132,109.00,0.0600,0.0900,0.0600,0.00,'%'),(271,238,NULL,238,192.00,0.0450,0.0750,0.0450,0.00,'%'),(271,294,NULL,294,248.00,0.0390,0.0630,0.0390,0.00,'%'),(272,348,NULL,348,106.00,0.0500,0.0750,0.0500,0.00,'%'),(272,857,NULL,857,13.00,2.4300,3.0000,2.4300,0.00,'%'),(273,171,NULL,171,106.00,0.0400,0.0800,0.0400,0.00,'%'),(273,885,NULL,885,11.00,0.3950,0.5000,0.3950,0.00,'%'),(273,997,NULL,997,196.00,0.0400,0.0625,0.0400,0.00,'%'),(273,999,NULL,999,112.00,0.0500,0.0750,0.0500,0.00,'%'),(274,1029,NULL,1029,6.00,0.9900,1.6250,0.9900,0.00,'%'),(274,1606,NULL,1606,27.00,0.3000,0.3500,0.3000,0.00,'%'),(275,1607,NULL,1607,25.00,0.1000,0.1500,0.1000,0.00,'%'),(275,1608,NULL,1608,7.00,1.8000,2.0000,1.8000,0.00,'%'),(276,1609,NULL,1609,5.00,1.8000,2.0000,1.8000,0.00,'%'),(277,815,NULL,815,2.00,0.9500,1.1250,0.9500,0.00,'%'),(277,1610,NULL,1610,8.00,2.0000,2.2500,2.0000,0.00,'%'),(278,122,NULL,122,18.00,0.5500,0.8800,0.5500,0.00,'%'),(278,320,NULL,320,26.00,0.7000,1.0000,0.7000,0.00,'%'),(278,326,NULL,326,23.00,1.6300,1.8750,1.6300,0.00,'%'),(278,405,NULL,405,54.00,0.5850,0.8750,0.5850,0.00,'%'),(278,817,NULL,817,2.00,3.2000,4.0000,3.2000,0.00,'%'),(278,825,NULL,825,2.00,3.2000,4.0000,3.2000,0.00,'%'),(278,833,NULL,833,4.00,1.7500,2.1250,1.7500,0.00,'%'),(279,249,NULL,249,4.00,1.9500,2.2500,1.9500,0.00,'%'),(279,271,NULL,271,8.00,1.7300,2.1250,1.7300,0.00,'%'),(279,353,NULL,353,21.00,1.5000,1.8750,1.5000,0.00,'%'),(279,827,NULL,827,9.00,1.8000,2.2500,1.8000,0.00,'%'),(279,829,NULL,829,6.00,1.9500,2.2500,1.9500,0.00,'%'),(279,830,NULL,830,5.00,1.9500,2.2500,1.9500,0.00,'%'),(280,251,NULL,251,6.00,0.7000,0.8750,0.7000,0.00,'%'),(280,254,NULL,254,3.00,1.9500,2.2500,1.9500,0.00,'%'),(280,324,NULL,324,2.00,0.8000,1.0000,0.8000,0.00,'%'),(280,355,NULL,355,7.00,0.6000,0.8750,0.6000,0.00,'%'),(280,811,NULL,811,6.00,2.3500,3.0000,2.3500,0.00,'%'),(280,822,NULL,822,1.00,3.2000,4.0000,3.2000,0.00,'%'),(280,826,NULL,826,9.00,1.4500,1.7500,1.4500,0.00,'%'),(280,836,NULL,836,3.00,1.9500,2.1250,1.9500,0.00,'%'),(280,1549,NULL,1549,10.00,4.5000,5.8000,4.5000,0.00,'%'),(281,1611,NULL,1611,2.00,0.8000,1.0000,0.8000,0.00,'%'),(282,710,NULL,710,63.00,0.0410,0.0625,0.0410,0.00,'%'),(282,1002,NULL,1002,26.00,0.6000,0.7500,0.6000,0.00,'%'),(282,1612,NULL,1612,64.00,0.5000,0.7500,0.5000,0.00,'%'),(283,525,NULL,525,140.00,1.0430,1.2500,1.0430,0.00,'%'),(284,334,NULL,334,180.00,0.2650,0.3250,0.2650,0.00,'%'),(285,710,NULL,710,1.00,0.0410,0.0625,0.0410,0.00,'%'),(286,485,NULL,485,20.00,0.0280,0.0375,0.0280,0.00,'%'),(287,485,NULL,485,20.00,0.0280,0.0375,0.0280,0.00,'%'),(288,457,NULL,457,238.00,0.1250,0.2000,0.1250,0.00,'%'),(288,722,NULL,722,4.00,4.2000,5.0000,4.2000,0.00,'%'),(289,605,NULL,605,45.00,0.2040,0.2750,0.2040,0.00,'%'),(290,489,NULL,489,36.00,0.4600,0.5750,0.4600,0.00,'%'),(291,494,NULL,494,3.00,2.0000,3.0000,2.0000,0.00,'%'),(291,1613,NULL,1613,1.00,3.0000,3.7000,3.0000,0.00,'%'),(292,560,NULL,560,3.00,0.3000,0.5000,0.3000,0.00,'%'),(293,1614,NULL,1614,189.00,0.0200,0.0375,0.0200,0.00,'%'),(293,1615,NULL,1615,34.00,0.0200,0.0375,0.0200,0.00,'%'),(293,1616,NULL,1616,418.00,0.0200,0.3750,0.0200,0.00,'%'),(293,1617,NULL,1617,198.00,0.0200,0.0375,0.0200,0.00,'%'),(294,1618,NULL,1618,9.00,0.0200,0.3750,0.0200,0.00,'%'),(295,649,NULL,649,45.00,0.8000,1.1250,0.8000,0.00,'%'),(295,1618,NULL,1618,10.00,0.0200,0.3750,0.0200,0.00,'%'),(296,858,NULL,858,20.00,1.2300,1.5000,1.2300,0.00,'%'),(296,861,NULL,861,8.00,3.0400,3.7500,3.0400,0.00,'%'),(296,863,NULL,863,5.00,0.4300,0.6250,0.4300,0.00,'%'),(296,864,NULL,864,3.00,0.4300,0.6250,0.4300,0.00,'%'),(297,861,NULL,861,2.00,3.0400,3.7500,3.0400,0.00,'%'),(297,1466,NULL,1466,24.00,0.7500,1.0000,0.7500,0.00,'%'),(297,1550,NULL,1550,30.00,0.1800,0.3250,0.1800,0.00,'%'),(298,296,NULL,296,10.00,1.5500,1.7500,1.5500,0.00,'%'),(298,945,NULL,945,4.00,1.0000,1.2500,1.0000,0.00,'%'),(298,946,NULL,946,26.00,1.2500,1.5000,1.2500,0.00,'%'),(298,948,NULL,948,13.00,1.0000,1.2500,1.0000,0.00,'%'),(299,957,NULL,957,66.00,0.6666,4.7000,0.6666,0.00,'%'),(299,1619,NULL,1619,5.00,1.9500,2.5000,1.9500,0.00,'%'),(300,968,NULL,968,15.00,1.8300,3.0000,1.8300,0.00,'%'),(300,1027,NULL,1027,6.00,3.0000,5.0000,3.0000,0.00,'%'),(301,1355,NULL,1355,1.00,1.4000,1.8750,1.4000,0.00,'%'),(302,224,NULL,224,6.00,0.6400,0.7500,0.6400,0.00,'%'),(302,888,NULL,888,126.00,0.1500,0.2000,0.1500,0.00,'%'),(303,958,NULL,958,7.00,10.0000,12.0000,10.0000,0.00,'%'),(304,177,NULL,177,9.00,0.6200,0.8800,0.6200,0.00,'%'),(304,178,NULL,178,12.00,0.6000,0.7500,0.6000,0.00,'%'),(304,179,NULL,179,31.00,0.6000,0.7500,0.6000,0.00,'%'),(304,181,NULL,181,35.00,0.5500,0.7000,0.5500,0.00,'%'),(304,185,NULL,185,37.00,0.2200,0.3800,0.2200,0.00,'%'),(304,868,NULL,868,19.00,0.4900,0.6250,0.4900,0.00,'%'),(304,874,NULL,874,11.00,0.5500,0.7500,0.5500,0.00,'%'),(304,875,NULL,875,34.00,0.9000,1.1250,0.9000,0.00,'%'),(304,876,NULL,876,15.00,0.6200,0.8750,0.6200,0.00,'%'),(304,947,NULL,947,106.00,0.5000,0.7500,0.5000,0.00,'%'),(305,848,NULL,848,8.00,0.4100,0.7500,0.4100,0.00,'%'),(305,878,NULL,878,6.00,3.7000,4.5000,3.7000,0.00,'%'),(305,1064,NULL,1064,3.00,4.0000,5.0000,4.0000,0.00,'%'),(306,746,NULL,746,61.00,0.2500,0.3750,0.2500,0.00,'%'),(306,748,NULL,748,27.00,0.2500,0.3750,0.2500,0.00,'%'),(306,757,NULL,757,76.00,0.1630,0.2500,0.1630,0.00,'%'),(306,849,NULL,849,15.00,0.0750,0.1250,0.0750,0.00,'%'),(306,1005,NULL,1005,46.00,0.0650,0.1250,0.0650,0.00,'%'),(306,1012,NULL,1012,16.00,0.5000,0.7500,0.5000,0.00,'%'),(306,1063,NULL,1063,1.00,4.0000,5.0000,4.0000,0.00,'%'),(307,240,NULL,240,75.00,0.1350,0.1875,0.1350,0.00,'%'),(307,280,NULL,280,124.00,0.0900,0.1250,0.0900,0.00,'%'),(307,318,NULL,318,1.00,0.1400,0.2500,0.1400,0.00,'%'),(307,713,NULL,713,250.00,0.1400,0.2500,0.1400,0.00,'%'),(307,820,NULL,820,56.00,0.3100,0.4500,0.3100,0.00,'%'),(307,850,NULL,850,7.00,1.2000,1.3750,1.2000,0.00,'%'),(307,851,NULL,851,5.00,0.3000,0.3750,0.3000,0.00,'%'),(307,877,NULL,877,41.00,0.3190,0.4250,0.3190,0.00,'%'),(307,887,NULL,887,48.00,0.3300,0.3750,0.3300,0.00,'%'),(307,890,NULL,890,1.00,0.2700,0.3750,0.2700,0.00,'%'),(307,991,NULL,991,81.00,0.0500,0.0625,0.0500,0.00,'%'),(307,998,NULL,998,10.00,0.0550,0.1250,0.0550,0.00,'%'),(307,1620,NULL,1620,64.00,0.0750,0.1250,0.0750,0.00,'%'),(307,1621,NULL,1621,17.00,0.0750,0.1250,0.0750,0.00,'%'),(308,290,NULL,290,2.00,1.6000,2.0000,1.6000,0.00,'%'),(308,873,NULL,873,3.00,2.9200,3.5000,2.9200,0.00,'%'),(308,986,NULL,986,34.00,0.1000,0.1500,0.1000,0.00,'%'),(308,1000,NULL,1000,93.00,0.0750,0.1250,0.0750,0.00,'%'),(309,782,NULL,782,20.00,0.4400,0.7500,0.4400,0.00,'%'),(310,1622,NULL,1622,1.00,2.0000,2.5000,2.0000,0.00,'%'),(311,217,NULL,217,316.00,0.2000,0.2500,0.2000,0.00,'%'),(311,331,NULL,331,10.00,0.4000,0.5500,0.4000,0.00,'%'),(311,678,NULL,678,412.00,0.1800,0.2250,0.1800,0.00,'%'),(312,886,NULL,886,5.00,0.3600,0.5000,0.3600,0.00,'%'),(312,1623,NULL,1623,114.00,0.1580,0.2250,0.1580,0.00,'%'),(313,1624,NULL,1624,1.00,1.2000,1.3750,1.2000,0.00,'%'),(314,820,NULL,820,79.00,0.3100,0.4500,0.3100,0.00,'%'),(314,872,NULL,872,33.00,0.0660,0.1250,0.0660,0.00,'%'),(314,1625,NULL,1625,4.00,1.4250,1.6250,1.4250,0.00,'%'),(315,1626,NULL,1626,7.00,0.2000,0.2500,0.2000,0.00,'%'),(316,1627,NULL,1627,2.00,0.3000,0.3750,0.3000,0.00,'%'),(317,1628,NULL,1628,82.00,0.0750,0.1250,0.0750,0.00,'%'),(317,1629,NULL,1629,4.00,0.8750,1.1250,0.8750,0.00,'%'),(317,1630,NULL,1630,6.00,0.2500,0.3750,0.2500,0.00,'%'),(318,750,NULL,750,4.00,10.2000,11.0000,10.2000,0.00,'%'),(318,751,NULL,751,12.00,6.6000,7.0000,6.6000,0.00,'%'),(318,752,NULL,752,340.00,0.0300,0.0625,0.0300,0.00,'%'),(318,753,NULL,753,1.00,0.0420,0.0625,0.0420,79.00,'%'),(318,760,NULL,760,169.00,0.0525,0.0750,0.0525,0.00,'%'),(318,1631,NULL,1631,161.00,0.0500,0.0625,0.0500,0.00,'%'),(319,754,NULL,754,15.00,0.0340,0.0625,0.0340,0.00,'%'),(319,755,NULL,755,80.00,0.0500,0.1000,0.0500,0.00,'%'),(319,763,NULL,763,110.00,0.0240,0.0375,0.0240,0.00,'%'),(319,778,NULL,778,235.00,0.0150,0.0250,0.0150,0.00,'%'),(319,783,NULL,783,79.00,0.0330,0.0525,0.0330,0.00,'%'),(319,790,NULL,790,758.00,0.0195,0.0375,0.0195,0.00,'%'),(319,1498,NULL,1498,30.00,0.4000,0.5000,0.4000,0.00,'%'),(320,606,NULL,606,211.00,0.0670,0.1250,0.0670,0.00,'%'),(320,658,NULL,658,232.00,0.0100,0.0250,0.0100,0.00,'%'),(320,747,NULL,747,91.00,0.0160,0.0375,0.0160,0.00,'%'),(320,772,NULL,772,247.00,0.0205,0.0375,0.0205,0.00,'%'),(320,1041,NULL,1041,120.00,0.1500,0.2000,0.1500,0.00,'%'),(320,1505,NULL,1505,204.00,0.0140,0.0250,0.0140,0.00,'%'),(321,246,NULL,246,20.00,0.0640,0.1000,0.0640,0.00,'%'),(321,709,NULL,709,55.00,0.0700,0.1000,0.0700,0.00,'%'),(321,745,NULL,745,665.00,0.0185,0.0375,0.0185,0.00,'%'),(321,756,NULL,756,100.00,0.0420,0.0625,0.0420,0.00,'%'),(321,765,NULL,765,243.00,0.0250,0.0375,0.0250,0.00,'%'),(321,777,NULL,777,395.00,0.0040,0.0125,0.0040,0.00,'%'),(322,389,NULL,389,23.00,0.0500,0.6250,0.0500,0.00,'%'),(322,544,NULL,544,5.00,0.2300,0.3750,0.2300,0.00,'%'),(322,591,NULL,591,7.00,0.0200,0.0375,0.0200,0.00,'%'),(322,642,NULL,642,358.00,0.0200,0.0375,0.0200,0.00,'%'),(322,712,NULL,712,204.00,0.0240,0.0375,0.0240,0.00,'%'),(322,749,NULL,749,46.00,2.1000,2.7500,2.1000,0.00,'%'),(322,770,NULL,770,102.00,0.0280,0.0420,0.0280,0.00,'%'),(322,1503,NULL,1503,7.00,0.7500,1.0000,0.7500,0.00,'%'),(323,158,NULL,158,680.00,0.0700,0.0900,0.0700,0.00,'%'),(323,160,NULL,160,963.00,0.0700,0.0900,0.0700,0.00,'%'),(323,162,NULL,162,290.00,0.0400,0.0600,0.0400,0.00,'%'),(323,680,NULL,680,24.00,0.0270,0.0625,0.0270,0.00,'%'),(323,758,NULL,758,251.00,0.0200,0.0250,0.0200,0.00,'%'),(324,119,NULL,119,1200.00,0.0700,0.0900,0.0700,0.00,'%'),(324,120,NULL,120,110.00,0.0900,0.1300,0.0900,0.00,'%'),(325,135,NULL,135,40.00,0.1500,0.1800,0.1500,0.00,'%'),(325,701,NULL,701,216.00,0.0090,0.0250,0.0090,0.00,'%'),(325,707,NULL,707,34.00,0.0750,0.1250,0.0750,0.00,'%'),(325,741,NULL,741,56.00,0.3570,0.4500,0.3570,0.00,'%'),(325,1041,NULL,1041,158.00,0.1500,0.2000,0.1500,0.00,'%'),(326,687,NULL,687,500.00,0.0210,0.0300,0.0210,0.00,'%'),(326,723,NULL,723,187.00,0.1100,0.1500,0.1100,0.00,'%'),(326,724,NULL,724,410.00,0.0600,0.0875,0.0600,0.00,'%'),(326,762,NULL,762,9.00,0.4500,0.6250,0.4500,0.00,'%'),(326,1633,NULL,1633,60.00,0.0250,0.0375,0.0250,0.00,'%'),(326,1634,NULL,1634,105.00,0.0750,0.1250,0.0750,0.00,'%'),(327,1635,NULL,1635,39.00,0.1000,0.1250,0.1000,0.00,'%'),(327,1636,NULL,1636,45.00,0.2500,0.3750,0.2500,0.00,'%'),(327,1637,NULL,1637,205.00,0.2500,0.3750,0.2500,0.00,'%'),(328,1638,NULL,1638,235.00,0.0150,0.0250,0.0150,0.00,'%'),(329,247,NULL,247,125.00,0.1880,0.2500,0.1880,0.00,'%'),(330,803,NULL,803,50.00,0.0620,0.1250,0.0620,0.00,'%'),(331,701,NULL,701,64.00,0.0090,0.0250,0.0090,0.00,'%'),(332,713,NULL,713,560.00,0.1400,0.2500,0.1400,0.00,'%'),(332,909,NULL,909,51.00,0.4500,0.6250,0.4500,0.00,'%'),(332,910,NULL,910,62.00,0.2950,0.3750,0.2950,0.00,'%'),(332,1639,NULL,1639,20.00,2.4000,3.0000,2.4000,0.00,'%'),(333,702,NULL,702,15.00,0.0920,0.1875,0.0920,0.00,'%'),(333,740,NULL,740,10.00,0.8000,1.2500,0.8000,0.00,'%'),(333,1640,NULL,1640,6.00,0.2500,0.4500,0.2500,0.00,'%'),(333,1641,NULL,1641,16.00,0.6300,0.8750,0.6300,0.00,'%'),(334,365,NULL,365,1160.00,0.0082,0.0250,0.0082,0.00,'%'),(334,648,NULL,648,124.00,0.2400,0.3750,0.2400,0.00,'%'),(334,796,NULL,796,35.00,0.1580,0.3750,0.1580,0.00,'%'),(334,804,NULL,804,80.00,0.2500,0.3750,0.2500,0.00,'%'),(334,967,NULL,967,7.00,2.0000,2.5000,2.0000,0.00,'%'),(335,650,NULL,650,239.00,0.1600,0.2500,0.1600,0.00,'%'),(335,785,NULL,785,44.00,0.1570,0.2500,0.1570,0.00,'%'),(336,698,NULL,698,24.00,0.2200,0.3750,0.2200,0.00,'%'),(336,797,NULL,797,6.00,0.4000,0.5000,0.4000,0.00,'%'),(337,699,NULL,699,10.00,0.0650,0.1060,0.0650,0.00,'%'),(337,742,NULL,742,95.00,0.0200,0.0250,0.0200,0.00,'%'),(338,970,NULL,970,82.00,0.1400,0.2500,0.1400,0.00,'%'),(338,973,NULL,973,18.00,0.1400,0.2500,0.1400,0.00,'%'),(338,1642,NULL,1642,26.00,0.4000,0.5000,0.4000,0.00,'%'),(339,708,NULL,708,230.00,0.0350,0.0500,0.0350,0.00,'%'),(339,1643,NULL,1643,23.00,0.4000,0.5000,0.4000,0.00,'%'),(340,950,NULL,950,81.00,0.1600,0.3750,0.1600,0.00,'%'),(340,1512,NULL,1512,11.00,0.3000,0.3750,0.3000,0.00,'%'),(341,793,NULL,793,33.00,0.1300,0.1750,0.1300,0.00,'%'),(342,657,NULL,657,44.00,2.0000,2.5000,2.0000,0.00,'%'),(342,788,NULL,788,38.00,0.2240,0.3750,0.2240,0.00,'%'),(343,694,NULL,694,674.00,0.0110,0.0250,0.0110,0.00,'%'),(343,761,NULL,761,4.00,1.1000,1.3750,1.1000,0.00,'%'),(343,794,NULL,794,80.00,0.2000,0.2500,0.2000,0.00,'%'),(343,966,NULL,966,48.00,0.1000,0.1250,0.1000,0.00,'%'),(343,1644,NULL,1644,6.00,0.5500,0.7500,0.5500,0.00,'%'),(343,1645,NULL,1645,10.00,0.2500,0.3750,0.2500,0.00,'%'),(344,764,NULL,764,35.00,0.0220,0.0420,0.0220,0.00,'%'),(344,769,NULL,769,236.00,0.0200,0.0250,0.0200,0.00,'%'),(344,1646,NULL,1646,76.00,0.0200,0.0250,0.0200,0.00,'%'),(345,800,NULL,800,382.00,0.0200,0.0250,0.0200,0.00,'%'),(345,1647,NULL,1647,13.00,0.1080,0.2000,0.1080,0.00,'%'),(345,1648,NULL,1648,130.00,0.0200,0.0250,0.0200,0.00,'%'),(346,1513,NULL,1513,86.00,0.0800,0.2500,0.0800,0.00,'%'),(347,768,NULL,768,68.00,0.0200,0.0250,0.0200,0.00,'%'),(347,1556,NULL,1556,30.00,0.0400,0.0500,0.0400,0.00,'%'),(348,316,NULL,316,140.00,0.1200,0.1800,0.1200,0.00,'%'),(348,853,NULL,853,84.00,0.1570,0.2150,0.1570,0.00,'%'),(348,899,NULL,899,30.00,0.1500,0.2500,0.1500,0.00,'%'),(349,476,NULL,476,59.00,0.1200,0.1375,0.1200,0.00,'%'),(350,799,NULL,799,37.00,0.2000,0.2500,0.2000,0.00,'%'),(350,1649,NULL,1649,6.00,0.2500,0.3750,0.2500,0.00,'%'),(351,854,NULL,854,56.00,0.0930,0.1340,0.0930,0.00,'%'),(351,900,NULL,900,30.00,0.1800,0.2500,0.1800,0.00,'%'),(352,792,NULL,792,28.00,0.3850,0.5000,0.3850,0.00,'%'),(353,771,NULL,771,307.00,0.0300,0.0500,0.0300,0.00,'%'),(354,879,NULL,879,72.00,0.3400,0.4500,0.3400,0.00,'%'),(354,981,NULL,981,45.00,0.0980,0.1250,0.0980,0.00,'%'),(355,595,NULL,595,67.00,0.3500,0.5000,0.3500,0.00,'%'),(356,253,NULL,253,47.00,0.0800,0.2500,0.0800,0.00,'%'),(356,312,NULL,312,237.00,0.0200,0.0370,0.0200,0.00,'%'),(356,982,NULL,982,16.00,0.0890,0.1250,0.0890,0.00,'%'),(356,990,NULL,990,24.00,0.1730,0.2310,0.1730,0.00,'%'),(356,1006,NULL,1006,4.00,2.2500,3.0000,2.2500,0.00,'%'),(357,1650,NULL,1650,200.00,0.1000,0.1500,0.1000,0.00,'%'),(358,1651,NULL,1651,375.00,0.0200,0.0250,0.0200,0.00,'%'),(359,905,NULL,905,20.00,0.2550,0.3250,0.2550,0.00,'%'),(359,983,NULL,983,45.00,0.1000,0.1500,0.1000,0.00,'%'),(359,1007,NULL,1007,61.00,0.1950,0.2500,0.1950,0.00,'%'),(360,105,NULL,105,40.00,0.1800,0.2200,0.1800,0.00,'%'),(360,106,NULL,106,29.00,0.1000,0.1500,0.1000,0.00,'%'),(360,897,NULL,897,3.00,0.3300,0.4500,0.3300,0.00,'%'),(360,898,NULL,898,18.00,0.1940,0.2500,0.1940,0.00,'%'),(361,418,NULL,418,79.00,0.1860,0.2250,0.1860,0.00,'%'),(361,870,NULL,870,99.00,0.3000,0.3500,0.3000,0.00,'%'),(361,871,NULL,871,99.00,0.4000,0.5000,0.4000,0.00,'%'),(361,880,NULL,880,40.00,0.3100,0.4250,0.3100,0.00,'%'),(361,895,NULL,895,50.00,0.1600,0.2500,0.1600,0.00,'%'),(361,896,NULL,896,59.00,0.0100,0.0150,0.0100,0.00,'%'),(361,995,NULL,995,150.00,0.1000,0.1500,0.1000,0.00,'%'),(361,1001,NULL,1001,83.00,0.1770,0.2500,0.1770,0.00,'%'),(362,985,NULL,985,7.00,1.2000,1.5000,1.2000,0.00,'%'),(363,787,NULL,787,108.00,0.0155,0.0250,0.0155,0.00,'%'),(364,133,NULL,133,120.00,0.1100,0.1300,0.1100,0.00,'%'),(364,134,NULL,134,78.00,0.3000,0.3500,0.3000,0.00,'%'),(364,881,NULL,881,48.00,0.1300,0.6700,0.1300,0.00,'%'),(364,894,NULL,894,43.00,0.5400,0.7500,0.5400,0.00,'%'),(364,904,NULL,904,29.00,0.4600,0.6250,0.4600,0.00,'%'),(364,992,NULL,992,8.00,0.2250,0.3750,0.2250,0.00,'%'),(364,994,NULL,994,61.00,0.0850,0.1250,0.0850,0.00,'%'),(364,996,NULL,996,7.00,0.9000,1.1250,0.9000,0.00,'%'),(364,1010,NULL,1010,70.00,0.1200,0.1500,0.1200,0.00,'%'),(365,164,NULL,164,21.00,0.0800,0.1200,0.0800,0.00,'%'),(365,891,NULL,891,123.00,0.0680,0.1250,0.0680,0.00,'%'),(365,969,NULL,969,2.00,0.1500,0.2500,0.1500,0.00,'%'),(365,993,NULL,993,40.00,0.1600,0.2000,0.1600,0.00,'%'),(365,1008,NULL,1008,10.00,2.5000,3.0000,2.5000,0.00,'%'),(365,1009,NULL,1009,5.00,1.2000,1.7500,1.2000,0.00,'%'),(365,1031,NULL,1031,4.00,1.0000,1.5000,1.0000,0.00,'%'),(365,1057,NULL,1057,3.00,0.8750,1.1250,0.8750,0.00,'%'),(366,1053,NULL,1053,50.00,0.0240,0.1250,0.0240,0.00,'%'),(366,1070,NULL,1070,10.00,0.7250,0.8750,0.7250,0.00,'%'),(366,1482,NULL,1482,7.00,2.1250,2.3750,2.1250,0.00,'%'),(366,1483,NULL,1483,7.00,2.1250,2.3750,2.1250,0.00,'%'),(366,1484,NULL,1484,1.00,2.5000,2.7500,2.5000,0.00,'%'),(366,1490,NULL,1490,19.00,0.3750,0.5000,0.3750,0.00,'%'),(366,1496,NULL,1496,7.00,4.5000,5.5000,4.5000,0.00,'%'),(366,1497,NULL,1497,7.00,4.5000,5.5000,4.5000,0.00,'%'),(367,935,NULL,935,14.00,2.5000,3.0000,2.5000,0.00,'%'),(367,1652,NULL,1652,162.00,0.0250,0.0375,0.0250,0.00,'%'),(367,1653,NULL,1653,81.00,0.0500,0.0750,0.0500,0.00,'%'),(368,90,NULL,90,63.00,0.1800,0.3000,0.1800,0.00,'%'),(369,257,NULL,257,44.00,0.5000,0.7500,0.5000,0.00,'%'),(369,264,NULL,264,1.00,0.0370,0.0500,0.0370,622.00,'%'),(369,753,NULL,753,70.00,0.0420,0.0625,0.0420,0.00,'%'),(370,264,NULL,264,622.00,0.0370,0.0500,0.0370,0.00,'%'),(371,502,NULL,502,190.00,0.0075,0.0500,0.0075,0.00,'%'),(372,806,NULL,806,3.00,0.9000,1.7500,0.9000,0.00,'%'),(373,972,NULL,972,1.00,0.2700,0.5000,0.2700,0.00,'%'),(374,605,NULL,605,5.00,0.2040,0.2750,0.2040,0.00,'%'),(375,919,NULL,919,22.00,0.5500,1.1250,0.5500,0.00,'%'),(376,201,NULL,201,65.00,0.1800,0.2500,0.1800,0.00,'%'),(376,202,NULL,202,130.00,0.2500,0.3000,0.2500,0.00,'%'),(377,424,NULL,424,624.00,0.0540,0.0750,0.0540,0.00,'%'),(377,564,NULL,564,27.00,0.5000,0.7500,0.5000,0.00,'%'),(377,671,NULL,671,184.00,0.0600,0.1000,0.0600,0.00,'%'),(377,718,NULL,718,50.00,0.4750,0.6250,0.4750,0.00,'%'),(378,908,NULL,908,4.00,4.0000,5.0000,4.0000,0.00,'%'),(378,933,NULL,933,4.00,1.8000,2.0000,1.8000,0.00,'%'),(378,934,NULL,934,3.00,2.0000,2.2500,2.0000,0.00,'%'),(378,984,NULL,984,8.00,0.9500,1.1250,0.9500,0.00,'%'),(379,906,NULL,906,398.00,4.0500,5.0000,4.0500,0.00,'%'),(379,912,NULL,912,22.00,1.0600,1.3750,1.0600,0.00,'%'),(379,913,NULL,913,19.00,1.1900,1.4500,1.1900,0.00,'%'),(379,936,NULL,936,5.00,6.5000,7.5000,6.5000,0.00,'%'),(379,937,NULL,937,2.00,4.5000,5.5000,4.5000,0.00,'%'),(379,1654,NULL,1654,3.00,1.0000,1.1250,1.0000,0.00,'%'),(380,137,NULL,137,29.00,0.5300,0.8800,0.5300,0.00,'%'),(380,914,NULL,914,17.00,1.0600,1.3750,1.0600,0.00,'%'),(380,932,NULL,932,3.00,3.5000,4.0000,3.5000,0.00,'%'),(380,1655,NULL,1655,28.00,1.3000,1.5000,1.3000,0.00,'%'),(381,918,NULL,918,2.00,1.6300,1.8750,1.6300,0.00,'%'),(381,1656,NULL,1656,21.00,1.0000,1.1250,1.0000,0.00,'%'),(382,863,NULL,863,2.00,0.4300,0.6250,0.4300,0.00,'%'),(382,907,NULL,907,4.00,1.1000,1.7500,1.1000,0.00,'%'),(382,1657,NULL,1657,1.00,0.5100,0.8750,0.5100,0.00,'%'),(382,1658,NULL,1658,12.00,0.0500,0.1250,0.0500,0.00,'%'),(382,1659,NULL,1659,1.00,0.5000,0.6250,0.5000,0.00,'%'),(383,1612,NULL,1612,12.00,0.5000,0.7500,0.5000,0.00,'%'),(384,1660,NULL,1660,121.00,0.0200,0.1250,0.0200,0.00,'%'),(384,1661,NULL,1661,10.00,0.2000,0.2500,0.2000,0.00,'%'),(384,1662,NULL,1662,3.00,0.2500,0.3750,0.2500,0.00,'%'),(384,1663,NULL,1663,9.00,1.0000,1.3750,1.0000,0.00,'%'),(385,674,NULL,674,55.00,0.1800,0.3750,0.1800,0.00,'%'),(385,938,NULL,938,14.00,0.5000,0.8750,0.5000,0.00,'%'),(385,949,NULL,949,9.00,0.3500,0.7500,0.3500,0.00,'%'),(385,1657,NULL,1657,38.00,0.5100,0.8750,0.5100,0.00,'%'),(385,1665,NULL,1665,2.00,2.5000,3.0000,2.5000,0.00,'%'),(385,1666,NULL,1666,9.00,0.2000,0.2500,0.2000,0.00,'%'),(386,219,NULL,219,21.00,0.2400,0.3750,0.2400,0.00,'%'),(386,220,NULL,220,10.00,0.4500,0.6250,0.4500,0.00,'%'),(386,1667,NULL,1667,1.00,2.0000,2.5000,2.0000,0.00,'%'),(387,786,NULL,786,42.00,0.4200,0.6250,0.4200,0.00,'%'),(387,977,NULL,977,6.00,0.5000,0.7500,0.5000,0.00,'%'),(387,978,NULL,978,42.00,0.2000,0.2500,0.2000,0.00,'%'),(388,1408,NULL,1408,9.00,0.0375,0.0500,0.0375,0.00,'%'),(388,1470,NULL,1470,45.00,0.2410,0.3250,0.2410,0.00,'%'),(388,1471,NULL,1471,5.00,0.6250,0.7500,0.6250,0.00,'%'),(388,1472,NULL,1472,47.00,0.3300,0.4250,0.3300,0.00,'%'),(388,1485,NULL,1485,28.00,0.7100,0.8750,0.7100,0.00,'%'),(388,1486,NULL,1486,19.00,0.2420,0.3250,0.2420,0.00,'%'),(388,1487,NULL,1487,32.00,0.2500,0.3250,0.2500,0.00,'%'),(388,1488,NULL,1488,35.00,0.2500,0.3250,0.2500,0.00,'%'),(388,1489,NULL,1489,13.00,0.2410,0.3250,0.2410,0.00,'%'),(388,1491,NULL,1491,5.00,640.0000,0.8750,640.0000,0.00,'%'),(388,1492,NULL,1492,25.00,0.1970,0.2500,0.1970,0.00,'%'),(388,1493,NULL,1493,12.00,0.3000,0.3750,0.3000,0.00,'%'),(388,1495,NULL,1495,86.00,0.0910,0.1500,0.0910,0.00,'%'),(389,1494,NULL,1494,59.00,0.2500,0.3250,0.2500,0.00,'%'),(389,1668,NULL,1668,5.00,1.0000,1.1250,1.0000,0.00,'%'),(390,672,NULL,672,21.00,0.2800,0.3750,0.2800,0.00,'%'),(390,959,NULL,959,351.00,0.0830,0.2500,0.0830,0.00,'%'),(390,1669,NULL,1669,1.00,1.0000,1.2500,1.0000,0.00,'%'),(391,1670,NULL,1670,1.00,0.0750,0.1000,0.0750,0.00,'%'),(391,1671,NULL,1671,10.00,0.5750,1.4815,0.5750,0.00,'%'),(392,1670,NULL,1670,79.00,0.0750,0.1000,0.0750,0.00,'%'),(393,1672,NULL,1672,9.00,0.2000,0.2500,0.2000,0.00,'%'),(394,1673,NULL,1673,8.00,0.4000,0.5000,0.4000,0.00,'%'),(395,1676,NULL,1676,11.00,1.0000,1.1250,1.0000,0.00,'%'),(396,1013,NULL,1013,3.00,0.5200,0.7500,0.5200,0.00,'%'),(396,1014,NULL,1014,3.00,3.3000,4.0000,3.3000,0.00,'%'),(396,1015,NULL,1015,10.00,1.5000,1.6250,1.5000,0.00,'%'),(396,1017,NULL,1017,5.00,1.2500,1.6250,1.2500,0.00,'%'),(397,1018,NULL,1018,4.00,3.0000,4.0000,3.0000,0.00,'%'),(397,1019,NULL,1019,7.00,0.5000,0.6250,0.5000,0.00,'%'),(397,1020,NULL,1020,26.00,0.5000,0.6250,0.5000,0.00,'%'),(397,1022,NULL,1022,3.00,4.0000,5.0000,4.0000,0.00,'%'),(397,1035,NULL,1035,9.00,0.5000,0.6250,0.5000,0.00,'%'),(397,1038,NULL,1038,8.00,1.8000,2.5000,1.8000,0.00,'%'),(397,1039,NULL,1039,5.00,0.9600,1.3750,0.9600,0.00,'%'),(397,1040,NULL,1040,6.00,1.0000,1.2500,1.0000,0.00,'%'),(398,744,NULL,744,17.00,0.3500,0.5000,0.3500,0.00,'%'),(398,1016,NULL,1016,5.00,0.6100,0.7500,0.6100,0.00,'%'),(398,1033,NULL,1033,16.00,1.2500,1.5000,1.2500,0.00,'%'),(398,1036,NULL,1036,26.00,1.0400,1.2500,1.0400,0.00,'%'),(399,964,NULL,964,28.00,0.9800,1.3750,0.9800,0.00,'%'),(399,1023,NULL,1023,5.00,0.5000,0.7500,0.5000,0.00,'%'),(399,1024,NULL,1024,1.00,3.2500,4.0000,3.2500,0.00,'%'),(399,1025,NULL,1025,2.00,1.8400,2.2500,1.8400,0.00,'%'),(399,1044,NULL,1044,41.00,0.2420,0.3250,0.2420,0.00,'%'),(400,1043,NULL,1043,3.00,0.2000,0.2500,0.2000,0.00,'%'),(400,1045,NULL,1045,17.00,0.1250,0.2000,0.1250,0.00,'%'),(400,1048,NULL,1048,32.00,0.1340,0.2000,0.1340,0.00,'%'),(401,1677,NULL,1677,17.00,0.7500,0.8750,0.7500,0.00,'%'),(401,1678,NULL,1678,15.00,1.0000,1.2500,1.0000,0.00,'%'),(402,1679,NULL,1679,24.00,0.1000,0.1250,0.1000,0.00,'%'),(403,959,NULL,959,44.00,0.0830,0.2500,0.0830,0.00,'%'),(403,1509,NULL,1509,15.00,0.2500,0.3750,0.2500,0.00,'%'),(404,1680,NULL,1680,8.00,0.3000,0.3750,0.3000,0.00,'%'),(404,1681,NULL,1681,16.00,0.8000,1.0000,0.8000,0.00,'%'),(405,1682,NULL,1682,183.00,0.0250,0.0500,0.0250,0.00,'%'),(405,1683,NULL,1683,7.00,0.5000,0.6250,0.5000,0.00,'%'),(406,1684,NULL,1684,44.00,0.5000,0.7500,0.5000,0.00,'%'),(407,1045,NULL,1045,8.00,0.1250,0.2000,0.1250,0.00,'%'),(408,1059,NULL,1059,7.00,0.5000,0.6250,0.5000,0.00,'%'),(409,1685,NULL,1685,11.00,0.5000,0.6250,0.5000,0.00,'%'),(410,1686,NULL,1686,6.00,0.5000,0.7500,0.5000,0.00,'%'),(410,1687,NULL,1687,8.00,0.2500,0.3750,0.2500,0.00,'%'),(411,1688,NULL,1688,9.00,0.1500,0.1750,0.1500,0.00,'%'),(411,1689,NULL,1689,44.00,0.0500,0.0750,0.0500,0.00,'%'),(411,1690,NULL,1690,20.00,0.0375,0.0500,0.0375,0.00,'%'),(412,1691,NULL,1691,2.00,5.0000,6.0000,5.0000,0.00,'%'),(413,721,NULL,721,5.00,0.4300,0.7500,0.4300,0.00,'%'),(413,865,NULL,865,16.00,0.1500,0.2000,0.1500,0.00,'%'),(413,1692,NULL,1692,26.00,0.2000,0.2500,0.2000,0.00,'%'),(414,1693,NULL,1693,33.00,0.1000,0.1500,0.1000,0.00,'%'),(415,1694,NULL,1694,12.00,4.0000,5.0000,4.0000,0.00,'%'),(416,424,NULL,424,730.00,0.0540,0.0750,0.0540,0.00,'%'),(416,1695,NULL,1695,28.00,0.2000,0.2500,0.2000,0.00,'%'),(416,1696,NULL,1696,256.00,0.0875,0.1250,0.0875,0.00,'%'),(416,1697,NULL,1697,43.00,0.1125,0.1750,0.1125,0.00,'%'),(417,1698,NULL,1698,40.00,0.2420,0.2500,0.2420,0.00,'%'),(417,1699,NULL,1699,80.00,0.2000,0.2500,0.2000,0.00,'%'),(417,1700,NULL,1700,50.00,0.0200,0.0250,0.0200,0.00,'%'),(417,1701,NULL,1701,11.00,0.2500,0.3000,0.2500,0.00,'%'),(418,1702,NULL,1702,13.00,0.0750,0.1250,0.0750,0.00,'%'),(419,1704,NULL,1704,5.00,1.6500,2.0000,1.6500,0.00,'%'),(420,683,NULL,683,60.00,0.5950,0.7000,0.5950,0.00,'%'),(420,839,NULL,839,5.00,3.4000,4.0000,3.4000,0.00,'%'),(420,840,NULL,840,2.00,3.4000,4.5000,3.4000,0.00,'%'),(420,881,NULL,881,48.00,0.1300,0.6700,0.1300,0.00,'%'),(420,982,NULL,982,60.00,0.0890,0.1250,0.0890,0.00,'%'),(420,1011,NULL,1011,200.00,0.0200,0.0375,0.0200,0.00,'%'),(421,324,NULL,324,5.00,0.8000,1.0000,0.8000,0.00,'%'),(421,879,NULL,879,60.00,0.3400,0.4500,0.3400,0.00,'%'),(421,880,NULL,880,60.00,0.3100,0.4250,0.3100,0.00,'%'),(422,355,NULL,355,20.00,0.6000,0.8750,0.6000,0.00,'%'),(422,493,NULL,493,144.00,0.0400,0.0625,0.0400,0.00,'%'),(422,812,NULL,812,50.00,0.6200,0.7500,0.6200,0.00,'%'),(422,843,NULL,843,10.00,1.5000,2.0000,1.5000,0.00,'%'),(422,1651,NULL,1651,500.00,0.0200,0.0250,0.0200,0.00,'%'),(423,222,NULL,222,200.00,0.0550,0.0630,0.0550,0.00,'%'),(423,498,NULL,498,300.00,0.0590,0.0750,0.0590,0.00,'%'),(423,604,NULL,604,11.00,2.8000,3.1250,2.8000,0.00,'%'),(423,807,NULL,807,11.00,1.0000,1.2500,1.0000,0.00,'%'),(423,1583,NULL,1583,6.00,1.5000,1.7500,1.5000,0.00,'%'),(424,1698,NULL,1698,23.00,0.2420,0.2500,0.2420,0.00,'%'),(425,1409,NULL,1409,23.00,0.2500,0.3000,0.2500,0.00,'%'),(425,1705,NULL,1705,12.00,4.5000,7.0000,4.5000,0.00,'%'),(425,1706,NULL,1706,4.00,0.5000,0.6250,0.5000,0.00,'%'),(425,1707,NULL,1707,49.00,0.1000,0.1750,0.1000,0.00,'%'),(425,1708,NULL,1708,6.00,0.1970,0.2500,0.1970,0.00,'%'),(425,1709,NULL,1709,10.00,0.7500,0.8750,0.7500,0.00,'%'),(425,1710,NULL,1710,18.00,0.5000,0.6250,0.5000,0.00,'%'),(425,1711,NULL,1711,6.00,0.8000,0.8750,0.8000,0.00,'%'),(426,1712,NULL,1712,10.00,4.0000,5.0000,4.0000,0.00,'%'),(426,1713,NULL,1713,9.00,2.5000,3.0000,2.5000,0.00,'%'),(427,291,NULL,291,181.00,0.2930,0.3750,0.2930,0.00,'%'),(428,1715,NULL,1715,580.00,0.0150,0.0500,0.0150,0.00,'%'),(429,961,NULL,961,316.00,0.0450,0.0750,0.0450,0.00,'%'),(429,1716,NULL,1716,138.00,0.0150,0.0500,0.0150,0.00,'%'),(429,1717,NULL,1717,203.00,0.0375,0.0500,0.0375,0.00,'%'),(429,1718,NULL,1718,61.00,0.2000,0.2500,0.2000,0.00,'%'),(430,1719,NULL,1719,6.00,0.3000,0.3750,0.3000,0.00,'%'),(431,954,NULL,954,36.00,0.0940,0.1250,0.0940,0.00,'%'),(432,1720,NULL,1720,59.00,0.2500,0.3000,0.2500,0.00,'%'),(433,1721,NULL,1721,57.00,0.1500,0.2000,0.1500,0.00,'%'),(433,1724,NULL,1724,1.00,0.8400,1.0000,0.8400,0.00,'%'),(434,1724,NULL,1724,15.00,0.8400,1.0000,0.8400,0.00,'%'),(435,1727,NULL,1727,33.00,0.0630,0.1250,0.0630,0.00,'%'),(436,1728,NULL,1728,45.00,0.5000,1.0000,0.5000,0.00,'%'),(436,1729,NULL,1729,11.00,0.0630,0.1250,0.0630,0.00,'%'),(437,1730,NULL,1730,1.00,15.0000,20.0000,15.0000,0.00,'%'),(438,1731,NULL,1731,6.00,0.6400,1.0000,0.6400,0.00,'%'),(439,1732,NULL,1732,1.00,5.0000,10.0000,5.0000,0.00,'%'),(439,1733,NULL,1733,1.00,5.0000,10.0000,5.0000,0.00,'%'),(440,89,NULL,89,60.00,0.5200,0.6250,0.5200,0.00,'%'),(440,178,NULL,178,66.00,0.6000,0.7500,0.6000,0.00,'%'),(440,179,NULL,179,66.00,0.6000,0.7500,0.6000,0.00,'%'),(440,181,NULL,181,132.00,0.5500,0.7000,0.5500,0.00,'%'),(440,643,NULL,643,150.00,0.2070,0.2500,0.2070,0.00,'%'),(440,823,NULL,823,16.00,3.6500,4.3750,3.6500,0.00,'%'),(441,750,NULL,750,5.00,10.2000,11.0000,10.2000,0.00,'%'),(441,1214,NULL,1214,21.00,1.9000,5.0000,1.9000,0.00,'%'),(442,1734,NULL,1734,17.00,1.5000,2.0000,1.5000,0.00,'%'),(443,717,NULL,717,414.00,0.2500,0.5000,0.2500,0.00,'%'),(444,1049,NULL,1049,20.00,0.7500,0.8750,0.7500,0.00,'%'),(444,1050,NULL,1050,4.00,0.8750,1.0000,0.8750,0.00,'%'),(444,1054,NULL,1054,1.00,0.5000,0.6250,0.5000,0.00,'%'),(444,1055,NULL,1055,18.00,0.7100,0.8750,0.7100,0.00,'%'),(444,1056,NULL,1056,6.00,0.5000,0.7500,0.5000,0.00,'%'),(444,1058,NULL,1058,11.00,1.0000,1.2500,1.0000,0.00,'%'),(444,1061,NULL,1061,6.00,0.5000,0.6250,0.5000,0.00,'%'),(444,1062,NULL,1062,10.00,0.5900,0.7500,0.5900,0.00,'%'),(444,1066,NULL,1066,5.00,0.7500,0.8750,0.7500,0.00,'%'),(444,1068,NULL,1068,9.00,0.5000,0.6250,0.5000,0.00,'%'),(445,1051,NULL,1051,2.00,0.5000,0.6250,0.5000,0.00,'%'),(445,1052,NULL,1052,4.00,0.3000,0.5000,0.3000,0.00,'%'),(445,1067,NULL,1067,12.00,0.5000,0.6250,0.5000,0.00,'%'),(446,503,NULL,503,264.00,0.0190,0.0375,0.0190,0.00,'%'),(447,1632,NULL,1632,260.00,0.0340,0.0650,0.0340,0.00,'%'),(448,1506,NULL,1506,5.00,0.4000,0.6250,0.4000,0.00,'%'),(449,485,NULL,485,344.00,0.0280,0.0375,0.0280,0.00,'%'),(450,593,NULL,593,32.00,0.0250,0.0375,0.0250,0.00,'%'),(450,791,NULL,791,69.00,0.1200,0.1750,0.1200,0.00,'%'),(451,965,NULL,965,88.00,0.1000,0.1250,0.1000,0.00,'%'),(452,939,NULL,939,12.00,0.8600,1.1250,0.8600,0.00,'%'),(453,591,NULL,591,554.00,0.0200,0.0375,0.0200,0.00,'%'),(454,1199,NULL,1199,1.00,6.0000,8.0000,6.0000,0.00,'%'),(455,724,NULL,724,40.00,0.0600,0.0875,0.0600,0.00,'%'),(456,649,NULL,649,100.00,0.8000,1.1250,0.8000,0.00,'%'),(457,601,NULL,601,50.00,0.3050,0.3750,0.3050,0.00,'%'),(458,824,NULL,824,5.00,1.4200,1.7500,1.4200,0.00,'%'),(459,165,NULL,165,1.00,8.5000,10.0000,8.5000,0.00,'%'),(460,462,NULL,462,90.00,0.1200,0.1500,0.1200,0.00,'%'),(461,1505,NULL,1505,286.00,0.0140,0.0250,0.0140,0.00,'%'),(462,893,NULL,893,3.00,1.7500,2.5000,1.7500,0.00,'%'),(463,897,NULL,897,20.00,0.3300,0.4500,0.3300,0.00,'%'),(464,1028,NULL,1028,16.00,0.9500,1.2500,0.9500,0.00,'%'),(465,1506,NULL,1506,30.00,0.4000,0.6250,0.4000,0.00,'%'),(466,1572,NULL,1572,100.00,0.0320,0.1000,0.0320,0.00,'%'),(467,741,NULL,741,40.00,0.3570,0.4500,0.3570,0.00,'%'),(468,224,NULL,224,30.00,0.6400,0.7500,0.6400,0.00,'%'),(469,175,NULL,175,1030.00,0.0100,0.0200,0.0100,0.00,'%'),(470,1735,NULL,1735,88.00,0.0300,0.0375,0.0300,0.00,'%'),(471,1742,NULL,1742,1.00,0.5000,0.8750,0.5000,0.00,'%'),(472,1742,NULL,1742,5.00,0.5000,0.8750,0.5000,0.00,'%'),(473,1742,NULL,1742,6.00,0.5000,0.8750,0.5000,0.00,'%'),(474,767,NULL,767,114.00,0.0052,0.0088,0.0052,0.00,'%'),(474,776,NULL,776,520.00,1.7000,2.0000,1.7000,0.00,'%'),(475,1511,NULL,1511,131.00,0.1000,0.1250,0.1000,0.00,'%'),(476,777,NULL,777,200.00,0.0040,0.0125,0.0040,0.00,'%'),(477,691,NULL,691,1068.00,0.0090,0.0250,0.0090,0.00,'%'),(477,693,NULL,693,161.00,0.0240,0.0630,0.0240,0.00,'%'),(478,1500,NULL,1500,161.00,0.0081,0.0175,0.0081,0.00,'%'),(479,1743,NULL,1743,826.00,0.0300,0.0375,0.0300,0.00,'%'),(480,489,NULL,489,54.00,0.4600,0.5750,0.4600,0.00,'%'),(480,502,NULL,502,190.00,0.0075,0.0500,0.0075,0.00,'%'),(480,645,NULL,645,30.00,0.4500,0.5500,0.4500,0.00,'%'),(481,164,NULL,164,100.00,0.0800,0.1200,0.0800,0.00,'%'),(481,261,NULL,261,160.00,0.0970,0.1250,0.0970,0.00,'%'),(481,413,NULL,413,119.00,0.1000,0.1250,0.1000,0.00,'%'),(481,990,NULL,990,42.00,0.1730,0.2310,0.1730,0.00,'%'),(481,1582,NULL,1582,240.00,0.0500,0.0625,0.0500,0.00,'%'),(481,1603,NULL,1603,150.00,0.2600,0.3750,0.2600,0.00,'%'),(482,203,NULL,203,809.00,0.0100,0.2500,0.0100,0.00,'%'),(483,201,NULL,201,118.00,0.1800,0.2500,0.1800,0.00,'%'),(484,1744,NULL,1744,202.00,0.0400,0.0500,0.0400,0.00,'%'),(485,1745,NULL,1745,287.00,0.1150,0.1250,0.1150,0.00,'%'),(486,743,NULL,743,445.00,0.0150,0.0225,0.0150,0.00,'%'),(487,1746,NULL,1746,135.00,0.0250,0.0500,0.0250,0.00,'%'),(488,1747,NULL,1747,49.00,0.0125,0.0250,0.0125,0.00,'%'),(489,1748,NULL,1748,238.00,0.0110,0.1250,0.0110,0.00,'%'),(490,1501,NULL,1501,128.00,0.0075,0.0175,0.0075,0.00,'%'),(491,692,NULL,692,445.00,0.0090,0.0250,0.0090,0.00,'%'),(492,766,NULL,766,1500.00,0.0050,0.0100,0.0050,0.00,'%'),(493,1749,NULL,1749,500.00,0.0058,0.0100,0.0058,0.00,'%'),(494,1750,NULL,1750,1594.00,0.0058,0.0100,0.0058,0.00,'%'),(495,1751,NULL,1751,610.00,0.0058,0.0100,0.0058,0.00,'%'),(496,1752,NULL,1752,1.00,0.3000,0.3750,0.3000,0.00,'%'),(497,1752,NULL,1752,55.00,0.3000,0.3750,0.3000,0.00,'%'),(498,1753,NULL,1753,2.00,0.4600,0.7500,0.4600,0.00,'%'),(499,1754,NULL,1754,240.00,0.0200,0.0250,0.0200,0.00,'%'),(500,773,NULL,773,230.00,0.0100,0.0250,0.0100,0.00,'%'),(501,775,NULL,775,400.00,0.0090,0.0125,0.0090,0.00,'%'),(502,255,NULL,255,100.00,0.4350,0.5500,0.4350,0.00,'%'),(503,909,NULL,909,60.00,0.4500,0.6250,0.4500,0.00,'%'),(504,718,NULL,718,28.00,0.4750,0.6250,0.4750,0.00,'%'),(505,1755,NULL,1755,7.00,0.5750,0.6250,0.5750,0.00,'%'),(506,1756,NULL,1756,20.00,0.2000,0.2500,0.2000,0.00,'%'),(506,1757,NULL,1757,14.00,0.2000,0.2500,0.2000,0.00,'%'),(506,1758,NULL,1758,1.00,0.2000,0.2500,0.2000,0.00,'%'),(507,1759,NULL,1759,16.00,0.2000,0.2500,0.2000,0.00,'%'),(508,1760,NULL,1760,28.00,0.9000,1.0000,0.9000,0.00,'%'),(508,1761,NULL,1761,7.00,1.9500,2.0000,1.9500,0.00,'%'),(508,1762,NULL,1762,11.00,4.9000,5.0000,4.9000,0.00,'%'),(508,1763,NULL,1763,6.00,9.8000,10.0000,9.8000,0.00,'%'),(508,1764,NULL,1764,9.00,0.9500,1.0000,0.9500,0.00,'%'),(508,1765,NULL,1765,31.00,1.9500,2.0000,1.9500,0.00,'%'),(508,1766,NULL,1766,17.00,4.9000,5.0000,4.9000,0.00,'%'),(508,1767,NULL,1767,9.00,9.8000,10.0000,9.8000,0.00,'%'),(509,1768,NULL,1768,33.00,0.9500,1.0000,0.9500,0.00,'%'),(509,1769,NULL,1769,9.00,1.9500,2.0000,1.9500,0.00,'%'),(509,1770,NULL,1770,7.00,4.9500,5.0000,4.9500,0.00,'%'),(509,1771,NULL,1771,5.00,9.8000,10.0000,9.8000,0.00,'%'),(509,1772,NULL,1772,24.00,0.9500,1.0000,0.9500,0.00,'%'),(509,1773,NULL,1773,4.00,1.9500,2.0000,1.9500,0.00,'%'),(510,1774,NULL,1774,1.00,18.0000,20.0000,18.0000,0.00,'%'),(510,1775,NULL,1775,1.00,18.0000,20.0000,18.0000,0.00,'%'),(511,1050,NULL,1050,5.00,0.8750,1.0000,0.8750,0.00,'%'),(512,1049,NULL,1049,23.00,0.7500,0.8750,0.7500,0.00,'%'),(513,1776,NULL,1776,48.00,0.1200,0.1500,0.1200,0.00,'%'),(514,1777,NULL,1777,3.00,7.0000,8.0000,7.0000,0.00,'%'),(514,1778,NULL,1778,2.00,7.0000,8.0000,7.0000,0.00,'%'),(514,1779,NULL,1779,1.00,7.0000,8.0000,7.0000,0.00,'%'),(514,1780,NULL,1780,1.00,7.0000,8.0000,7.0000,0.00,'%'),(514,1781,NULL,1781,1.00,7.0000,8.0000,7.0000,0.00,'%'),(515,1782,NULL,1782,5.00,5.0000,6.0000,5.0000,0.00,'%'),(516,1783,NULL,1783,2.00,5.0000,6.0000,5.0000,0.00,'%'),(516,1784,NULL,1784,2.00,5.0000,6.0000,5.0000,0.00,'%'),(517,1098,NULL,1098,10.00,2.5000,4.0000,2.5000,0.00,'%'),(518,1098,NULL,1098,1.00,2.5000,4.0000,2.5000,0.00,'%'),(519,1098,NULL,1098,10.00,2.5000,4.0000,2.5000,0.00,'%'),(520,90,NULL,90,1.00,0.1800,0.2500,0.1800,0.00,'%');

UNLOCK TABLES;

/*Table structure for table `sale` */

DROP TABLE IF EXISTS `sale`;

CREATE TABLE `sale` (
  `id` int(11) NOT NULL AUTO_INCREMENT,
  `sale_time` datetime NOT NULL,
  `client_id` int(11) DEFAULT NULL,
  `employee_id` int(11) DEFAULT NULL,
  `sub_total` double(15,4) DEFAULT NULL,
  `payment_type` varchar(255) DEFAULT NULL,
  `status` varchar(20) DEFAULT NULL,
  `remark` text,
  PRIMARY KEY (`id`),
  KEY `FK_sale_emp_id` (`employee_id`),
  KEY `FK_sale_client_id` (`client_id`),
  CONSTRAINT `FK_sale_client_id` FOREIGN KEY (`client_id`) REFERENCES `client` (`id`) ON DELETE CASCADE,
  CONSTRAINT `FK_sale_emp_id` FOREIGN KEY (`employee_id`) REFERENCES `employee` (`id`) ON DELETE CASCADE
) ENGINE=InnoDB AUTO_INCREMENT=797 DEFAULT CHARSET=utf8;

/*Data for the table `sale` */

LOCK TABLES `sale` WRITE;

insert  into `sale`(`id`,`sale_time`,`client_id`,`employee_id`,`sub_total`,`payment_type`,`status`,`remark`) values (789,'2014-01-07 14:36:59',40,38,0.4900,'Cash: 0<br />',NULL,NULL),(790,'2014-01-07 14:38:18',40,38,3.4000,'Cash: 0<br />',NULL,NULL),(791,'2014-01-07 14:40:50',40,38,0.4375,'Cash: 0<br />',NULL,NULL),(792,'2014-01-07 14:59:51',40,38,0.3700,'Cash: 0<br />',NULL,NULL),(793,'2014-01-07 15:00:22',40,38,0.3375,'Cash: 0<br />',NULL,NULL),(794,'2014-01-11 09:51:18',NULL,38,3.3750,'Cash: 0<br />',NULL,NULL),(795,'2014-01-11 09:51:47',40,38,0.3375,'Cash: 0<br />',NULL,NULL),(796,'2014-01-11 09:52:16',40,38,1.1500,'Cash: 1<br />',NULL,NULL);

UNLOCK TABLES;

/*Table structure for table `sale_amount` */

DROP TABLE IF EXISTS `sale_amount`;

CREATE TABLE `sale_amount` (
  `id` int(11) NOT NULL AUTO_INCREMENT,
  `sale_id` int(11) NOT NULL,
  `sub_total` decimal(15,4) DEFAULT NULL,
  `tax_total` decimal(15,4) DEFAULT NULL,
  `total` decimal(15,4) DEFAULT NULL,
  `paid` decimal(15,4) DEFAULT NULL,
  `balance` decimal(15,4) DEFAULT NULL,
  PRIMARY KEY (`id`),
  UNIQUE KEY `FK_sale_amount_salie_id` (`sale_id`),
  CONSTRAINT `FK_sale_amount_sale_id` FOREIGN KEY (`sale_id`) REFERENCES `sale` (`id`) ON DELETE CASCADE
) ENGINE=InnoDB AUTO_INCREMENT=38 DEFAULT CHARSET=utf8;

/*Data for the table `sale_amount` */

LOCK TABLES `sale_amount` WRITE;

insert  into `sale_amount`(`id`,`sale_id`,`sub_total`,`tax_total`,`total`,`paid`,`balance`) values (32,791,'0.4375',NULL,'0.4375','0.4375','0.0000'),(33,792,'0.3700',NULL,'0.3700','0.0000','0.3700'),(34,793,'0.3375',NULL,'0.3375','0.3375','0.0000'),(35,794,'3.3750',NULL,'3.3750','0.0000','3.3750'),(36,795,'0.3375',NULL,'0.3375','0.3375','0.0000'),(37,796,'1.1500',NULL,'1.1500','1.1500','0.0000');

UNLOCK TABLES;

/*Table structure for table `sale_item` */

DROP TABLE IF EXISTS `sale_item`;

CREATE TABLE `sale_item` (
  `sale_id` int(11) NOT NULL,
  `item_id` int(11) NOT NULL,
  `description` text,
  `line` int(11) DEFAULT NULL,
  `quantity` double(15,2) DEFAULT NULL,
  `cost_price` double(15,4) DEFAULT NULL,
  `unit_price` double(15,4) DEFAULT NULL,
  `price` double(15,4) DEFAULT NULL,
  `discount_amount` double(15,2) DEFAULT NULL,
  `discount_type` varchar(2) DEFAULT '%',
  PRIMARY KEY (`sale_id`,`item_id`),
  KEY `FK_sale_item_item_id` (`item_id`),
  CONSTRAINT `FK_sale_item_item_id` FOREIGN KEY (`item_id`) REFERENCES `item` (`id`) ON DELETE CASCADE,
  CONSTRAINT `FK_sale_item_sale_id` FOREIGN KEY (`sale_id`) REFERENCES `sale` (`id`) ON DELETE CASCADE
) ENGINE=InnoDB DEFAULT CHARSET=utf8;

/*Data for the table `sale_item` */

LOCK TABLES `sale_item` WRITE;

insert  into `sale_item`(`sale_id`,`item_id`,`description`,`line`,`quantity`,`cost_price`,`unit_price`,`price`,`discount_amount`,`discount_type`) values (789,90,NULL,90,1.00,0.1800,0.2500,0.2500,0.00,'%'),(789,92,NULL,92,1.00,0.0800,0.1200,0.1200,0.00,'%'),(789,103,NULL,103,1.00,0.0800,0.1200,0.1200,0.00,'%'),(790,90,NULL,90,10.00,0.1800,0.2500,0.2500,0.00,'%'),(790,158,NULL,158,10.00,0.0700,0.0900,0.0900,0.00,'%'),(791,90,NULL,90,1.00,0.1800,0.2500,0.2500,0.00,'%'),(791,91,NULL,91,1.00,0.0600,0.1000,0.1000,0.00,'%'),(791,160,NULL,160,1.00,0.0700,0.0875,0.0875,0.00,'%'),(792,90,NULL,90,1.00,0.1800,0.2500,0.2500,0.00,'%'),(792,92,NULL,92,1.00,0.0800,0.1200,0.1200,0.00,'%'),(793,90,NULL,90,1.00,0.1800,0.2500,0.2500,0.00,'%'),(793,160,NULL,160,1.00,0.0700,0.0875,0.0875,0.00,'%'),(794,90,NULL,90,10.00,0.1800,0.2500,0.2500,0.00,'%'),(794,160,NULL,160,10.00,0.0700,0.0875,0.0875,0.00,'%'),(795,90,NULL,90,1.00,0.1800,0.2500,0.2500,0.00,'%'),(795,160,NULL,160,1.00,0.0700,0.0875,0.0875,0.00,'%'),(796,90,NULL,90,1.00,0.1800,0.2500,0.2500,0.00,'%'),(796,158,NULL,158,10.00,0.0700,0.0900,0.0900,0.00,'%');

UNLOCK TABLES;

/*Table structure for table `sale_payment` */

DROP TABLE IF EXISTS `sale_payment`;

CREATE TABLE `sale_payment` (
  `id` int(11) NOT NULL AUTO_INCREMENT,
  `sale_id` int(11) NOT NULL,
  `payment_type` varchar(40) DEFAULT NULL,
  `payment_amount` double NOT NULL,
  `give_away` double DEFAULT NULL,
  `date_paid` datetime DEFAULT NULL,
  `note` text,
  `modified_date` datetime NOT NULL,
  PRIMARY KEY (`id`),
  KEY `FK_sale_payment_sale_id` (`sale_id`),
  CONSTRAINT `FK_sale_payment_sale_id` FOREIGN KEY (`sale_id`) REFERENCES `sale` (`id`) ON DELETE CASCADE
) ENGINE=InnoDB AUTO_INCREMENT=7 DEFAULT CHARSET=utf8;

/*Data for the table `sale_payment` */

LOCK TABLES `sale_payment` WRITE;

insert  into `sale_payment`(`id`,`sale_id`,`payment_type`,`payment_amount`,`give_away`,`date_paid`,`note`,`modified_date`) values (1,791,'Cash',0.4375,NULL,'2014-01-07 15:04:41',NULL,'2014-01-07 15:04:47'),(2,793,'Cash',0.1,NULL,'2014-01-07 15:04:41',NULL,'2014-01-07 15:04:48'),(3,793,'Cash',0.2375,NULL,'2014-01-07 15:05:16',NULL,'2014-01-07 15:05:19'),(4,796,'Cash',1,NULL,'2014-01-11 09:52:16',NULL,'2014-01-11 09:52:16'),(5,795,'Cash',0.3375,NULL,'2014-01-11 09:52:59',NULL,'2014-01-11 09:53:05'),(6,796,'Cash',0.15,NULL,'2014-01-11 09:52:59',NULL,'2014-01-11 09:53:05');

UNLOCK TABLES;

/*Table structure for table `sale_payment_header` */

DROP TABLE IF EXISTS `sale_payment_header`;

CREATE TABLE `sale_payment_header` (
  `id` int(11) NOT NULL AUTO_INCREMENT,
  `amount` decimal(15,2) NOT NULL,
  `employee_id` int(11) DEFAULT NULL,
  `date_paid` datetime DEFAULT NULL,
  PRIMARY KEY (`id`),
  KEY `FK_sale_payment_receipt_emp_id` (`employee_id`),
  CONSTRAINT `FK_sale_payment_receipt_emp_id` FOREIGN KEY (`employee_id`) REFERENCES `employee` (`id`)
) ENGINE=InnoDB DEFAULT CHARSET=utf8;

/*Data for the table `sale_payment_header` */

LOCK TABLES `sale_payment_header` WRITE;

UNLOCK TABLES;

/*Table structure for table `sale_suspended` */

DROP TABLE IF EXISTS `sale_suspended`;

CREATE TABLE `sale_suspended` (
  `id` int(11) NOT NULL AUTO_INCREMENT,
  `sale_time` datetime NOT NULL,
  `client_id` int(11) DEFAULT NULL,
  `employee_id` int(11) DEFAULT NULL,
  `sub_total` double(15,4) DEFAULT NULL,
  `payment_type` varchar(255) DEFAULT NULL,
  `remark` text,
  PRIMARY KEY (`id`),
  KEY `FK_sale_suspended_client_id` (`client_id`),
  CONSTRAINT `FK_sale_suspended_client_id` FOREIGN KEY (`client_id`) REFERENCES `client` (`id`)
) ENGINE=InnoDB DEFAULT CHARSET=utf8;

/*Data for the table `sale_suspended` */

LOCK TABLES `sale_suspended` WRITE;

UNLOCK TABLES;

/*Table structure for table `sale_suspended_item` */

DROP TABLE IF EXISTS `sale_suspended_item`;

CREATE TABLE `sale_suspended_item` (
  `sale_id` int(11) NOT NULL,
  `item_id` int(11) NOT NULL,
  `description` text,
  `line` int(11) DEFAULT NULL,
  `quantity` double(15,2) DEFAULT NULL,
  `cost_price` double(15,4) DEFAULT NULL,
  `unit_price` double(15,4) DEFAULT NULL,
  `price` double(15,4) DEFAULT NULL,
  `discount_amount` double(15,2) DEFAULT NULL,
  `discount_type` varchar(2) DEFAULT '%',
  KEY `FK_sale_suspended_item_sale_id` (`sale_id`),
  KEY `FK_sale_suspended_item_item_id` (`item_id`),
  CONSTRAINT `FK_sale_suspended_item_item_id` FOREIGN KEY (`item_id`) REFERENCES `item` (`id`) ON DELETE CASCADE,
  CONSTRAINT `FK_sale_suspended_item_sale_id` FOREIGN KEY (`sale_id`) REFERENCES `sale_suspended` (`id`) ON DELETE CASCADE
) ENGINE=InnoDB DEFAULT CHARSET=utf8;

/*Data for the table `sale_suspended_item` */

LOCK TABLES `sale_suspended_item` WRITE;

UNLOCK TABLES;

/*Table structure for table `sale_suspended_payment` */

DROP TABLE IF EXISTS `sale_suspended_payment`;

CREATE TABLE `sale_suspended_payment` (
  `sale_id` int(11) NOT NULL,
  `payment_type` varchar(40) NOT NULL,
  `payment_amount` double NOT NULL,
  PRIMARY KEY (`sale_id`,`payment_type`),
  CONSTRAINT `FK_sale_suspended_payment` FOREIGN KEY (`sale_id`) REFERENCES `sale_suspended` (`id`) ON DELETE CASCADE
) ENGINE=InnoDB DEFAULT CHARSET=utf8;

/*Data for the table `sale_suspended_payment` */

LOCK TABLES `sale_suspended_payment` WRITE;

UNLOCK TABLES;

/*Table structure for table `settings` */

DROP TABLE IF EXISTS `settings`;

CREATE TABLE `settings` (
  `id` int(11) NOT NULL AUTO_INCREMENT,
  `category` varchar(64) NOT NULL DEFAULT 'system',
  `key` varchar(255) NOT NULL,
  `value` text NOT NULL,
  PRIMARY KEY (`id`),
  KEY `category_key` (`category`,`key`)
) ENGINE=InnoDB AUTO_INCREMENT=12 DEFAULT CHARSET=utf8;

/*Data for the table `settings` */

LOCK TABLES `settings` WRITE;

insert  into `settings`(`id`,`category`,`key`,`value`) values (1,'site','companyName','s:8:\"Sea Food\";'),(2,'site','companyAddress','s:56:\"#112, Street No 1, Sangkat Veal Sbov, Khan Mean Chey, PP\";'),(3,'site','companyPhone','s:9:\"XXXXXXXXX\";'),(4,'site','currencySymbol','s:3:\"USD\";'),(5,'site','email','s:14:\"yoyo@gmail.com\";'),(6,'site','returnPolicy','s:93:\"ទំនិញដែលទិញហើយមិនអាចដូរវិញបានទេ\";'),(7,'site','language','s:5:\"th_th\";'),(9,'exchange_rate','USD2THB','s:2:\"33\";'),(10,'exchange_rate','THB2KHR','s:3:\"100\";'),(11,'exchange_rate','USD2KHR','s:4:\"4000\";');

UNLOCK TABLES;

/*Table structure for table `supplier` */

DROP TABLE IF EXISTS `supplier`;

CREATE TABLE `supplier` (
  `id` int(11) NOT NULL AUTO_INCREMENT,
  `company_name` varchar(60) NOT NULL,
  `first_name` varchar(30) NOT NULL,
  `last_name` varchar(30) NOT NULL,
  `mobile_no` varchar(20) DEFAULT NULL,
  `address1` varchar(50) DEFAULT NULL,
  `address2` varchar(50) DEFAULT NULL,
  `city_id` int(11) DEFAULT NULL,
  `country_code` varchar(3) DEFAULT NULL,
  `email` varchar(30) DEFAULT NULL,
  `notes` text,
  PRIMARY KEY (`id`)
) ENGINE=InnoDB AUTO_INCREMENT=31 DEFAULT CHARSET=utf8;

/*Data for the table `supplier` */

LOCK TABLES `supplier` WRITE;

insert  into `supplier`(`id`,`company_name`,`first_name`,`last_name`,`mobile_no`,`address1`,`address2`,`city_id`,`country_code`,`email`,`notes`) values (2,'Apsara','sell','sell','023 210 442 ','096 623 1804',NULL,NULL,NULL,NULL,'New sale'),(3,'Toul Eiffel','sell','sell','012 311 365','012 955 493','023 211 216',NULL,NULL,NULL,NULL),(4,'Alliance','Sell','Sell','012766907',NULL,NULL,NULL,NULL,NULL,NULL),(5,'Arun Reasmey','Sell','Sell','069 888 981','069 666 625',NULL,NULL,NULL,NULL,NULL),(6,'MEGA','Sell','Sell','012 837 175','017 853 863','012 829 918',NULL,NULL,NULL,NULL),(7,'Chea Chomnan','sell','Sell','011999263','099 767 699','023 214 999',NULL,NULL,NULL,NULL),(8,'Reel IH','RITA','kouch','066 667 790','066 778 800',NULL,NULL,NULL,NULL,NULL),(9,'A B Pharmar ZPC','Hong','Hong','089 467 778','023 219 339',NULL,NULL,NULL,NULL,NULL),(10,'Medico ','Dara','Dara','012 945 310','023 721 508','023 214 911',NULL,NULL,NULL,NULL),(11,'Master Pharma','Sell','Sell','012 916 417','023 213 377',NULL,NULL,NULL,NULL,NULL),(12,'Ratanak Ratana','Mesa','010 517 775','023 885 450',NULL,NULL,NULL,NULL,NULL,NULL),(13,'Kong Veng Heng','Sell','Sell','097 261 2636','012 828 409',NULL,NULL,NULL,NULL,NULL),(14,'CYS Pharma','sell','Sell','023 218 496','012 957 627',NULL,NULL,NULL,NULL,NULL),(15,'DKSH','Touch','Touch','068 368 184','023 212 838',NULL,NULL,NULL,NULL,NULL),(16,'OLIGO Trading ','Sell','Sell','011 685 222','023 885 417',NULL,NULL,NULL,NULL,'Malizia'),(17,'Tera Pharm','Mony','Mony','012 339 227','023 210 483',NULL,NULL,NULL,NULL,NULL),(18,'BDESH','Sell','Sell','012 875 662','023 213 410',NULL,NULL,NULL,NULL,NULL),(19,'Khunaco','Sell','Sell','078 704 740','023 218 158',NULL,NULL,NULL,NULL,NULL),(20,'T N P Health Care ','Sell','Sell','023 997 997',NULL,NULL,NULL,NULL,NULL,'Thia medicine'),(21,'Cotton sale','sale','sale','012 429 144',NULL,NULL,NULL,NULL,NULL,NULL),(22,'Punleu Pich','Hear Tikear','sale','012 392 233',NULL,NULL,NULL,NULL,NULL,NULL),(23,'Chè Msao','sale','sale','011 931 599',NULL,NULL,NULL,NULL,NULL,NULL),(24,'Medical Supply','Sell','Sell',NULL,NULL,NULL,NULL,NULL,NULL,NULL),(25,'Mohosoth ','Lay','Chhong','012 770 123',NULL,NULL,NULL,NULL,NULL,NULL),(26,'Ephac','sell','sell','092 401 037',NULL,NULL,NULL,NULL,NULL,NULL),(27,'LHS','Sarith','Heak','095 988 331','023 218 112','',NULL,NULL,NULL,'Thai Medicin'),(28,'CPE','SELL','CHAMPA','023 424 409','023 424 408','',NULL,NULL,NULL,''),(29,'USA PERFUM','ALI','WOOD','','','',NULL,NULL,NULL,'USA'),(30,'Thai Bangkok product','EAM SENG ','TANG','','','',NULL,NULL,NULL,'');

UNLOCK TABLES;

/*!40101 SET SQL_MODE=@OLD_SQL_MODE */;
/*!40014 SET FOREIGN_KEY_CHECKS=@OLD_FOREIGN_KEY_CHECKS */;
/*!40014 SET UNIQUE_CHECKS=@OLD_UNIQUE_CHECKS */;
/*!40111 SET SQL_NOTES=@OLD_SQL_NOTES */;
